window_id,timestamp,resource_id,resource_type,cpu_mean,cpu_max,cpu_std,cpu_trend,memory_pct_mean,memory_pct_max,memory_pct_trend,iowait_mean,iowait_max,net_io_mb_s,temp_max_c,is_anomaly,anomaly_type,incident_id
W000001,2026-09-02T00:00:00,node:dl380-01,node,19.14,22.02,3.25,1.13,49.76,50.45,0.05,0.24,1.03,3.11,44.72,0,normal,
W000002,2026-09-02T00:00:00,node:dl360-04,node,17.79,23.99,3.63,0.56,46.72,49.09,-0.38,0.48,1.26,5.12,45.38,0,normal,
W000003,2026-09-02T00:00:00,node:srvzy,node,12.35,17.89,2.07,-0.42,41.23,43.59,0.17,0.39,2.04,4.45,40.63,0,normal,
W000004,2026-09-02T00:00:00,guest:100_AD-Zentyal,guest,8.22,16.07,3.63,-0.14,61.76,62.93,0.26,0.45,1.47,3.67,37.75,0,normal,
W000005,2026-09-02T00:00:00,guest:101_win11,guest,13.48,20.14,3.37,0.27,57.49,59.56,0.12,0.43,0.64,4.71,36.7,0,normal,
W000006,2026-09-02T00:00:00,guest:402_NS1,guest,2.84,8.01,3.99,-1.04,35.01,35.33,-0.13,0.33,1.37,7.8,38.59,0,normal,
W000007,2026-09-02T00:30:00,node:dl380-01,node,16.85,21.46,3.36,-0.23,50.97,51.84,-0.37,0.4,1.26,7.74,42.76,0,normal,
W000008,2026-09-02T00:30:00,node:dl360-04,node,15.63,23.5,2.19,0.55,47.08,48.71,-0.15,0.06,1.06,4.26,46.42,0,normal,
W000009,2026-09-02T00:30:00,node:srvzy,node,9.75,17.09,3.17,-0.12,39.51,41.43,-0.67,0.01,0.28,2.68,42.0,0,normal,
W000010,2026-09-02T00:30:00,guest:100_AD-Zentyal,guest,7.9,12.77,3.8,-0.43,64.6,65.66,-0.08,0.11,0.77,8.19,34.81,0,normal,
W000011,2026-09-02T00:30:00,guest:101_win11,guest,14.59,21.31,1.91,-1.74,56.4,57.87,0.09,0.3,1.75,4.95,35.87,0,normal,
W000012,2026-09-02T00:30:00,guest:402_NS1,guest,5.7,12.36,3.86,1.0,33.91,37.37,-0.48,0.17,0.6,4.5,35.34,0,normal,
W000018,2026-09-02T01:00:00,guest:402_NS1,guest,2.0,3.9,4.15,2.07,32.75,34.36,0.58,0.08,0.52,7.1,36.51,0,normal,
W000016,2026-09-02T01:00:00,guest:100_AD-Zentyal,guest,7.11,15.91,2.88,-0.19,62.99,64.34,0.18,0.21,0.52,1.34,37.36,0,normal,
W000017,2026-09-02T01:00:00,guest:101_win11,guest,17.8,24.28,2.38,0.34,58.42,60.64,-0.16,0.52,1.49,9.78,37.38,0,normal,
W000014,2026-09-02T01:00:00,node:dl360-04,node,15.21,18.77,2.08,-0.73,47.81,50.88,0.06,0.27,0.65,0.15,45.37,0,normal,
W000015,2026-09-02T01:00:00,node:srvzy,node,7.08,18.39,2.63,1.18,39.17,39.98,-0.39,0.15,1.81,2.71,42.36,0,normal,
W000013,2026-09-02T01:00:00,node:dl380-01,node,19.5,24.83,1.03,-1.22,53.63,56.47,0.8,0.88,1.85,2.2,39.9,0,normal,
W000023,2026-09-02T01:30:00,guest:101_win11,guest,6.12,7.72,4.63,-1.54,54.09,57.93,1.16,0.07,0.72,6.2,39.7,0,normal,
W000022,2026-09-02T01:30:00,guest:100_AD-Zentyal,guest,8.21,15.15,3.71,-0.87,61.89,62.04,-0.07,0.09,0.68,2.54,36.96,0,normal,
W000024,2026-09-02T01:30:00,guest:402_NS1,guest,2.0,7.26,3.28,0.52,32.39,34.26,-0.55,0.25,0.95,5.87,36.27,0,normal,
W000020,2026-09-02T01:30:00,node:dl360-04,node,13.1,21.85,1.17,0.04,47.2,48.87,0.4,0.41,1.74,4.71,45.06,0,normal,
W000019,2026-09-02T01:30:00,node:dl380-01,node,17.25,22.76,2.84,1.69,53.23,55.88,-0.82,0.29,0.75,1.51,41.78,0,normal,
W000021,2026-09-02T01:30:00,node:srvzy,node,6.49,13.22,2.68,-1.3,40.23,42.46,1.01,0.68,1.13,4.31,38.91,0,normal,
W000025,2026-09-02T02:00:00,node:dl380-01,node,84.58,87.58,1.2,0.1,53.1,55.1,-0.29,0.36,1.12,11.28,45.36,0,normal,
W000026,2026-09-02T02:00:00,node:dl360-04,node,11.33,13.99,3.69,0.32,48.86,49.12,0.37,0.39,0.75,3.59,46.4,0,normal,
W000027,2026-09-02T02:00:00,node:srvzy,node,7.18,12.31,2.4,-0.3,40.27,43.75,-1.03,0.25,1.12,5.89,40.44,0,normal,
W000028,2026-09-02T02:00:00,guest:100_AD-Zentyal,guest,3.85,10.84,4.23,-1.84,64.55,66.23,-0.02,0.09,0.76,8.9,37.87,0,normal,
W000029,2026-09-02T02:00:00,guest:101_win11,guest,18.06,27.6,2.94,2.09,56.79,59.62,-0.12,0.31,0.83,7.97,35.23,0,normal,
W000030,2026-09-02T02:00:00,guest:402_NS1,guest,6.74,12.17,3.67,0.9,36.28,39.01,-0.63,0.29,0.62,3.45,39.27,0,normal,
W000035,2026-09-02T02:30:00,guest:101_win11,guest,11.28,11.29,4.1,-0.55,56.19,59.5,-0.64,0.05,0.21,2.62,37.66,0,normal,
W000036,2026-09-02T02:30:00,guest:402_NS1,guest,5.83,12.66,1.09,-2.77,33.1,34.63,0.18,0.44,1.3,7.28,37.34,0,normal,
W000034,2026-09-02T02:30:00,guest:100_AD-Zentyal,guest,15.19,18.95,1.68,0.24,64.52,66.53,0.53,0.47,1.61,6.66,40.49,0,normal,
W000032,2026-09-02T02:30:00,node:dl360-04,node,15.45,26.3,0.5,-0.71,49.06,49.48,0.59,0.37,1.51,3.29,47.22,0,normal,
W000031,2026-09-02T02:30:00,node:dl380-01,node,84.11,87.11,1.2,0.1,50.81,52.14,0.12,0.53,1.57,1.87,43.46,0,normal,
W000033,2026-09-02T02:30:00,node:srvzy,node,10.74,17.44,2.73,0.32,38.45,40.3,-0.06,0.38,1.58,1.82,40.81,0,normal,
W000037,2026-09-02T03:00:00,node:dl380-01,node,82.06,85.06,1.2,0.1,54.55,56.15,0.21,0.25,1.0,7.66,40.11,0,normal,
W000038,2026-09-02T03:00:00,node:dl360-04,node,9.08,10.09,1.82,0.9,47.56,49.75,0.44,0.57,1.34,9.23,46.24,0,normal,
W000039,2026-09-02T03:00:00,node:srvzy,node,4.34,8.56,1.02,-1.07,39.42,42.23,0.69,0.02,0.98,2.05,41.81,0,normal,
W000040,2026-09-02T03:00:00,guest:100_AD-Zentyal,guest,9.81,10.32,3.43,-0.73,62.11,63.04,-0.26,0.39,1.11,6.16,37.65,0,normal,
W000041,2026-09-02T03:00:00,guest:101_win11,guest,16.89,21.87,1.02,1.28,55.47,58.59,0.15,0.27,1.21,11.02,40.22,0,normal,
W000042,2026-09-02T03:00:00,guest:402_NS1,guest,4.52,11.0,3.58,-1.01,33.67,35.64,0.13,0.13,0.3,1.05,35.43,0,normal,
W000047,2026-09-02T03:30:00,guest:101_win11,guest,6.81,11.92,2.6,-0.1,57.49,59.84,0.27,0.16,1.32,10.06,35.65,0,normal,
W000048,2026-09-02T03:30:00,guest:402_NS1,guest,2.0,12.01,2.31,1.68,32.27,35.73,0.05,0.35,1.78,4.09,35.69,0,normal,
W000046,2026-09-02T03:30:00,guest:100_AD-Zentyal,guest,5.04,15.13,3.4,-0.86,60.36,61.33,-0.22,0.78,1.76,3.49,37.8,0,normal,
W000043,2026-09-02T03:30:00,node:dl380-01,node,85.6,88.6,1.2,0.1,51.34,53.68,-0.16,0.24,1.12,7.03,42.59,0,normal,
W000044,2026-09-02T03:30:00,node:dl360-04,node,10.28,16.29,5.1,0.27,50.65,52.74,0.23,0.29,1.02,2.83,46.75,0,normal,
W000045,2026-09-02T03:30:00,node:srvzy,node,4.29,12.29,3.59,0.44,39.55,42.01,-0.12,0.49,0.55,4.16,38.12,0,normal,
W000054,2026-09-02T04:00:00,guest:402_NS1,guest,2.14,8.85,4.11,-1.47,33.72,37.54,-0.66,0.04,0.67,4.11,38.62,0,normal,
W000053,2026-09-02T04:00:00,guest:101_win11,guest,17.75,27.49,2.25,0.44,51.93,52.77,-0.12,0.09,1.17,11.66,35.64,0,normal,
W000052,2026-09-02T04:00:00,guest:100_AD-Zentyal,guest,13.66,19.18,1.85,0.66,63.61,64.16,-0.03,0.35,0.79,6.24,35.22,0,normal,
W000049,2026-09-02T04:00:00,node:dl380-01,node,16.5,23.86,0.93,0.76,52.3,55.45,-0.96,0.14,0.27,3.19,43.77,0,normal,
W000050,2026-09-02T04:00:00,node:dl360-04,node,14.44,19.68,2.34,0.24,46.45,49.16,0.27,0.38,1.4,6.56,49.45,0,normal,
W000051,2026-09-02T04:00:00,node:srvzy,node,7.77,12.85,1.75,-1.24,38.03,39.14,-0.03,0.37,1.19,3.37,42.75,0,normal,
W000059,2026-09-02T04:30:00,guest:101_win11,guest,20.26,26.77,2.16,-0.17,57.38,57.64,0.07,0.22,1.76,5.15,39.9,0,normal,
W000055,2026-09-02T04:30:00,node:dl380-01,node,18.92,19.59,3.02,-0.69,55.56,56.93,-0.25,0.41,1.51,7.01,40.87,0,normal,
W000056,2026-09-02T04:30:00,node:dl360-04,node,16.95,19.85,2.74,-1.71,49.07,50.26,-0.51,0.44,1.34,3.83,48.58,0,normal,
W000057,2026-09-02T04:30:00,node:srvzy,node,6.53,12.63,2.77,-0.74,41.12,42.58,-0.16,0.57,0.96,1.57,43.82,0,normal,
W000058,2026-09-02T04:30:00,guest:100_AD-Zentyal,guest,19.99,24.78,0.56,-0.37,62.75,64.56,-0.45,0.42,1.43,1.19,38.45,0,normal,
W000060,2026-09-02T04:30:00,guest:402_NS1,guest,2.0,9.76,2.82,-1.04,33.59,36.8,-0.13,0.04,0.83,2.96,36.89,0,normal,
W000065,2026-09-02T05:00:00,guest:101_win11,guest,13.57,21.51,2.49,0.84,54.72,56.71,-0.08,0.06,0.23,8.52,37.35,0,normal,
W000066,2026-09-02T05:00:00,guest:402_NS1,guest,2.77,8.48,3.63,-2.74,30.89,31.97,0.58,0.36,1.46,3.04,36.2,0,normal,
W000064,2026-09-02T05:00:00,guest:100_AD-Zentyal,guest,8.97,12.22,2.3,1.34,63.14,64.11,-0.02,0.51,0.92,3.73,38.72,0,normal,
W000061,2026-09-02T05:00:00,node:dl380-01,node,19.06,19.94,0.88,0.58,52.64,53.21,0.31,0.35,0.87,2.51,45.13,0,normal,
W000062,2026-09-02T05:00:00,node:dl360-04,node,17.57,30.71,2.92,0.47,48.29,51.1,0.25,0.55,1.14,5.16,46.16,0,normal,
W000063,2026-09-02T05:00:00,node:srvzy,node,12.11,22.61,2.04,-0.51,41.15,42.91,0.38,0.15,0.62,4.12,38.4,0,normal,
W000067,2026-09-02T05:30:00,node:dl380-01,node,20.91,27.09,3.05,-0.23,54.09,56.24,0.31,0.46,0.61,0.28,45.38,0,normal,
W000068,2026-09-02T05:30:00,node:dl360-04,node,20.5,23.44,0.64,0.12,50.26,54.06,0.21,0.23,0.67,6.5,46.43,0,normal,
W000069,2026-09-02T05:30:00,node:srvzy,node,5.79,17.94,4.29,1.36,38.93,41.78,0.26,0.39,1.69,8.37,42.99,0,normal,
W000070,2026-09-02T05:30:00,guest:100_AD-Zentyal,guest,14.57,21.59,0.72,0.1,62.58,63.3,0.67,0.65,1.99,7.23,39.9,0,normal,
W000071,2026-09-02T05:30:00,guest:101_win11,guest,14.39,20.99,1.41,0.48,56.69,57.39,-0.02,0.28,1.8,9.15,37.9,0,normal,
W000072,2026-09-02T05:30:00,guest:402_NS1,guest,7.21,13.35,2.3,-1.3,33.31,34.57,-0.5,0.4,1.36,1.1,37.69,0,normal,
W000073,2026-09-02T06:00:00,node:dl380-01,node,24.48,33.66,3.53,0.05,52.48,53.4,0.14,0.38,1.69,10.8,44.3,0,normal,
W000074,2026-09-02T06:00:00,node:dl360-04,node,13.65,18.69,2.72,-0.24,47.96,50.21,-0.2,0.17,1.1,6.29,47.87,0,normal,
W000075,2026-09-02T06:00:00,node:srvzy,node,11.96,14.54,2.02,1.73,38.91,39.02,-0.74,0.31,1.12,7.15,44.32,0,normal,
W000076,2026-09-02T06:00:00,guest:100_AD-Zentyal,guest,4.65,11.83,4.06,-1.35,63.32,64.56,-0.36,0.23,1.61,13.01,38.0,0,normal,
W000077,2026-09-02T06:00:00,guest:101_win11,guest,22.67,28.77,4.25,-0.11,57.24,59.6,1.27,0.47,0.99,10.41,37.96,0,normal,
W000078,2026-09-02T06:00:00,guest:402_NS1,guest,6.29,15.01,2.53,0.33,34.03,36.36,0.17,0.09,1.15,4.55,36.34,0,normal,
W000084,2026-09-02T06:30:00,guest:402_NS1,guest,9.85,19.94,0.62,-0.38,32.44,34.56,-0.23,0.27,1.82,6.99,39.12,0,normal,
W000083,2026-09-02T06:30:00,guest:101_win11,guest,15.21,17.38,2.57,-1.29,55.65,58.04,0.22,0.18,1.37,10.97,40.65,0,normal,
W000082,2026-09-02T06:30:00,guest:100_AD-Zentyal,guest,17.67,21.64,1.64,0.57,61.24,63.63,0.04,0.27,1.71,5.63,41.59,0,normal,
W000080,2026-09-02T06:30:00,node:dl360-04,node,18.22,18.54,0.54,-0.01,48.6,50.5,-0.01,0.35,1.52,4.17,45.74,0,normal,
W000081,2026-09-02T06:30:00,node:srvzy,node,7.17,14.04,3.74,-0.52,36.5,36.79,-0.33,0.19,0.83,7.62,42.03,0,normal,
W000079,2026-09-02T06:30:00,node:dl380-01,node,20.8,27.05,1.81,1.0,51.58,53.18,-0.23,0.29,1.2,4.48,45.59,0,normal,
W000085,2026-09-02T07:00:00,node:dl380-01,node,22.12,28.34,2.51,0.54,56.58,60.23,0.12,0.42,0.76,8.44,46.63,0,normal,
W000086,2026-09-02T07:00:00,node:dl360-04,node,22.96,29.6,3.39,0.59,51.64,53.93,-0.14,0.37,0.74,9.85,42.75,0,normal,
W000087,2026-09-02T07:00:00,node:srvzy,node,6.9,14.25,2.98,-1.39,40.2,43.57,-0.19,0.75,1.55,9.93,45.65,0,normal,
W000088,2026-09-02T07:00:00,guest:100_AD-Zentyal,guest,16.39,19.38,2.39,-0.04,62.03,63.77,-0.3,0.48,1.3,7.86,39.06,0,normal,
W000089,2026-09-02T07:00:00,guest:101_win11,guest,18.71,26.56,1.5,-1.25,59.47,61.06,-0.57,0.39,1.37,4.11,39.57,0,normal,
W000090,2026-09-02T07:00:00,guest:402_NS1,guest,12.5,19.63,3.13,-1.69,35.08,36.78,-0.19,0.47,1.87,14.09,41.2,0,normal,
W000096,2026-09-02T07:30:00,guest:402_NS1,guest,11.46,13.74,2.3,0.13,38.88,39.51,0.59,0.33,1.29,9.06,39.89,0,normal,
W000094,2026-09-02T07:30:00,guest:100_AD-Zentyal,guest,16.06,22.04,3.55,1.43,64.85,66.35,0.19,0.19,0.99,11.66,38.39,0,normal,
W000095,2026-09-02T07:30:00,guest:101_win11,guest,20.75,28.78,1.55,1.17,58.74,60.84,-0.3,0.13,0.71,10.33,37.79,0,normal,
W000093,2026-09-02T07:30:00,node:srvzy,node,13.11,18.29,2.16,0.74,42.09,44.41,0.16,0.42,0.47,7.61,39.95,0,normal,
W000091,2026-09-02T07:30:00,node:dl380-01,node,22.55,29.6,3.27,0.15,54.72,57.54,-0.02,0.15,0.79,10.61,45.23,0,normal,
W000092,2026-09-02T07:30:00,node:dl360-04,node,21.12,29.13,2.13,0.91,50.16,50.93,0.58,0.2,0.34,5.57,46.69,0,normal,
W000097,2026-09-02T08:00:00,node:dl380-01,node,24.46,34.82,2.04,1.36,53.84,55.78,-0.43,0.39,1.77,9.77,45.7,0,normal,
W000098,2026-09-02T08:00:00,node:dl360-04,node,18.1,23.41,0.91,-1.1,50.41,53.73,1.12,0.18,1.56,10.73,48.77,0,normal,
W000099,2026-09-02T08:00:00,node:srvzy,node,16.51,22.7,2.61,-0.49,39.48,39.94,0.26,0.24,0.81,10.03,45.19,0,normal,
W000100,2026-09-02T08:00:00,guest:100_AD-Zentyal,guest,18.63,22.66,3.73,1.9,65.89,68.86,0.5,0.53,1.57,11.8,40.78,0,normal,
W000101,2026-09-02T08:00:00,guest:101_win11,guest,16.16,24.26,1.14,-0.95,60.35,63.19,0.59,0.25,0.58,9.28,40.15,0,normal,
W000102,2026-09-02T08:00:00,guest:402_NS1,guest,12.28,21.68,2.14,0.42,33.22,35.67,0.0,0.15,0.86,9.45,39.59,0,normal,
W000107,2026-09-02T08:30:00,guest:101_win11,guest,15.98,16.25,2.38,-1.2,57.85,58.25,-0.3,0.33,1.28,11.25,38.02,0,normal,
W000106,2026-09-02T08:30:00,guest:100_AD-Zentyal,guest,13.04,15.48,2.14,-0.31,62.29,63.3,-0.34,0.79,2.31,8.76,39.45,0,normal,
W000108,2026-09-02T08:30:00,guest:402_NS1,guest,14.99,18.59,3.13,-0.01,32.52,34.21,0.15,0.42,1.17,14.6,41.51,0,normal,
W000104,2026-09-02T08:30:00,node:dl360-04,node,22.13,27.86,2.5,2.06,45.82,45.83,-0.22,0.3,1.38,11.42,48.42,0,normal,
W000103,2026-09-02T08:30:00,node:dl380-01,node,31.2,36.9,2.26,-2.52,53.39,55.13,-0.27,0.58,1.31,13.87,46.09,0,normal,
W000105,2026-09-02T08:30:00,node:srvzy,node,18.57,27.66,2.68,1.16,42.49,43.93,0.28,0.32,1.12,14.42,40.32,0,normal,
W000113,2026-09-02T09:00:00,guest:101_win11,guest,22.16,29.88,3.12,1.86,60.82,61.81,0.67,0.19,1.41,11.5,40.16,0,normal,
W000112,2026-09-02T09:00:00,guest:100_AD-Zentyal,guest,21.9,30.09,1.92,0.67,66.54,67.99,-0.45,0.06,0.9,12.28,39.59,0,normal,
W000114,2026-09-02T09:00:00,guest:402_NS1,guest,7.74,13.23,0.94,1.16,38.25,39.45,0.12,0.15,0.7,13.62,40.72,0,normal,
W000110,2026-09-02T09:00:00,node:dl360-04,node,23.71,27.76,1.83,-0.85,48.93,53.22,0.12,0.48,1.08,10.74,48.71,0,normal,
W000109,2026-09-02T09:00:00,node:dl380-01,node,26.17,34.42,4.43,2.35,53.31,54.38,0.59,0.09,0.36,9.84,47.41,0,normal,
W000111,2026-09-02T09:00:00,node:srvzy,node,7.79,9.66,0.69,-2.7,40.37,43.69,-0.02,0.56,1.52,13.64,43.43,0,normal,
W000115,2026-09-02T09:30:00,node:dl380-01,node,33.16,37.71,3.5,0.12,56.95,58.5,-0.02,0.28,0.74,13.28,47.75,0,normal,
W000116,2026-09-02T09:30:00,node:dl360-04,node,26.15,36.76,3.95,-0.45,51.19,52.57,0.01,0.18,1.63,12.39,49.45,0,normal,
W000117,2026-09-02T09:30:00,node:srvzy,node,21.25,21.76,0.5,0.96,42.63,44.88,-0.53,0.3,1.9,13.77,45.03,0,normal,
W000118,2026-09-02T09:30:00,guest:100_AD-Zentyal,guest,18.53,23.35,0.5,0.31,67.04,67.46,-0.26,0.07,0.48,11.45,37.65,0,normal,
W000119,2026-09-02T09:30:00,guest:101_win11,guest,24.22,32.48,2.25,-2.98,56.72,59.96,-1.11,0.23,0.56,13.71,39.76,0,normal,
W000120,2026-09-02T09:30:00,guest:402_NS1,guest,15.48,23.18,4.34,-0.24,36.19,36.71,0.48,0.15,0.72,11.23,38.43,0,normal,
W000126,2026-09-02T10:00:00,guest:402_NS1,guest,21.16,30.84,0.5,-0.38,35.7,35.95,0.04,0.55,0.92,13.51,40.13,0,normal,
W000125,2026-09-02T10:00:00,guest:101_win11,guest,28.36,37.24,0.99,0.99,59.73,60.12,-0.01,0.37,1.4,13.03,41.94,0,normal,
W000124,2026-09-02T10:00:00,guest:100_AD-Zentyal,guest,20.23,24.99,2.25,-0.45,67.65,67.92,0.34,0.22,1.17,9.12,43.49,0,normal,
W000123,2026-09-02T10:00:00,node:srvzy,node,20.14,23.95,3.42,-0.13,42.54,45.11,-0.52,0.37,1.94,13.9,44.94,0,normal,
W000122,2026-09-02T10:00:00,node:dl360-04,node,32.51,39.91,3.16,3.25,50.62,51.82,0.17,0.39,0.98,9.4,53.96,0,normal,
W000121,2026-09-02T10:00:00,node:dl380-01,node,29.8,38.7,2.79,-1.91,55.78,58.52,-0.75,0.09,1.24,13.31,48.12,0,normal,
W000127,2026-09-02T10:30:00,node:dl380-01,node,26.65,37.08,1.96,0.55,52.63,56.49,0.24,0.26,1.29,8.27,49.27,0,normal,
W000128,2026-09-02T10:30:00,node:dl360-04,node,24.87,30.25,2.01,-0.7,52.25,54.51,0.26,0.3,1.3,11.24,53.84,0,normal,
W000129,2026-09-02T10:30:00,node:srvzy,node,13.51,23.3,3.87,-1.02,47.01,50.01,0.39,0.31,1.02,11.87,46.09,0,normal,
W000130,2026-09-02T10:30:00,guest:100_AD-Zentyal,guest,26.9,33.45,1.59,0.99,67.66,70.31,0.3,0.25,0.67,9.9,39.05,0,normal,
W000131,2026-09-02T10:30:00,guest:101_win11,guest,24.83,30.58,2.06,-3.55,56.75,59.88,-0.27,0.37,0.62,16.82,41.28,0,normal,
W000132,2026-09-02T10:30:00,guest:402_NS1,guest,17.02,29.99,4.02,-0.37,34.93,36.61,0.2,0.28,0.92,16.9,41.33,0,normal,
W000137,2026-09-02T11:00:00,guest:101_win11,guest,23.67,27.8,3.83,0.4,59.03,61.53,-0.84,0.29,1.89,13.93,42.22,0,normal,
W000136,2026-09-02T11:00:00,guest:100_AD-Zentyal,guest,24.28,28.43,2.48,-0.75,64.49,66.13,-0.44,0.36,0.7,15.67,40.35,0,normal,
W000138,2026-09-02T11:00:00,guest:402_NS1,guest,19.58,28.26,0.5,-2.02,36.79,38.08,0.52,0.24,0.26,9.73,38.0,0,normal,
W000134,2026-09-02T11:00:00,node:dl360-04,node,22.9,24.61,0.73,0.13,53.44,55.43,-0.9,0.26,1.0,19.82,48.94,0,normal,
W000133,2026-09-02T11:00:00,node:dl380-01,node,38.71,44.98,4.29,0.43,58.15,59.42,-0.34,0.39,1.59,13.66,46.19,0,normal,
W000135,2026-09-02T11:00:00,node:srvzy,node,19.29,30.41,2.95,0.68,43.62,45.95,0.31,0.14,1.29,9.42,46.61,0,normal,
W000143,2026-09-02T11:30:00,guest:101_win11,guest,21.58,28.07,3.23,-1.9,59.46,61.24,0.14,0.3,0.52,9.75,42.17,0,normal,
W000142,2026-09-02T11:30:00,guest:100_AD-Zentyal,guest,21.46,25.27,3.27,0.97,66.15,67.76,0.06,0.14,0.48,10.71,41.17,0,normal,
W000144,2026-09-02T11:30:00,guest:402_NS1,guest,21.26,21.9,2.85,1.43,36.14,38.69,-0.28,0.28,0.43,6.5,43.54,0,normal,
W000140,2026-09-02T11:30:00,node:dl360-04,node,23.58,35.61,1.54,0.9,48.38,49.45,0.61,0.25,1.38,14.25,50.96,0,normal,
W000139,2026-09-02T11:30:00,node:dl380-01,node,29.84,35.27,2.08,1.29,58.57,60.4,-0.85,0.42,1.45,14.46,49.59,0,normal,
W000141,2026-09-02T11:30:00,node:srvzy,node,25.43,30.72,0.72,-0.96,44.41,46.8,-0.63,0.16,0.72,12.44,44.06,0,normal,
W000145,2026-09-02T12:00:00,node:dl380-01,node,28.48,33.11,1.11,-1.69,56.42,57.69,0.15,0.39,1.32,15.05,50.96,0,normal,
W000146,2026-09-02T12:00:00,node:dl360-04,node,25.19,31.03,3.63,1.52,49.17,50.86,0.54,0.4,1.28,13.68,51.02,0,normal,
W000147,2026-09-02T12:00:00,node:srvzy,node,22.94,28.18,2.46,0.09,42.51,45.04,1.17,0.06,0.99,12.05,47.46,0,normal,
W000148,2026-09-02T12:00:00,guest:100_AD-Zentyal,guest,25.09,33.38,3.68,0.23,68.77,69.11,0.64,0.38,1.61,10.67,41.35,0,normal,
W000149,2026-09-02T12:00:00,guest:101_win11,guest,27.44,33.39,2.78,1.3,56.55,59.53,0.0,0.26,0.47,15.84,38.98,0,normal,
W000150,2026-09-02T12:00:00,guest:402_NS1,guest,21.2,22.72,2.55,-0.14,38.84,40.66,-0.28,0.2,1.51,15.94,42.02,0,normal,
W000155,2026-09-02T12:30:00,guest:101_win11,guest,20.85,27.46,1.37,-0.59,59.99,60.31,0.09,0.68,1.3,15.11,44.14,0,normal,
W000156,2026-09-02T12:30:00,guest:402_NS1,guest,18.35,22.61,0.5,0.77,36.53,37.52,0.05,0.18,0.77,16.15,40.59,0,normal,
W000153,2026-09-02T12:30:00,node:srvzy,node,25.39,32.48,1.77,-0.34,41.03,42.01,-0.22,0.55,1.09,16.25,45.79,0,normal,
W000152,2026-09-02T12:30:00,node:dl360-04,node,26.49,33.16,2.5,0.34,50.47,52.39,-0.64,0.33,1.31,13.65,49.18,0,normal,
W000151,2026-09-02T12:30:00,node:dl380-01,node,31.1,32.4,2.89,-2.11,58.09,60.21,0.95,0.08,0.84,19.72,50.39,0,normal,
W000154,2026-09-02T12:30:00,guest:100_AD-Zentyal,guest,25.8,31.37,3.37,-0.64,63.9,64.52,-0.21,0.05,1.01,12.93,46.16,0,normal,
W000157,2026-09-02T13:00:00,node:dl380-01,node,36.39,38.2,1.84,2.31,58.96,61.06,-0.38,0.19,1.02,14.94,48.76,0,normal,
W000158,2026-09-02T13:00:00,node:dl360-04,node,29.62,34.98,1.06,-0.62,53.58,54.21,-0.08,0.14,0.98,13.66,54.11,0,normal,
W000159,2026-09-02T13:00:00,node:srvzy,node,24.5,26.57,3.17,-0.93,42.89,45.21,-0.2,0.48,0.97,12.97,45.91,0,normal,
W000160,2026-09-02T13:00:00,guest:100_AD-Zentyal,guest,23.75,33.05,3.13,2.05,71.01,71.98,0.03,0.06,0.55,12.94,41.31,0,normal,
W000161,2026-09-02T13:00:00,guest:101_win11,guest,24.05,29.61,1.28,1.01,58.28,63.09,-0.18,0.31,0.6,19.95,44.58,0,normal,
W000162,2026-09-02T13:00:00,guest:402_NS1,guest,20.77,22.73,2.71,-1.35,39.56,42.37,0.04,0.19,0.59,16.89,44.72,0,normal,
W000167,2026-09-02T13:30:00,guest:101_win11,guest,30.34,36.52,1.38,0.5,60.97,63.06,0.09,0.25,1.64,12.13,42.02,0,normal,
W000168,2026-09-02T13:30:00,guest:402_NS1,guest,19.77,28.4,1.0,-1.57,33.26,35.3,-0.45,0.22,1.29,12.91,43.24,0,normal,
W000166,2026-09-02T13:30:00,guest:100_AD-Zentyal,guest,24.81,25.14,3.27,1.47,68.09,69.21,0.27,0.47,1.9,12.2,42.56,0,normal,
W000165,2026-09-02T13:30:00,node:srvzy,node,22.87,31.75,0.55,-2.37,44.42,46.42,0.07,0.21,1.27,17.63,47.62,0,normal,
W000164,2026-09-02T13:30:00,node:dl360-04,node,29.21,33.52,2.06,-0.05,52.73,54.42,-0.16,0.32,0.35,16.26,51.9,0,normal,
W000163,2026-09-02T13:30:00,node:dl380-01,node,36.61,37.83,2.8,1.22,53.95,55.94,0.11,0.24,0.3,13.85,48.41,0,normal,
W000169,2026-09-02T14:00:00,node:dl380-01,node,31.95,39.97,2.98,-0.83,56.7,59.74,0.16,0.02,1.08,11.75,51.12,0,normal,
W000170,2026-09-02T14:00:00,node:dl360-04,node,33.58,40.45,2.66,-0.25,53.22,54.85,0.09,0.47,1.05,13.15,50.21,0,normal,
W000171,2026-09-02T14:00:00,node:srvzy,node,19.27,19.79,3.23,2.17,46.57,46.94,0.29,0.58,1.2,15.3,43.99,0,normal,
W000172,2026-09-02T14:00:00,guest:100_AD-Zentyal,guest,26.93,29.74,2.7,-1.87,67.98,71.0,-0.31,0.07,0.14,14.2,42.13,0,normal,
W000173,2026-09-02T14:00:00,guest:101_win11,guest,22.57,29.93,2.05,-1.29,59.0,62.07,0.24,0.27,1.32,11.52,43.05,0,normal,
W000174,2026-09-02T14:00:00,guest:402_NS1,guest,20.52,25.11,2.94,-0.94,37.92,40.47,-1.17,0.54,0.96,13.15,44.54,0,normal,
W000178,2026-09-02T14:30:00,guest:100_AD-Zentyal,guest,26.86,27.53,1.85,0.26,65.16,68.06,-0.48,0.24,0.81,15.49,42.04,0,normal,
W000177,2026-09-02T14:30:00,node:srvzy,node,18.54,24.82,1.27,-2.62,43.32,43.51,-0.3,0.12,0.57,21.0,47.08,0,normal,
W000179,2026-09-02T14:30:00,guest:101_win11,guest,27.05,32.34,1.77,0.58,60.43,62.34,-0.17,0.46,1.16,14.08,43.16,0,normal,
W000175,2026-09-02T14:30:00,node:dl380-01,node,31.89,33.49,1.41,1.23,53.54,56.67,-0.02,0.06,0.63,11.95,50.3,0,normal,
W000176,2026-09-02T14:30:00,node:dl360-04,node,32.56,33.41,2.1,-1.04,54.33,54.98,0.64,0.29,0.63,12.97,50.8,0,normal,
W000180,2026-09-02T14:30:00,guest:402_NS1,guest,25.94,27.92,3.27,-2.27,37.39,40.97,0.2,0.33,0.91,15.09,42.62,0,normal,
W000186,2026-09-02T15:00:00,guest:402_NS1,guest,20.76,29.53,3.16,2.3,35.56,36.18,-0.4,0.43,1.43,15.14,41.21,0,normal,
W000184,2026-09-02T15:00:00,guest:100_AD-Zentyal,guest,23.42,31.16,2.98,0.02,65.51,67.64,-0.03,0.03,0.24,16.53,38.99,0,normal,
W000185,2026-09-02T15:00:00,guest:101_win11,guest,28.45,33.01,3.81,-0.59,61.12,62.72,0.05,0.45,1.06,17.82,41.41,0,normal,
W000182,2026-09-02T15:00:00,node:dl360-04,node,31.1,38.01,2.41,-0.64,55.92,57.47,-0.27,0.39,1.29,10.62,53.58,0,normal,
W000183,2026-09-02T15:00:00,node:srvzy,node,22.4,25.06,3.69,0.75,41.66,45.43,0.26,0.3,1.73,15.31,46.86,0,normal,
W000181,2026-09-02T15:00:00,node:dl380-01,node,29.98,35.11,2.7,-0.92,55.48,56.12,0.16,0.41,1.3,17.73,49.03,0,normal,
W000187,2026-09-02T15:30:00,node:dl380-01,node,35.41,37.74,3.66,3.43,57.59,60.17,-0.2,0.06,0.62,11.55,46.73,0,normal,
W000188,2026-09-02T15:30:00,node:dl360-04,node,35.76,42.57,2.88,-0.37,51.62,54.59,-0.01,0.41,1.13,13.8,49.79,0,normal,
W000189,2026-09-02T15:30:00,node:srvzy,node,15.81,21.02,2.56,-1.54,43.87,45.92,-0.86,0.12,1.08,15.99,45.17,0,normal,
W000190,2026-09-02T15:30:00,guest:100_AD-Zentyal,guest,26.28,35.35,3.28,-0.11,66.09,67.46,0.19,0.34,1.39,15.23,44.13,0,normal,
W000191,2026-09-02T15:30:00,guest:101_win11,guest,28.06,36.41,3.37,-0.97,56.68,60.22,0.1,0.04,0.56,17.15,42.48,0,normal,
W000192,2026-09-02T15:30:00,guest:402_NS1,guest,17.94,28.14,1.45,-0.96,37.31,39.7,0.2,0.48,1.36,16.3,42.51,0,normal,
W000197,2026-09-02T16:00:00,guest:101_win11,guest,25.1,28.27,3.8,0.76,60.82,64.07,1.13,0.04,0.55,12.48,41.32,0,normal,
W000196,2026-09-02T16:00:00,guest:100_AD-Zentyal,guest,25.37,31.18,3.23,-1.02,64.8,67.02,0.24,0.37,0.84,16.36,41.48,0,normal,
W000198,2026-09-02T16:00:00,guest:402_NS1,guest,15.16,20.26,1.28,0.4,36.83,39.31,0.2,0.42,1.07,20.69,42.95,0,normal,
W000194,2026-09-02T16:00:00,node:dl360-04,node,27.09,34.36,3.57,0.12,55.94,57.56,0.13,0.14,0.8,15.08,52.87,0,normal,
W000193,2026-09-02T16:00:00,node:dl380-01,node,32.15,38.47,2.72,0.93,57.73,59.78,-0.32,0.31,1.1,14.91,51.91,0,normal,
W000195,2026-09-02T16:00:00,node:srvzy,node,23.05,32.82,2.41,-0.4,48.6,50.99,-0.29,0.16,0.58,17.14,46.05,0,normal,
W000203,2026-09-02T16:30:00,guest:101_win11,guest,27.46,35.19,4.69,0.33,60.61,61.53,-0.51,0.62,1.05,11.2,42.54,0,normal,
W000202,2026-09-02T16:30:00,guest:100_AD-Zentyal,guest,24.98,31.01,2.4,-0.78,64.06,66.15,-0.31,0.32,0.8,11.03,42.95,0,normal,
W000204,2026-09-02T16:30:00,guest:402_NS1,guest,18.61,21.91,2.2,1.48,35.28,35.89,0.38,0.4,0.95,9.58,41.48,0,normal,
W000200,2026-09-02T16:30:00,node:dl360-04,node,29.06,35.58,0.64,-0.22,51.76,53.54,-0.33,0.19,0.92,14.6,52.51,0,normal,
W000199,2026-09-02T16:30:00,node:dl380-01,node,25.41,28.4,0.76,0.02,56.51,58.04,0.8,0.41,1.5,11.54,47.1,0,normal,
W000201,2026-09-02T16:30:00,node:srvzy,node,25.71,30.83,2.04,0.53,44.83,46.4,0.32,0.5,1.81,19.67,45.3,0,normal,
W000205,2026-09-02T17:00:00,node:dl380-01,node,30.47,39.96,1.46,-0.1,57.63,58.01,0.41,0.06,1.0,14.28,49.75,0,normal,
W000206,2026-09-02T17:00:00,node:dl360-04,node,29.59,30.72,1.72,0.17,51.06,53.54,0.32,0.42,1.14,8.0,50.44,0,normal,
W000207,2026-09-02T17:00:00,node:srvzy,node,22.11,24.84,3.13,1.09,43.64,44.71,-0.51,0.68,1.26,7.58,47.97,0,normal,
W000208,2026-09-02T17:00:00,guest:100_AD-Zentyal,guest,23.7,33.02,2.78,0.55,67.07,69.77,0.91,0.49,0.66,14.88,43.83,0,normal,
W000209,2026-09-02T17:00:00,guest:101_win11,guest,29.87,34.59,3.66,1.11,64.04,65.29,-0.2,0.24,0.84,10.87,37.98,0,normal,
W000210,2026-09-02T17:00:00,guest:402_NS1,guest,16.14,23.24,2.01,2.32,36.44,39.73,0.1,0.47,1.38,17.64,42.21,0,normal,
W000216,2026-09-02T17:30:00,guest:402_NS1,guest,20.42,23.12,2.26,-0.14,39.28,40.93,-0.98,0.4,0.92,13.66,41.99,0,normal,
W000214,2026-09-02T17:30:00,guest:100_AD-Zentyal,guest,21.24,31.74,3.25,0.78,67.53,69.5,0.08,0.06,0.14,13.99,42.61,0,normal,
W000215,2026-09-02T17:30:00,guest:101_win11,guest,29.89,40.6,4.07,-1.2,58.78,61.26,1.01,0.6,1.84,12.37,40.8,0,normal,
W000212,2026-09-02T17:30:00,node:dl360-04,node,29.47,30.12,3.97,0.2,53.21,54.31,-0.62,0.35,1.14,12.06,51.25,0,normal,
W000211,2026-09-02T17:30:00,node:dl380-01,node,32.39,39.49,2.21,0.49,60.44,62.17,0.17,0.55,1.81,13.57,44.55,0,normal,
W000213,2026-09-02T17:30:00,node:srvzy,node,30.34,38.85,3.55,1.01,46.08,47.89,-0.82,0.26,1.39,10.63,45.86,0,normal,
W000221,2026-09-02T18:00:00,guest:101_win11,guest,24.35,33.75,4.61,-0.69,58.97,62.79,-0.61,0.51,0.9,12.81,41.14,0,normal,
W000220,2026-09-02T18:00:00,guest:100_AD-Zentyal,guest,16.96,26.29,3.86,-0.89,64.86,67.48,-0.93,0.07,0.76,17.15,40.85,0,normal,
W000222,2026-09-02T18:00:00,guest:402_NS1,guest,12.65,15.7,2.78,1.19,35.77,37.84,0.23,0.11,1.2,14.96,45.41,0,normal,
W000218,2026-09-02T18:00:00,node:dl360-04,node,28.47,29.49,2.81,-1.06,48.91,50.47,-0.07,0.17,1.21,11.16,51.97,0,normal,
W000217,2026-09-02T18:00:00,node:dl380-01,node,28.04,36.41,0.97,-0.62,57.23,58.62,-0.64,0.43,1.68,12.37,44.56,0,normal,
W000219,2026-09-02T18:00:00,node:srvzy,node,19.98,23.89,1.63,-1.98,43.52,45.17,-0.95,0.19,0.63,17.23,42.95,0,normal,
W000223,2026-09-02T18:30:00,node:dl380-01,node,27.68,32.31,3.27,0.98,55.04,56.63,0.22,0.13,0.77,12.77,48.99,0,normal,
W000224,2026-09-02T18:30:00,node:dl360-04,node,23.88,24.36,0.58,-1.51,48.64,50.48,-0.48,0.16,0.65,11.18,52.48,0,normal,
W000225,2026-09-02T18:30:00,node:srvzy,node,21.32,27.37,2.04,-0.52,43.59,46.17,-0.36,0.31,0.32,13.14,46.64,0,normal,
W000226,2026-09-02T18:30:00,guest:100_AD-Zentyal,guest,21.02,32.47,1.62,0.26,65.94,67.84,-0.05,0.32,1.46,16.63,41.5,0,normal,
W000227,2026-09-02T18:30:00,guest:101_win11,guest,26.85,30.75,3.27,-0.91,60.96,65.17,-0.05,0.14,0.72,16.2,42.33,0,normal,
W000228,2026-09-02T18:30:00,guest:402_NS1,guest,16.87,25.9,2.98,1.46,37.65,41.18,0.14,0.48,1.16,10.7,44.06,0,normal,
W000234,2026-09-02T19:00:00,guest:402_NS1,guest,15.61,16.18,2.97,2.73,36.67,40.14,0.07,0.29,1.24,8.85,39.33,0,normal,
W000233,2026-09-02T19:00:00,guest:101_win11,guest,14.72,23.24,3.94,1.79,59.16,61.21,0.53,0.64,1.89,8.47,41.08,0,normal,
W000232,2026-09-02T19:00:00,guest:100_AD-Zentyal,guest,18.37,23.43,4.52,-2.08,66.42,66.74,-0.04,0.21,0.25,12.46,40.21,0,normal,
W000230,2026-09-02T19:00:00,node:dl360-04,node,17.77,29.45,3.18,-0.08,49.85,52.93,-0.22,0.53,1.55,12.03,49.99,0,normal,
W000229,2026-09-02T19:00:00,node:dl380-01,node,27.83,36.24,2.62,-0.7,55.54,58.97,0.22,0.04,0.76,16.64,46.46,0,normal,
W000231,2026-09-02T19:00:00,node:srvzy,node,16.46,25.6,1.63,-1.95,43.62,46.25,0.19,0.38,1.05,13.66,44.71,0,normal,
W000235,2026-09-02T19:30:00,node:dl380-01,node,31.5,41.62,1.51,1.16,55.36,57.7,0.18,0.5,1.33,15.52,47.24,0,normal,
W000236,2026-09-02T19:30:00,node:dl360-04,node,26.26,29.76,4.66,0.56,51.8,52.19,-0.33,0.55,1.46,5.55,51.33,0,normal,
W000237,2026-09-02T19:30:00,node:srvzy,node,15.17,25.4,2.41,0.25,44.64,45.74,-0.4,0.26,1.39,7.3,42.27,0,normal,
W000238,2026-09-02T19:30:00,guest:100_AD-Zentyal,guest,22.95,27.14,2.11,-2.23,64.3,66.29,0.37,0.15,1.61,9.24,39.75,0,normal,
W000239,2026-09-02T19:30:00,guest:101_win11,guest,27.45,34.09,1.95,-0.19,60.95,64.42,-0.33,0.29,1.13,8.34,40.69,0,normal,
W000240,2026-09-02T19:30:00,guest:402_NS1,guest,14.09,23.51,3.71,-0.4,35.13,37.8,-0.23,0.42,1.18,8.39,39.34,0,normal,
W000245,2026-09-02T20:00:00,guest:101_win11,guest,24.5,24.77,1.22,-1.24,57.89,59.52,0.56,0.49,1.49,10.44,40.59,0,normal,
W000241,2026-09-02T20:00:00,node:dl380-01,node,30.06,35.6,4.14,-0.62,55.52,59.92,-0.42,0.08,1.39,7.52,45.97,0,normal,
W000242,2026-09-02T20:00:00,node:dl360-04,node,19.95,26.75,1.55,-0.22,50.81,51.8,-0.28,0.23,0.46,8.73,49.18,0,normal,
W000243,2026-09-02T20:00:00,node:srvzy,node,13.6,18.79,2.48,-0.79,43.24,46.68,-0.19,0.4,1.1,11.1,46.35,0,normal,
W000244,2026-09-02T20:00:00,guest:100_AD-Zentyal,guest,19.78,20.46,2.95,1.48,64.6,67.6,-0.28,0.0,0.86,4.73,39.64,0,normal,
W000246,2026-09-02T20:00:00,guest:402_NS1,guest,8.98,17.55,1.39,1.0,37.14,39.35,-0.07,0.38,0.72,10.91,39.83,0,normal,
W000252,2026-09-02T20:30:00,guest:402_NS1,guest,9.57,10.11,4.25,0.99,36.39,39.35,0.23,0.25,0.99,8.72,43.95,0,normal,
W000251,2026-09-02T20:30:00,guest:101_win11,guest,23.78,26.18,3.14,0.4,59.35,62.22,-0.28,0.02,0.61,12.67,39.19,0,normal,
W000250,2026-09-02T20:30:00,guest:100_AD-Zentyal,guest,11.78,20.84,3.66,1.26,64.15,65.99,0.3,0.38,1.02,5.14,40.17,0,normal,
W000249,2026-09-02T20:30:00,node:srvzy,node,21.05,25.66,2.47,-0.48,40.3,42.06,0.98,0.58,1.04,11.94,42.75,0,normal,
W000248,2026-09-02T20:30:00,node:dl360-04,node,26.51,27.31,2.68,-0.7,49.33,50.43,-0.07,0.67,0.96,6.49,47.05,0,normal,
W000247,2026-09-02T20:30:00,node:dl380-01,node,24.82,32.94,2.43,-1.37,54.75,56.81,0.05,0.33,1.55,6.74,46.26,0,normal,
W000253,2026-09-02T21:00:00,node:dl380-01,node,24.88,29.48,2.97,-1.21,57.19,58.53,0.2,0.51,1.47,8.99,45.24,0,normal,
W000254,2026-09-02T21:00:00,node:dl360-04,node,19.73,24.0,2.05,1.78,49.29,50.5,-0.21,0.52,1.59,10.39,47.84,0,normal,
W000255,2026-09-02T21:00:00,node:srvzy,node,14.94,19.01,2.24,1.16,43.06,44.07,-0.34,0.32,1.81,2.96,43.64,0,normal,
W000256,2026-09-02T21:00:00,guest:100_AD-Zentyal,guest,11.11,15.21,2.14,-0.5,63.52,65.53,-0.21,0.01,1.12,10.96,40.49,0,normal,
W000257,2026-09-02T21:00:00,guest:101_win11,guest,12.54,19.43,3.18,-1.24,57.5,59.38,0.74,0.68,0.82,16.19,37.85,0,normal,
W000258,2026-09-02T21:00:00,guest:402_NS1,guest,13.36,22.27,1.5,0.59,34.29,36.84,0.09,0.54,1.37,8.2,40.87,0,normal,
W000263,2026-09-02T21:30:00,guest:101_win11,guest,19.72,26.14,2.1,-0.4,56.01,58.43,-0.04,0.17,0.7,5.07,40.69,0,normal,
W000262,2026-09-02T21:30:00,guest:100_AD-Zentyal,guest,8.08,10.11,1.96,-1.0,65.2,67.5,0.36,0.45,1.71,8.7,39.68,0,normal,
W000264,2026-09-02T21:30:00,guest:402_NS1,guest,10.2,13.62,3.31,-0.67,31.95,34.97,-0.21,0.22,1.03,12.13,39.25,0,normal,
W000260,2026-09-02T21:30:00,node:dl360-04,node,20.78,24.32,4.08,-0.07,49.71,51.37,-0.36,0.01,1.06,6.36,52.81,0,normal,
W000259,2026-09-02T21:30:00,node:dl380-01,node,24.96,33.16,1.84,-1.25,53.46,54.84,0.31,0.5,1.23,13.0,47.28,0,normal,
W000261,2026-09-02T21:30:00,node:srvzy,node,9.13,11.36,3.01,1.84,41.6,44.17,-0.74,0.16,0.54,3.02,43.4,0,normal,
W000269,2026-09-02T22:00:00,guest:101_win11,guest,14.97,16.52,0.5,-1.22,57.96,60.07,0.07,0.69,0.98,7.42,38.96,0,normal,
W000268,2026-09-02T22:00:00,guest:100_AD-Zentyal,guest,18.43,24.5,2.21,-0.16,64.41,68.01,0.17,0.45,1.71,3.99,39.63,0,normal,
W000270,2026-09-02T22:00:00,guest:402_NS1,guest,5.42,11.51,0.9,1.69,32.77,36.8,-0.01,0.51,1.28,7.41,37.62,0,normal,
W000266,2026-09-02T22:00:00,node:dl360-04,node,21.19,25.03,2.72,-1.53,47.84,49.16,0.36,0.46,1.37,3.45,47.03,0,normal,
W000265,2026-09-02T22:00:00,node:dl380-01,node,16.8,24.43,2.02,2.27,54.0,54.23,0.14,0.69,2.12,12.99,42.97,0,normal,
W000267,2026-09-02T22:00:00,node:srvzy,node,8.39,17.0,3.68,1.27,39.64,40.38,-0.71,0.58,1.22,5.25,44.96,0,normal,
W000271,2026-09-02T22:30:00,node:dl380-01,node,21.42,28.37,1.72,-0.15,52.9,57.2,-0.04,0.61,1.33,8.28,42.52,0,normal,
W000272,2026-09-02T22:30:00,node:dl360-04,node,16.44,23.07,4.09,0.27,51.49,54.13,0.65,0.29,2.04,6.04,46.35,0,normal,
W000273,2026-09-02T22:30:00,node:srvzy,node,6.76,19.76,3.32,-0.4,43.25,45.94,0.79,0.01,0.7,6.11,39.54,0,normal,
W000274,2026-09-02T22:30:00,guest:100_AD-Zentyal,guest,17.71,22.9,3.24,2.83,63.36,64.94,0.05,0.5,1.07,5.61,40.09,0,normal,
W000275,2026-09-02T22:30:00,guest:101_win11,guest,17.33,17.46,1.27,1.8,57.72,58.96,-0.07,0.3,1.4,3.43,37.24,0,normal,
W000276,2026-09-02T22:30:00,guest:402_NS1,guest,8.96,14.66,3.07,-1.48,34.64,37.73,0.19,0.33,1.09,5.0,38.39,0,normal,
W000281,2026-09-02T23:00:00,guest:101_win11,guest,12.7,20.91,1.34,-1.09,56.86,59.83,0.5,0.17,1.34,4.11,40.62,0,normal,
W000282,2026-09-02T23:00:00,guest:402_NS1,guest,2.37,12.36,1.84,2.42,34.65,35.63,-0.21,0.46,1.68,6.25,37.95,0,normal,
W000280,2026-09-02T23:00:00,guest:100_AD-Zentyal,guest,15.04,24.84,1.64,-0.01,60.48,61.22,0.42,0.21,0.56,7.15,37.1,0,normal,
W000279,2026-09-02T23:00:00,node:srvzy,node,17.99,24.51,2.21,0.0,41.05,43.48,0.83,0.13,1.27,7.09,39.52,0,normal,
W000278,2026-09-02T23:00:00,node:dl360-04,node,13.07,16.36,2.42,-0.54,46.54,48.1,-0.19,0.17,0.84,10.0,47.18,0,normal,
W000277,2026-09-02T23:00:00,node:dl380-01,node,23.75,29.4,1.61,-0.59,53.95,55.57,0.19,0.4,1.56,10.74,45.37,0,normal,
W000283,2026-09-02T23:30:00,node:dl380-01,node,22.0,28.39,1.21,-0.98,54.01,57.22,0.65,0.46,1.37,8.71,42.88,0,normal,
W000284,2026-09-02T23:30:00,node:dl360-04,node,15.81,19.33,1.25,0.4,48.92,51.61,0.22,0.35,1.37,6.34,47.5,0,normal,
W000285,2026-09-02T23:30:00,node:srvzy,node,6.8,13.91,3.17,-0.8,40.68,42.06,-0.21,0.08,1.38,9.66,42.68,0,normal,
W000286,2026-09-02T23:30:00,guest:100_AD-Zentyal,guest,19.25,24.68,5.53,-0.27,64.05,65.65,0.15,0.47,1.22,11.79,38.24,0,normal,
W000287,2026-09-02T23:30:00,guest:101_win11,guest,15.29,18.56,2.92,-0.16,55.49,56.71,1.07,0.25,0.46,4.37,37.8,0,normal,
W000288,2026-09-02T23:30:00,guest:402_NS1,guest,8.26,15.92,3.18,-0.77,34.2,35.32,-0.25,0.12,0.44,9.66,38.91,0,normal,
W000293,2026-09-03T00:00:00,guest:101_win11,guest,8.46,18.09,4.73,1.2,58.84,60.92,-0.66,0.07,0.97,3.89,36.03,0,normal,
W000292,2026-09-03T00:00:00,guest:100_AD-Zentyal,guest,9.87,17.31,2.82,1.23,62.28,64.32,-0.02,0.44,0.83,8.72,38.1,0,normal,
W000294,2026-09-03T00:00:00,guest:402_NS1,guest,4.85,12.7,1.05,-0.54,35.99,36.91,0.35,0.2,1.22,8.96,38.51,0,normal,
W000290,2026-09-03T00:00:00,node:dl360-04,node,17.05,25.12,1.13,-1.18,46.97,48.61,-0.54,0.02,0.49,5.93,44.63,0,normal,
W000289,2026-09-03T00:00:00,node:dl380-01,node,21.49,27.61,3.28,-2.11,54.82,57.0,0.25,0.38,0.78,1.18,42.33,0,normal,
W000291,2026-09-03T00:00:00,node:srvzy,node,7.67,16.84,1.2,-0.25,42.11,43.69,-0.23,0.53,1.21,8.98,42.05,0,normal,
W000299,2026-09-03T00:30:00,guest:101_win11,guest,11.12,21.04,1.76,1.21,53.82,56.9,-0.16,0.09,0.81,6.5,36.66,0,normal,
W000298,2026-09-03T00:30:00,guest:100_AD-Zentyal,guest,9.93,15.4,2.12,-2.3,61.23,64.19,-0.84,0.15,0.79,10.9,38.55,0,normal,
W000300,2026-09-03T00:30:00,guest:402_NS1,guest,7.01,11.26,3.12,0.53,33.16,34.72,0.06,0.41,2.03,8.49,38.87,0,normal,
W000296,2026-09-03T00:30:00,node:dl360-04,node,15.72,25.17,2.46,-1.69,50.01,51.64,0.14,0.17,1.63,3.04,45.9,0,normal,
W000295,2026-09-03T00:30:00,node:dl380-01,node,21.25,23.8,3.61,-1.02,53.74,55.99,0.19,0.37,0.83,1.62,44.71,0,normal,
W000297,2026-09-03T00:30:00,node:srvzy,node,8.45,11.17,2.83,1.93,39.39,41.78,-1.1,0.29,0.97,3.21,43.02,0,normal,
W000301,2026-09-03T01:00:00,node:dl380-01,node,28.08,35.63,2.98,0.84,51.25,52.81,-0.2,0.43,1.16,5.59,44.73,0,normal,
W000302,2026-09-03T01:00:00,node:dl360-04,node,17.29,22.81,1.83,1.36,49.46,49.85,-0.13,0.33,1.44,7.9,46.53,0,normal,
W000303,2026-09-03T01:00:00,node:srvzy,node,9.32,15.51,1.83,-0.31,40.1,42.07,-0.75,0.22,1.04,4.33,40.73,0,normal,
W000304,2026-09-03T01:00:00,guest:100_AD-Zentyal,guest,11.98,14.74,0.87,-0.42,64.44,68.13,0.31,0.01,0.71,5.94,37.37,0,normal,
W000305,2026-09-03T01:00:00,guest:101_win11,guest,14.16,17.41,2.56,0.5,57.55,58.75,-0.14,0.24,0.79,3.6,35.57,0,normal,
W000306,2026-09-03T01:00:00,guest:402_NS1,guest,4.85,10.68,0.5,0.26,31.4,33.88,-0.51,0.31,0.99,6.08,37.29,0,normal,
W000311,2026-09-03T01:30:00,guest:101_win11,guest,8.4,14.6,2.62,1.13,56.31,59.54,0.0,0.28,1.5,2.24,41.32,0,normal,
W000310,2026-09-03T01:30:00,guest:100_AD-Zentyal,guest,13.95,15.41,1.25,0.85,66.08,68.57,-0.02,0.14,0.15,5.56,36.57,0,normal,
W000312,2026-09-03T01:30:00,guest:402_NS1,guest,5.59,12.73,3.03,2.25,34.49,34.89,0.56,0.23,1.07,1.33,37.89,0,normal,
W000308,2026-09-03T01:30:00,node:dl360-04,node,15.41,27.04,1.83,-0.09,48.84,50.81,-0.2,0.01,0.61,1.95,43.51,0,normal,
W000307,2026-09-03T01:30:00,node:dl380-01,node,16.38,17.77,1.02,-0.7,53.05,54.44,0.25,0.24,0.66,4.34,43.44,0,normal,
W000309,2026-09-03T01:30:00,node:srvzy,node,4.49,7.35,3.08,0.72,38.44,40.18,-0.74,0.2,1.16,7.65,40.03,0,normal,
W000313,2026-09-03T02:00:00,node:dl380-01,node,14.72,21.02,2.22,2.31,56.57,58.61,0.03,0.23,1.47,4.01,42.37,0,normal,
W000314,2026-09-03T02:00:00,node:dl360-04,node,17.43,21.81,2.46,-1.9,49.27,53.21,0.29,0.59,1.05,5.71,44.59,0,normal,
W000315,2026-09-03T02:00:00,node:srvzy,node,6.2,14.52,2.6,-1.7,37.63,38.25,0.2,0.71,2.06,0.69,43.13,0,normal,
W000316,2026-09-03T02:00:00,guest:100_AD-Zentyal,guest,13.28,14.64,2.2,1.31,63.99,64.68,0.24,0.13,0.84,8.41,37.03,0,normal,
W000317,2026-09-03T02:00:00,guest:101_win11,guest,10.25,18.92,3.47,1.57,57.57,60.66,0.29,0.35,1.19,4.29,35.18,0,normal,
W000318,2026-09-03T02:00:00,guest:402_NS1,guest,2.0,7.15,2.74,1.73,32.92,35.93,0.43,0.25,1.29,4.27,38.98,0,normal,
W000323,2026-09-03T02:30:00,guest:101_win11,guest,17.62,26.77,1.74,0.68,54.66,55.48,0.41,0.04,1.21,4.24,36.68,0,normal,
W000322,2026-09-03T02:30:00,guest:100_AD-Zentyal,guest,5.32,14.14,2.17,1.04,61.53,63.71,0.14,0.27,1.23,4.2,36.03,0,normal,
W000324,2026-09-03T02:30:00,guest:402_NS1,guest,5.43,13.18,1.67,0.86,33.2,33.95,-0.07,0.58,2.05,7.15,35.21,0,normal,
W000320,2026-09-03T02:30:00,node:dl360-04,node,17.77,24.84,2.2,0.54,47.89,49.9,0.26,0.15,0.97,4.06,43.62,0,normal,
W000319,2026-09-03T02:30:00,node:dl380-01,node,19.23,21.65,2.66,1.98,52.67,55.12,0.22,0.09,1.1,0.82,42.06,0,normal,
W000321,2026-09-03T02:30:00,node:srvzy,node,3.78,14.48,2.88,-1.59,37.23,39.12,0.62,0.26,1.59,6.06,41.71,0,normal,
W000329,2026-09-03T03:00:00,guest:101_win11,guest,10.24,14.85,0.65,1.03,58.21,59.51,0.14,0.25,1.18,3.29,35.78,0,normal,
W000328,2026-09-03T03:00:00,guest:100_AD-Zentyal,guest,18.73,20.57,3.96,0.08,64.52,64.87,0.59,0.46,1.24,7.11,35.95,0,normal,
W000330,2026-09-03T03:00:00,guest:402_NS1,guest,7.95,13.76,4.52,0.06,31.4,34.63,0.25,0.45,1.72,3.21,36.91,0,normal,
W000326,2026-09-03T03:00:00,node:dl360-04,node,9.59,17.53,4.55,0.09,47.96,50.27,0.81,0.1,0.98,2.77,45.28,0,normal,
W000325,2026-09-03T03:00:00,node:dl380-01,node,18.99,27.54,3.23,0.94,53.72,55.65,-0.24,0.08,1.02,5.73,43.94,0,normal,
W000327,2026-09-03T03:00:00,node:srvzy,node,7.1,17.14,4.3,0.54,39.39,43.88,-0.17,0.19,0.28,9.36,42.55,0,normal,
W000331,2026-09-03T03:30:00,node:dl380-01,node,16.67,18.8,2.24,1.6,53.5,54.15,-0.62,0.63,1.4,3.23,42.69,0,normal,
W000332,2026-09-03T03:30:00,node:dl360-04,node,9.1,19.37,2.11,1.64,48.16,51.59,0.1,0.47,1.56,7.04,46.62,0,normal,
W000333,2026-09-03T03:30:00,node:srvzy,node,6.46,18.2,1.59,0.01,40.09,42.5,-0.17,0.36,1.1,0.42,41.12,0,normal,
W000334,2026-09-03T03:30:00,guest:100_AD-Zentyal,guest,6.42,7.22,2.64,0.59,64.02,66.58,-0.77,0.03,1.62,2.03,38.02,0,normal,
W000335,2026-09-03T03:30:00,guest:101_win11,guest,9.87,16.11,1.87,0.67,56.31,57.87,-0.42,0.35,0.67,6.45,41.04,0,normal,
W000336,2026-09-03T03:30:00,guest:402_NS1,guest,9.0,17.15,2.41,-2.33,30.69,33.97,-0.32,0.16,0.89,1.98,35.26,0,normal,
W000341,2026-09-03T04:00:00,guest:101_win11,guest,22.87,27.77,0.83,1.08,54.96,58.26,-0.11,0.17,0.9,7.94,37.06,0,normal,
W000340,2026-09-03T04:00:00,guest:100_AD-Zentyal,guest,9.76,15.97,2.05,-0.59,66.05,67.37,-0.19,0.02,0.51,0.54,38.35,0,normal,
W000342,2026-09-03T04:00:00,guest:402_NS1,guest,3.33,8.74,1.23,0.48,30.05,31.61,0.3,0.36,1.4,5.47,39.16,0,normal,
W000338,2026-09-03T04:00:00,node:dl360-04,node,17.41,22.97,2.58,-0.94,46.72,49.49,0.18,0.39,1.3,5.81,47.45,0,normal,
W000339,2026-09-03T04:00:00,node:srvzy,node,11.34,20.08,2.4,1.66,40.68,43.31,0.11,0.35,0.86,7.77,45.67,0,normal,
W000337,2026-09-03T04:00:00,node:dl380-01,node,17.9,21.22,1.76,-0.94,54.21,55.98,-0.07,0.42,1.16,4.84,44.11,0,normal,
W000343,2026-09-03T04:30:00,node:dl380-01,node,21.31,28.65,3.43,0.9,52.48,53.13,0.17,0.41,1.65,2.86,42.04,0,normal,
W000344,2026-09-03T04:30:00,node:dl360-04,node,16.68,22.47,0.61,0.45,44.93,45.99,0.54,0.66,0.98,4.68,46.47,0,normal,
W000345,2026-09-03T04:30:00,node:srvzy,node,14.31,18.83,2.02,1.86,39.59,42.32,-0.59,0.27,0.4,2.5,42.66,0,normal,
W000346,2026-09-03T04:30:00,guest:100_AD-Zentyal,guest,10.9,15.94,1.75,-0.26,63.81,66.79,-1.05,0.13,1.0,5.37,38.01,0,normal,
W000347,2026-09-03T04:30:00,guest:101_win11,guest,14.01,19.09,1.97,-0.29,58.34,59.6,-0.03,0.34,1.76,4.77,38.84,0,normal,
W000348,2026-09-03T04:30:00,guest:402_NS1,guest,9.38,15.19,2.29,-0.39,32.81,35.66,0.09,0.35,0.7,2.77,40.62,0,normal,
W000349,2026-09-03T05:00:00,node:dl380-01,node,18.72,22.4,3.93,0.34,54.63,56.49,-0.13,0.27,0.51,6.2,44.32,0,normal,
W000350,2026-09-03T05:00:00,node:dl360-04,node,22.82,29.08,0.5,-0.11,53.52,56.38,-0.32,0.42,0.92,2.4,46.36,0,normal,
W000351,2026-09-03T05:00:00,node:srvzy,node,9.66,10.05,1.35,0.01,39.85,42.25,-0.49,0.44,0.77,11.39,39.31,0,normal,
W000352,2026-09-03T05:00:00,guest:100_AD-Zentyal,guest,8.52,15.77,4.16,0.38,64.6,66.62,-0.41,0.2,0.52,2.63,38.48,0,normal,
W000353,2026-09-03T05:00:00,guest:101_win11,guest,10.41,17.37,1.2,0.36,55.71,59.11,0.13,0.55,1.04,6.63,36.41,0,normal,
W000354,2026-09-03T05:00:00,guest:402_NS1,guest,4.9,10.11,1.77,-1.46,31.04,31.38,-0.42,0.43,0.59,2.36,40.57,0,normal,
W000360,2026-09-03T05:30:00,guest:402_NS1,guest,4.92,10.99,0.5,-0.91,35.36,36.73,-0.33,0.56,1.9,8.02,37.2,0,normal,
W000358,2026-09-03T05:30:00,guest:100_AD-Zentyal,guest,14.99,22.04,3.6,0.48,63.96,67.16,0.19,0.31,1.71,6.81,37.42,0,normal,
W000359,2026-09-03T05:30:00,guest:101_win11,guest,11.41,19.52,3.74,-0.06,58.94,58.97,-0.02,0.29,0.8,13.62,37.78,0,normal,
W000357,2026-09-03T05:30:00,node:srvzy,node,10.47,15.53,1.4,0.8,40.61,43.5,0.32,0.02,0.24,4.2,40.29,0,normal,
W000355,2026-09-03T05:30:00,node:dl380-01,node,17.12,24.08,3.14,0.8,50.85,52.61,-0.65,0.79,0.95,3.32,42.32,0,normal,
W000356,2026-09-03T05:30:00,node:dl360-04,node,11.1,21.16,4.92,-0.57,46.21,46.45,-0.1,0.24,0.78,7.13,47.47,0,normal,
W000361,2026-09-03T06:00:00,node:dl380-01,node,20.16,23.75,1.51,-1.25,52.89,53.85,-0.63,0.34,1.24,12.6,43.5,0,normal,
W000362,2026-09-03T06:00:00,node:dl360-04,node,19.04,25.97,2.25,0.89,50.4,52.72,-0.1,0.23,0.48,5.08,46.57,0,normal,
W000363,2026-09-03T06:00:00,node:srvzy,node,7.07,14.39,3.7,-1.09,41.51,42.48,-0.12,0.16,1.2,5.46,44.02,0,normal,
W000364,2026-09-03T06:00:00,guest:100_AD-Zentyal,guest,13.14,17.19,1.25,0.3,65.61,67.88,0.9,0.59,1.26,6.55,39.2,0,normal,
W000365,2026-09-03T06:00:00,guest:101_win11,guest,13.07,22.57,2.86,0.31,58.24,61.96,0.07,0.28,1.68,10.4,38.02,0,normal,
W000366,2026-09-03T06:00:00,guest:402_NS1,guest,8.02,14.6,2.86,-1.63,31.22,32.34,-0.39,0.17,1.23,6.99,38.79,0,normal,
W000372,2026-09-03T06:30:00,guest:402_NS1,guest,7.93,11.48,0.78,-0.53,35.36,39.63,0.02,0.15,0.47,9.16,35.85,0,normal,
W000371,2026-09-03T06:30:00,guest:101_win11,guest,11.74,15.27,0.5,-0.58,56.29,57.78,0.44,0.47,1.3,6.39,40.04,0,normal,
W000370,2026-09-03T06:30:00,guest:100_AD-Zentyal,guest,11.8,18.34,2.92,-0.99,63.87,65.77,-0.89,0.26,0.99,7.02,40.62,0,normal,
W000367,2026-09-03T06:30:00,node:dl380-01,node,16.71,21.33,3.09,0.71,52.7,54.86,0.88,0.3,0.82,6.98,44.64,0,normal,
W000368,2026-09-03T06:30:00,node:dl360-04,node,17.47,23.38,1.06,-1.16,48.73,50.57,-0.23,0.26,1.09,10.17,47.35,0,normal,
W000369,2026-09-03T06:30:00,node:srvzy,node,12.4,16.77,3.07,0.45,42.56,45.27,0.24,0.28,1.18,10.69,41.52,0,normal,
W000377,2026-09-03T07:00:00,guest:101_win11,guest,17.42,33.78,2.79,-0.46,60.04,60.2,0.04,0.7,1.45,3.51,38.63,0,normal,
W000378,2026-09-03T07:00:00,guest:402_NS1,guest,15.02,22.15,1.66,-0.82,33.47,35.84,0.54,0.51,1.49,4.71,37.23,0,normal,
W000375,2026-09-03T07:00:00,node:srvzy,node,10.46,14.26,1.85,0.88,39.68,42.04,0.3,0.28,1.49,7.79,42.9,0,normal,
W000374,2026-09-03T07:00:00,node:dl360-04,node,24.4,34.8,2.53,0.67,50.49,51.84,0.22,0.14,0.69,12.09,49.69,0,normal,
W000376,2026-09-03T07:00:00,guest:100_AD-Zentyal,guest,12.51,21.56,1.73,0.42,64.35,65.3,-0.24,0.58,1.46,5.68,39.68,0,normal,
W000373,2026-09-03T07:00:00,node:dl380-01,node,24.86,33.31,2.94,-0.26,55.5,57.67,-0.31,0.67,1.33,11.03,41.6,0,normal,
W000379,2026-09-03T07:30:00,node:dl380-01,node,24.8,26.76,2.27,0.36,52.43,53.41,-0.04,0.4,1.63,10.53,45.33,0,normal,
W000380,2026-09-03T07:30:00,node:dl360-04,node,17.32,20.11,1.99,0.49,50.09,50.19,-0.31,0.54,1.37,4.45,51.76,0,normal,
W000381,2026-09-03T07:30:00,node:srvzy,node,12.83,19.98,2.9,-0.44,40.17,44.29,0.4,0.46,1.49,5.7,45.14,0,normal,
W000382,2026-09-03T07:30:00,guest:100_AD-Zentyal,guest,12.98,19.83,0.86,-2.45,65.06,66.25,-0.8,0.41,2.06,12.87,38.84,0,normal,
W000383,2026-09-03T07:30:00,guest:101_win11,guest,17.96,26.62,3.62,-0.41,57.54,59.84,0.22,0.27,1.03,12.85,41.04,0,normal,
W000384,2026-09-03T07:30:00,guest:402_NS1,guest,11.6,22.76,2.11,1.95,35.46,40.73,-0.48,0.16,1.13,9.9,42.15,0,normal,
W000390,2026-09-03T08:00:00,guest:402_NS1,guest,10.38,15.15,4.19,-0.86,33.78,35.65,0.17,0.21,0.38,7.4,41.92,0,normal,
W000389,2026-09-03T08:00:00,guest:101_win11,guest,21.38,32.91,2.89,-0.46,59.38,61.14,-0.15,0.11,1.47,2.38,41.2,0,normal,
W000388,2026-09-03T08:00:00,guest:100_AD-Zentyal,guest,21.92,26.52,3.37,-0.81,64.14,65.34,0.14,0.53,1.26,6.19,38.38,0,normal,
W000385,2026-09-03T08:00:00,node:dl380-01,node,22.66,31.38,3.66,0.85,53.27,56.68,0.49,0.42,1.3,10.68,45.88,0,normal,
W000386,2026-09-03T08:00:00,node:dl360-04,node,24.24,30.34,1.65,-1.26,48.65,50.87,-0.01,0.34,1.34,8.12,51.2,0,normal,
W000387,2026-09-03T08:00:00,node:srvzy,node,14.06,18.76,2.98,-2.2,40.58,43.56,-0.69,0.52,1.93,8.89,44.44,0,normal,
W000395,2026-09-03T08:30:00,guest:101_win11,guest,20.1,25.35,0.5,1.35,57.85,59.37,-0.22,0.37,0.81,3.23,40.61,0,normal,
W000396,2026-09-03T08:30:00,guest:402_NS1,guest,13.82,19.22,1.35,0.11,32.36,33.34,-0.3,0.47,1.12,8.66,42.93,0,normal,
W000394,2026-09-03T08:30:00,guest:100_AD-Zentyal,guest,19.65,27.36,0.73,2.2,62.85,66.38,0.41,0.42,0.87,10.45,39.29,0,normal,
W000391,2026-09-03T08:30:00,node:dl380-01,node,25.26,32.61,2.24,-0.79,58.02,59.83,-0.18,0.52,1.03,8.22,46.02,0,normal,
W000392,2026-09-03T08:30:00,node:dl360-04,node,22.0,28.78,4.59,0.4,45.72,48.05,0.02,0.31,1.21,9.91,48.92,0,normal,
W000393,2026-09-03T08:30:00,node:srvzy,node,17.15,21.52,1.55,3.63,40.71,42.81,-0.6,0.32,0.75,8.67,45.57,0,normal,
W000397,2026-09-03T09:00:00,node:dl380-01,node,28.3,35.32,2.13,-0.72,51.58,54.55,0.18,0.26,1.01,13.5,44.44,0,normal,
W000398,2026-09-03T09:00:00,node:dl360-04,node,22.01,24.6,4.27,1.05,46.55,47.04,-0.05,0.21,0.48,17.13,50.25,0,normal,
W000399,2026-09-03T09:00:00,node:srvzy,node,18.73,22.66,3.22,-0.46,42.01,44.62,-0.65,0.62,1.49,15.14,43.16,0,normal,
W000400,2026-09-03T09:00:00,guest:100_AD-Zentyal,guest,16.84,19.35,2.75,0.08,64.68,65.67,-0.51,0.29,0.9,9.24,43.1,0,normal,
W000401,2026-09-03T09:00:00,guest:101_win11,guest,21.78,31.59,1.97,0.29,58.42,58.72,0.57,0.27,1.37,9.04,40.53,0,normal,
W000402,2026-09-03T09:00:00,guest:402_NS1,guest,11.04,20.74,2.81,0.44,37.96,41.12,0.31,0.02,0.54,8.28,41.87,0,normal,
W000407,2026-09-03T09:30:00,guest:101_win11,guest,23.11,26.86,4.29,1.06,57.3,59.81,0.1,0.2,1.3,12.46,41.1,0,normal,
W000408,2026-09-03T09:30:00,guest:402_NS1,guest,13.92,21.22,2.73,0.07,34.36,38.06,-0.42,0.39,1.06,16.57,39.42,0,normal,
W000406,2026-09-03T09:30:00,guest:100_AD-Zentyal,guest,20.81,27.96,2.45,1.3,64.41,67.39,0.22,0.3,0.97,18.57,39.55,0,normal,
W000404,2026-09-03T09:30:00,node:dl360-04,node,26.93,28.74,1.54,0.4,46.63,48.6,-0.41,0.32,0.69,12.57,49.81,0,normal,
W000403,2026-09-03T09:30:00,node:dl380-01,node,27.67,29.5,2.31,-1.79,55.42,55.77,0.21,0.38,1.94,13.84,46.14,0,normal,
W000405,2026-09-03T09:30:00,node:srvzy,node,21.97,27.99,1.73,-0.3,40.1,42.5,0.24,0.79,1.35,10.49,43.91,0,normal,
W000409,2026-09-03T10:00:00,node:dl380-01,node,26.43,29.52,2.82,-1.65,55.14,55.29,0.1,0.2,0.4,15.76,45.54,0,normal,
W000410,2026-09-03T10:00:00,node:dl360-04,node,28.79,32.69,4.1,0.9,49.19,50.27,0.24,0.25,0.98,16.32,49.38,0,normal,
W000411,2026-09-03T10:00:00,node:srvzy,node,19.32,28.18,3.31,-0.19,42.48,42.74,-0.42,0.36,1.11,12.72,47.06,0,normal,
W000412,2026-09-03T10:00:00,guest:100_AD-Zentyal,guest,17.84,23.14,2.69,-0.84,68.58,71.49,0.12,0.66,0.86,12.48,42.05,0,normal,
W000413,2026-09-03T10:00:00,guest:101_win11,guest,20.8,27.7,1.39,0.83,60.9,63.18,-0.74,0.11,1.13,12.56,37.46,0,normal,
W000414,2026-09-03T10:00:00,guest:402_NS1,guest,20.35,26.76,1.68,1.19,34.78,36.09,0.14,0.66,2.11,13.58,42.19,0,normal,
W000419,2026-09-03T10:30:00,guest:101_win11,guest,23.81,31.48,2.38,0.23,57.1,60.39,-0.46,0.21,1.05,18.47,40.87,0,normal,
W000420,2026-09-03T10:30:00,guest:402_NS1,guest,13.67,18.02,4.16,-3.37,34.2,38.93,0.24,0.08,0.86,12.7,42.77,0,normal,
W000418,2026-09-03T10:30:00,guest:100_AD-Zentyal,guest,27.41,34.13,2.21,0.91,67.56,69.2,0.13,0.54,2.09,14.73,41.57,0,normal,
W000417,2026-09-03T10:30:00,node:srvzy,node,17.76,26.17,2.65,1.55,42.47,44.94,0.2,0.6,0.72,11.12,46.77,0,normal,
W000416,2026-09-03T10:30:00,node:dl360-04,node,27.56,33.25,4.14,0.37,51.79,54.83,0.15,0.12,0.3,11.07,51.64,0,normal,
W000415,2026-09-03T10:30:00,node:dl380-01,node,31.77,34.0,3.14,-0.88,56.57,58.35,0.2,0.32,0.75,13.04,48.46,0,normal,
W000421,2026-09-03T11:00:00,node:dl380-01,node,37.1,44.26,1.96,0.94,55.16,56.12,-0.7,0.01,0.45,10.0,48.59,0,normal,
W000422,2026-09-03T11:00:00,node:dl360-04,node,23.46,26.89,1.46,-0.57,50.32,53.84,-0.25,0.48,1.27,13.41,49.87,0,normal,
W000423,2026-09-03T11:00:00,node:srvzy,node,20.45,24.16,2.67,-0.28,41.71,44.71,0.17,0.21,1.07,13.28,44.82,0,normal,
W000424,2026-09-03T11:00:00,guest:100_AD-Zentyal,guest,23.9,28.04,1.56,-1.95,65.77,68.34,-0.28,0.8,1.96,17.45,43.31,0,normal,
W000425,2026-09-03T11:00:00,guest:101_win11,guest,32.14,35.78,0.5,-0.54,60.42,62.57,0.11,0.56,1.52,15.93,40.71,0,normal,
W000426,2026-09-03T11:00:00,guest:402_NS1,guest,13.82,24.67,2.6,-0.75,35.3,36.65,-0.28,0.04,0.24,12.95,41.23,0,normal,
W000430,2026-09-03T11:30:00,guest:100_AD-Zentyal,guest,22.41,29.15,3.63,-0.39,64.51,66.84,-0.13,0.27,0.95,20.26,38.76,0,normal,
W000429,2026-09-03T11:30:00,node:srvzy,node,24.54,27.89,1.92,1.96,44.98,46.62,0.11,0.33,0.63,10.82,46.05,0,normal,
W000431,2026-09-03T11:30:00,guest:101_win11,guest,24.3,30.29,1.72,1.08,60.88,62.83,-0.11,0.28,1.04,13.3,41.84,0,normal,
W000427,2026-09-03T11:30:00,node:dl380-01,node,34.53,41.41,2.77,-0.89,56.2,58.56,0.29,0.28,1.51,13.56,49.31,0,normal,
W000428,2026-09-03T11:30:00,node:dl360-04,node,25.94,26.5,2.77,0.87,52.45,54.87,-0.14,0.14,1.16,14.81,50.28,0,normal,
W000432,2026-09-03T11:30:00,guest:402_NS1,guest,18.54,26.8,1.27,-1.26,33.27,36.13,0.1,0.4,0.63,18.89,41.21,0,normal,
W000437,2026-09-03T12:00:00,guest:101_win11,guest,27.02,34.64,2.49,1.17,58.9,59.57,0.79,0.18,0.75,14.13,42.7,0,normal,
W000438,2026-09-03T12:00:00,guest:402_NS1,guest,17.57,23.52,2.46,0.21,32.49,36.37,-0.06,0.42,0.66,12.92,41.59,0,normal,
W000436,2026-09-03T12:00:00,guest:100_AD-Zentyal,guest,26.96,27.78,0.61,0.88,66.56,69.7,-0.35,0.37,1.51,12.99,41.96,0,normal,
W000435,2026-09-03T12:00:00,node:srvzy,node,21.68,27.77,2.15,1.47,42.2,44.51,0.03,0.01,0.28,14.37,49.57,0,normal,
W000434,2026-09-03T12:00:00,node:dl360-04,node,32.64,34.14,4.1,0.24,46.96,48.62,0.26,0.25,1.34,11.78,49.64,0,normal,
W000433,2026-09-03T12:00:00,node:dl380-01,node,32.52,41.08,1.51,-0.66,57.05,61.91,0.12,0.62,1.9,15.43,47.11,0,normal,
W000439,2026-09-03T12:30:00,node:dl380-01,node,37.07,41.31,3.26,-0.78,55.92,57.67,0.51,0.08,0.35,8.49,46.97,0,normal,
W000440,2026-09-03T12:30:00,node:dl360-04,node,26.09,27.24,1.77,-2.42,49.9,53.1,0.16,0.34,0.74,9.72,49.89,0,normal,
W000441,2026-09-03T12:30:00,node:srvzy,node,21.78,30.38,3.4,0.76,42.4,44.43,-0.13,0.26,1.87,9.04,46.25,0,normal,
W000442,2026-09-03T12:30:00,guest:100_AD-Zentyal,guest,29.17,30.77,1.86,-0.63,66.33,66.73,0.24,0.43,1.44,11.72,42.73,0,normal,
W000443,2026-09-03T12:30:00,guest:101_win11,guest,23.78,28.78,4.65,0.11,57.59,59.77,-0.54,0.06,0.44,13.0,44.0,0,normal,
W000444,2026-09-03T12:30:00,guest:402_NS1,guest,20.95,28.52,1.4,-0.65,37.22,38.59,-0.11,0.39,1.05,15.01,44.99,0,normal,
W000450,2026-09-03T13:00:00,guest:402_NS1,guest,17.08,22.59,4.39,1.66,37.57,39.54,0.34,0.53,0.99,14.6,40.16,0,normal,
W000449,2026-09-03T13:00:00,guest:101_win11,guest,33.79,41.4,2.11,-0.8,60.39,60.72,0.28,0.11,1.06,13.26,42.5,0,normal,
W000448,2026-09-03T13:00:00,guest:100_AD-Zentyal,guest,28.63,35.19,1.18,-1.7,68.95,72.15,0.13,0.6,1.82,16.88,41.53,0,normal,
W000445,2026-09-03T13:00:00,node:dl380-01,node,32.13,41.66,3.06,-1.76,54.95,56.11,-0.34,0.28,1.33,18.6,49.36,0,normal,
W000446,2026-09-03T13:00:00,node:dl360-04,node,28.17,28.41,2.57,0.03,52.26,56.37,0.5,0.46,0.87,13.29,51.76,0,normal,
W000447,2026-09-03T13:00:00,node:srvzy,node,20.01,27.51,2.86,-1.31,46.09,48.19,-0.69,0.29,1.2,17.75,46.39,0,normal,
W000455,2026-09-03T13:30:00,guest:101_win11,guest,27.9,31.22,2.24,-0.36,58.68,61.11,0.09,0.02,0.16,16.1,41.67,0,normal,
W000456,2026-09-03T13:30:00,guest:402_NS1,guest,20.78,29.13,1.23,-1.69,39.95,42.3,-0.17,0.11,0.71,11.26,44.22,0,normal,
W000454,2026-09-03T13:30:00,guest:100_AD-Zentyal,guest,26.69,31.21,3.33,-1.87,66.81,68.25,-0.27,0.39,1.62,13.8,44.07,0,normal,
W000451,2026-09-03T13:30:00,node:dl380-01,node,36.66,48.85,2.58,-2.55,58.03,59.12,-0.27,0.43,1.33,13.37,47.92,0,normal,
W000452,2026-09-03T13:30:00,node:dl360-04,node,30.17,34.94,1.39,-0.4,52.54,54.37,-0.57,0.5,0.79,13.49,50.97,0,normal,
W000453,2026-09-03T13:30:00,node:srvzy,node,23.25,30.93,3.63,-0.85,44.99,47.18,-0.68,0.68,0.9,16.09,47.48,0,normal,
W000457,2026-09-03T14:00:00,node:dl380-01,node,30.28,39.56,2.1,-1.25,56.23,56.86,-0.05,0.27,1.4,9.34,50.74,0,normal,
W000458,2026-09-03T14:00:00,node:dl360-04,node,32.87,42.63,2.45,1.22,49.35,52.06,-0.31,0.03,0.38,15.02,50.76,0,normal,
W000459,2026-09-03T14:00:00,node:srvzy,node,24.32,24.89,0.5,1.65,45.63,46.58,-0.0,0.5,1.47,15.44,48.64,0,normal,
W000460,2026-09-03T14:00:00,guest:100_AD-Zentyal,guest,23.44,29.54,2.48,-0.33,66.3,68.37,0.01,0.09,1.21,12.07,42.67,0,normal,
W000461,2026-09-03T14:00:00,guest:101_win11,guest,26.97,34.04,0.5,1.07,58.78,62.0,-0.19,0.29,1.86,14.17,44.86,0,normal,
W000462,2026-09-03T14:00:00,guest:402_NS1,guest,20.14,27.38,2.57,1.02,35.77,36.78,-0.26,0.32,1.03,17.13,44.96,0,normal,
W000467,2026-09-03T14:30:00,guest:101_win11,guest,24.72,30.76,2.51,-1.64,59.03,60.71,0.17,0.39,0.96,16.41,42.73,0,normal,
W000468,2026-09-03T14:30:00,guest:402_NS1,guest,9.96,14.5,3.58,-2.02,37.2,40.79,-0.3,0.3,0.58,19.88,42.88,0,normal,
W000466,2026-09-03T14:30:00,guest:100_AD-Zentyal,guest,28.29,34.8,1.08,-0.39,66.85,68.34,0.59,0.4,1.75,15.79,43.12,0,normal,
W000465,2026-09-03T14:30:00,node:srvzy,node,22.09,29.92,2.31,-0.28,44.02,46.81,0.66,0.42,1.54,14.4,45.94,0,normal,
W000464,2026-09-03T14:30:00,node:dl360-04,node,38.09,41.25,1.48,-1.05,54.89,57.93,-0.05,0.31,0.78,17.67,51.43,0,normal,
W000463,2026-09-03T14:30:00,node:dl380-01,node,29.58,33.38,1.06,2.44,57.55,60.03,-0.54,0.3,1.3,14.24,50.61,0,normal,
W000469,2026-09-03T15:00:00,node:dl380-01,node,32.89,42.95,3.16,-1.05,55.77,58.26,-0.25,0.12,0.9,10.39,51.32,0,normal,
W000470,2026-09-03T15:00:00,node:dl360-04,node,30.35,33.63,1.8,-2.27,49.95,52.97,0.89,0.45,1.21,13.53,50.46,0,normal,
W000471,2026-09-03T15:00:00,node:srvzy,node,29.94,35.37,4.62,1.67,40.8,42.13,-0.27,0.28,1.06,23.82,45.28,0,normal,
W000472,2026-09-03T15:00:00,guest:100_AD-Zentyal,guest,26.53,34.38,2.5,0.13,65.05,67.16,0.2,0.37,1.39,19.07,44.3,0,normal,
W000473,2026-09-03T15:00:00,guest:101_win11,guest,27.98,30.46,1.9,-0.26,60.39,61.91,-0.37,0.06,0.2,14.12,40.69,0,normal,
W000474,2026-09-03T15:00:00,guest:402_NS1,guest,16.23,21.04,1.16,0.46,38.26,39.71,-0.17,0.41,0.92,12.48,44.69,0,normal,
W000479,2026-09-03T15:30:00,guest:101_win11,guest,29.47,37.06,1.52,-0.13,57.22,57.22,0.3,0.15,1.3,18.15,41.97,0,normal,
W000478,2026-09-03T15:30:00,guest:100_AD-Zentyal,guest,30.72,41.85,3.98,0.94,64.67,67.16,-0.5,0.0,0.9,16.4,44.25,0,normal,
W000480,2026-09-03T15:30:00,guest:402_NS1,guest,21.79,25.81,0.65,0.15,36.08,37.64,0.79,0.01,0.96,11.85,44.26,0,normal,
W000476,2026-09-03T15:30:00,node:dl360-04,node,28.64,37.24,0.91,-0.65,55.61,56.99,-0.1,0.12,1.06,12.62,51.62,0,normal,
W000475,2026-09-03T15:30:00,node:dl380-01,node,35.82,43.63,3.43,-2.37,59.37,61.76,0.4,0.38,1.2,14.0,49.45,0,normal,
W000477,2026-09-03T15:30:00,node:srvzy,node,25.7,29.6,3.29,0.99,45.83,47.97,1.3,0.51,1.44,12.2,46.75,0,normal,
W000485,2026-09-03T16:00:00,guest:101_win11,guest,28.77,36.45,2.89,0.48,60.28,63.97,0.44,0.09,1.21,17.01,43.07,0,normal,
W000484,2026-09-03T16:00:00,guest:100_AD-Zentyal,guest,29.58,29.79,2.75,0.83,63.98,65.33,-0.34,0.3,1.76,20.4,41.38,0,normal,
W000486,2026-09-03T16:00:00,guest:402_NS1,guest,22.89,29.45,2.7,0.15,33.1,35.02,-0.27,0.06,1.44,15.84,42.55,0,normal,
W000482,2026-09-03T16:00:00,node:dl360-04,node,34.04,37.82,2.46,0.74,52.45,53.68,-0.32,0.5,1.77,18.87,54.3,0,normal,
W000481,2026-09-03T16:00:00,node:dl380-01,node,32.97,40.11,1.56,-0.92,58.4,62.17,0.19,0.12,1.06,21.61,48.75,0,normal,
W000483,2026-09-03T16:00:00,node:srvzy,node,22.4,27.47,3.85,0.86,41.96,42.93,0.2,0.26,1.05,17.55,47.74,0,normal,
W000487,2026-09-03T16:30:00,node:dl380-01,node,29.95,36.84,3.49,-0.99,56.72,59.59,-0.77,0.29,0.92,13.93,47.85,0,normal,
W000488,2026-09-03T16:30:00,node:dl360-04,node,29.41,41.18,2.18,0.35,55.32,56.77,0.73,0.3,1.81,16.58,52.06,0,normal,
W000489,2026-09-03T16:30:00,node:srvzy,node,21.7,25.83,2.58,1.08,43.71,45.39,-0.1,0.5,1.79,12.33,45.6,0,normal,
W000490,2026-09-03T16:30:00,guest:100_AD-Zentyal,guest,26.26,36.84,3.65,-1.5,66.26,67.33,-0.11,0.62,0.85,9.47,41.36,0,normal,
W000491,2026-09-03T16:30:00,guest:101_win11,guest,27.93,35.8,2.94,1.41,56.56,59.75,-0.12,0.45,0.72,14.34,42.95,0,normal,
W000492,2026-09-03T16:30:00,guest:402_NS1,guest,22.97,24.22,2.53,-1.3,37.64,40.42,0.51,0.19,1.36,18.41,40.13,0,normal,
W000496,2026-09-03T17:00:00,guest:100_AD-Zentyal,guest,24.22,29.62,1.63,2.11,64.56,65.84,0.23,0.07,1.38,15.41,43.47,0,normal,
W000495,2026-09-03T17:00:00,node:srvzy,node,21.79,29.24,2.49,-1.6,44.72,46.67,0.46,0.16,0.32,13.43,48.07,0,normal,
W000497,2026-09-03T17:00:00,guest:101_win11,guest,27.61,33.13,1.44,-0.17,57.66,60.14,0.32,0.6,1.54,16.31,41.68,0,normal,
W000493,2026-09-03T17:00:00,node:dl380-01,node,32.8,41.68,2.24,-1.45,58.11,58.91,-0.07,0.29,1.38,11.66,47.09,0,normal,
W000494,2026-09-03T17:00:00,node:dl360-04,node,28.0,37.02,4.79,-1.81,51.98,52.9,0.41,0.11,0.64,11.77,51.01,0,normal,
W000498,2026-09-03T17:00:00,guest:402_NS1,guest,15.98,23.4,2.11,0.32,34.5,35.62,0.25,0.48,0.88,15.55,41.32,0,normal,
W000504,2026-09-03T17:30:00,guest:402_NS1,guest,9.92,17.62,1.29,0.16,37.08,39.68,-0.48,0.29,1.76,18.68,43.6,0,normal,
W000503,2026-09-03T17:30:00,guest:101_win11,guest,27.25,33.9,2.27,-0.04,58.12,60.73,-0.02,0.33,1.28,10.07,40.78,0,normal,
W000502,2026-09-03T17:30:00,guest:100_AD-Zentyal,guest,22.25,28.47,3.93,0.97,64.64,67.32,0.26,0.14,1.28,13.05,40.01,0,normal,
W000501,2026-09-03T17:30:00,node:srvzy,node,20.92,24.08,1.99,-1.47,43.72,46.15,0.16,0.3,0.49,11.68,45.51,0,normal,
W000500,2026-09-03T17:30:00,node:dl360-04,node,25.75,34.1,2.85,-0.72,52.48,55.2,-0.31,0.2,0.29,10.26,50.01,0,normal,
W000499,2026-09-03T17:30:00,node:dl380-01,node,30.71,40.97,3.31,0.96,59.85,61.15,-0.39,0.16,0.85,6.47,47.81,0,normal,
W000505,2026-09-03T18:00:00,node:dl380-01,node,30.18,33.17,3.22,-0.19,57.01,58.38,-0.07,0.33,1.23,13.98,46.63,0,normal,
W000506,2026-09-03T18:00:00,node:dl360-04,node,21.3,32.17,4.99,0.54,48.62,49.84,0.2,0.57,0.88,12.13,50.79,0,normal,
W000507,2026-09-03T18:00:00,node:srvzy,node,22.03,27.0,0.94,0.75,45.02,46.94,0.16,0.21,0.67,15.58,46.08,0,normal,
W000508,2026-09-03T18:00:00,guest:100_AD-Zentyal,guest,23.72,34.22,1.45,-0.66,66.28,67.72,0.31,0.26,0.67,12.7,41.76,0,normal,
W000509,2026-09-03T18:00:00,guest:101_win11,guest,27.27,34.45,2.96,0.38,58.66,59.94,0.12,0.23,1.71,16.53,42.45,0,normal,
W000510,2026-09-03T18:00:00,guest:402_NS1,guest,17.32,23.06,1.24,-0.26,36.18,38.41,0.19,0.48,1.01,10.45,43.68,0,normal,
W000515,2026-09-03T18:30:00,guest:101_win11,guest,24.03,30.53,2.88,0.29,58.52,60.81,0.4,0.28,1.21,11.94,40.53,0,normal,
W000514,2026-09-03T18:30:00,guest:100_AD-Zentyal,guest,19.04,20.26,2.54,0.47,63.43,66.2,0.24,0.19,0.92,6.65,41.0,0,normal,
W000516,2026-09-03T18:30:00,guest:402_NS1,guest,17.83,22.16,2.89,0.03,35.45,37.12,-0.2,0.03,0.98,13.19,42.77,0,normal,
W000512,2026-09-03T18:30:00,node:dl360-04,node,30.3,37.51,1.89,0.81,54.45,54.46,0.61,0.25,1.43,12.47,46.98,0,normal,
W000511,2026-09-03T18:30:00,node:dl380-01,node,31.7,36.53,2.39,-0.12,56.06,58.53,1.01,0.34,1.4,7.44,46.77,0,normal,
W000513,2026-09-03T18:30:00,node:srvzy,node,20.56,30.01,2.86,0.7,42.26,42.4,0.28,0.65,1.9,6.54,43.23,0,normal,
W000521,2026-09-03T19:00:00,guest:101_win11,guest,22.6,29.19,0.79,-0.65,60.58,61.25,-0.86,0.31,1.65,11.42,40.27,0,normal,
W000520,2026-09-03T19:00:00,guest:100_AD-Zentyal,guest,29.07,30.54,2.26,-0.01,64.68,67.72,0.19,0.33,1.45,11.34,45.55,0,normal,
W000522,2026-09-03T19:00:00,guest:402_NS1,guest,7.57,14.92,3.16,-2.14,37.56,40.33,0.45,0.42,1.48,12.86,42.08,0,normal,
W000518,2026-09-03T19:00:00,node:dl360-04,node,22.84,28.03,3.94,0.79,54.48,56.73,-0.16,0.18,0.24,10.46,51.49,0,normal,
W000517,2026-09-03T19:00:00,node:dl380-01,node,25.21,36.9,2.12,-1.05,53.73,54.0,0.61,0.57,1.61,8.61,49.49,0,normal,
W000519,2026-09-03T19:00:00,node:srvzy,node,19.17,25.23,1.51,0.27,44.34,46.77,0.07,0.14,1.29,1.9,45.35,0,normal,
W000523,2026-09-03T19:30:00,node:dl380-01,node,20.7,22.2,1.76,-0.16,56.22,58.54,0.45,0.53,0.98,12.01,45.5,0,normal,
W000524,2026-09-03T19:30:00,node:dl360-04,node,23.41,30.38,0.91,2.89,51.54,52.94,0.77,0.23,1.08,9.83,52.25,0,normal,
W000525,2026-09-03T19:30:00,node:srvzy,node,16.7,23.15,3.7,0.7,42.42,45.53,1.02,0.36,1.21,11.81,46.74,0,normal,
W000526,2026-09-03T19:30:00,guest:100_AD-Zentyal,guest,17.97,23.14,0.96,-1.42,64.59,66.53,0.71,0.41,0.84,9.11,42.84,0,normal,
W000527,2026-09-03T19:30:00,guest:101_win11,guest,26.01,32.1,2.06,1.35,56.73,59.12,0.91,0.34,0.83,12.53,40.07,0,normal,
W000528,2026-09-03T19:30:00,guest:402_NS1,guest,9.19,17.29,3.62,-0.37,34.84,35.88,-0.06,0.19,0.58,16.97,41.48,0,normal,
W000533,2026-09-03T20:00:00,guest:101_win11,guest,22.73,28.66,3.64,1.58,60.16,63.36,-0.41,0.4,0.95,5.05,39.57,0,normal,
W000534,2026-09-03T20:00:00,guest:402_NS1,guest,16.64,24.02,4.52,0.21,39.41,41.58,0.01,0.04,1.29,8.49,39.03,0,normal,
W000532,2026-09-03T20:00:00,guest:100_AD-Zentyal,guest,20.56,29.45,3.95,0.68,64.93,67.94,0.43,0.43,0.65,7.48,39.59,0,normal,
W000531,2026-09-03T20:00:00,node:srvzy,node,14.39,14.45,3.43,-0.92,41.94,42.51,-0.23,0.24,1.04,11.44,46.16,0,normal,
W000530,2026-09-03T20:00:00,node:dl360-04,node,21.29,21.61,3.01,1.16,54.55,56.16,-0.22,0.08,0.96,10.61,47.78,0,normal,
W000529,2026-09-03T20:00:00,node:dl380-01,node,27.0,35.65,3.27,-0.5,55.49,57.22,0.18,0.37,1.02,6.01,46.22,0,normal,
W000535,2026-09-03T20:30:00,node:dl380-01,node,29.48,38.96,3.63,-0.43,54.91,56.85,0.31,0.61,1.56,15.92,47.35,0,normal,
W000536,2026-09-03T20:30:00,node:dl360-04,node,21.18,29.66,4.21,2.4,52.14,54.16,-0.09,0.42,1.88,11.3,49.68,0,normal,
W000537,2026-09-03T20:30:00,node:srvzy,node,15.18,20.2,2.34,0.16,45.09,46.85,0.02,0.13,1.21,14.1,46.44,0,normal,
W000538,2026-09-03T20:30:00,guest:100_AD-Zentyal,guest,18.71,26.43,2.35,0.63,65.57,67.62,0.06,0.39,1.07,9.27,42.56,0,normal,
W000539,2026-09-03T20:30:00,guest:101_win11,guest,29.49,31.87,1.24,-1.15,57.81,60.71,0.24,0.33,1.35,7.92,39.63,0,normal,
W000540,2026-09-03T20:30:00,guest:402_NS1,guest,11.93,13.18,1.34,-1.35,36.38,38.62,0.24,0.07,0.27,11.99,35.83,0,normal,
W000545,2026-09-03T21:00:00,guest:101_win11,guest,18.56,23.08,0.5,1.11,57.92,59.61,-0.39,0.01,0.9,13.55,39.53,0,normal,
W000544,2026-09-03T21:00:00,guest:100_AD-Zentyal,guest,13.95,18.29,1.1,-0.9,67.18,68.97,0.28,0.2,1.22,8.22,38.5,0,normal,
W000546,2026-09-03T21:00:00,guest:402_NS1,guest,5.09,11.77,2.45,1.04,35.57,36.56,0.22,0.1,0.33,8.14,39.84,0,normal,
W000542,2026-09-03T21:00:00,node:dl360-04,node,20.38,23.65,3.28,-1.74,51.72,53.31,-0.56,0.62,1.39,14.43,50.06,0,normal,
W000541,2026-09-03T21:00:00,node:dl380-01,node,27.22,27.75,3.34,-1.07,56.37,61.58,-0.91,0.44,0.52,9.99,44.91,0,normal,
W000543,2026-09-03T21:00:00,node:srvzy,node,10.14,15.88,2.62,1.83,42.27,44.45,-0.08,0.29,1.61,8.72,42.63,0,normal,
W000551,2026-09-03T21:30:00,guest:101_win11,guest,17.59,25.53,1.96,-1.26,57.06,60.16,-0.21,0.13,0.99,10.2,41.69,0,normal,
W000550,2026-09-03T21:30:00,guest:100_AD-Zentyal,guest,11.22,19.55,2.44,1.05,63.52,66.35,-0.06,0.15,0.79,5.11,42.21,0,normal,
W000552,2026-09-03T21:30:00,guest:402_NS1,guest,11.17,19.1,3.22,-1.38,32.75,33.66,-0.53,0.46,1.38,8.94,35.33,0,normal,
W000548,2026-09-03T21:30:00,node:dl360-04,node,13.95,19.51,3.11,-1.6,50.38,52.47,-0.26,0.47,0.55,9.75,50.65,0,normal,
W000547,2026-09-03T21:30:00,node:dl380-01,node,17.19,25.3,3.26,0.06,52.92,53.94,0.41,0.0,1.23,8.21,45.08,0,normal,
W000549,2026-09-03T21:30:00,node:srvzy,node,17.97,25.14,2.2,-0.76,40.94,43.48,-0.32,0.45,2.1,8.52,41.21,0,normal,
W000553,2026-09-03T22:00:00,node:dl380-01,node,28.19,31.51,4.55,-1.74,52.54,52.74,0.14,0.08,0.45,3.38,45.67,0,normal,
W000554,2026-09-03T22:00:00,node:dl360-04,node,20.49,31.93,1.81,0.26,46.68,48.34,-0.21,0.39,1.6,10.47,46.24,0,normal,
W000555,2026-09-03T22:00:00,node:srvzy,node,14.49,20.36,2.18,-0.85,39.99,43.73,0.12,0.33,1.03,14.84,44.46,0,normal,
W000556,2026-09-03T22:00:00,guest:100_AD-Zentyal,guest,11.48,16.66,2.29,0.18,62.74,65.18,0.58,0.04,0.39,6.05,37.84,0,normal,
W000557,2026-09-03T22:00:00,guest:101_win11,guest,22.99,32.0,3.44,-0.32,56.48,57.03,0.31,0.4,1.71,6.87,38.29,0,normal,
W000558,2026-09-03T22:00:00,guest:402_NS1,guest,8.6,17.27,1.03,0.88,33.96,34.9,-0.83,0.27,1.65,12.52,39.03,0,normal,
W000563,2026-09-03T22:30:00,guest:101_win11,guest,16.8,23.0,4.21,-0.28,56.69,59.55,-0.53,0.26,0.87,7.08,39.77,0,normal,
W000562,2026-09-03T22:30:00,guest:100_AD-Zentyal,guest,14.85,18.55,2.53,-3.13,62.05,64.08,0.34,0.09,0.74,10.53,36.32,0,normal,
W000564,2026-09-03T22:30:00,guest:402_NS1,guest,9.94,13.69,2.64,1.79,32.5,34.65,-0.08,0.29,0.44,11.73,37.34,0,normal,
W000560,2026-09-03T22:30:00,node:dl360-04,node,17.28,28.58,4.59,-1.99,48.36,49.33,0.4,0.36,0.9,7.72,46.78,0,normal,
W000559,2026-09-03T22:30:00,node:dl380-01,node,27.87,33.74,3.45,-0.54,53.07,54.4,-0.82,0.56,1.1,5.1,42.73,0,normal,
W000561,2026-09-03T22:30:00,node:srvzy,node,16.65,24.29,3.17,-3.2,40.88,44.96,0.53,0.07,0.74,3.9,45.07,0,normal,
W000565,2026-09-03T23:00:00,node:dl380-01,node,22.93,27.07,1.87,1.46,55.37,57.58,0.3,0.24,1.04,4.48,45.23,0,normal,
W000566,2026-09-03T23:00:00,node:dl360-04,node,13.92,24.37,2.18,0.02,49.95,51.98,-0.12,0.29,1.45,4.48,46.69,0,normal,
W000567,2026-09-03T23:00:00,node:srvzy,node,9.38,17.97,2.4,2.17,40.3,42.07,-0.07,0.04,0.42,4.87,43.58,0,normal,
W000568,2026-09-03T23:00:00,guest:100_AD-Zentyal,guest,12.23,16.77,3.73,1.86,65.85,66.99,-0.2,0.66,1.56,5.66,38.96,0,normal,
W000569,2026-09-03T23:00:00,guest:101_win11,guest,17.87,22.15,2.72,1.11,54.5,56.51,-0.45,0.1,0.68,7.9,37.4,0,normal,
W000570,2026-09-03T23:00:00,guest:402_NS1,guest,4.07,10.23,1.35,0.51,35.62,37.54,-0.08,0.37,0.39,8.07,42.53,0,normal,
W000575,2026-09-03T23:30:00,guest:101_win11,guest,11.12,20.05,1.13,-0.3,56.77,58.27,0.11,0.81,1.56,5.16,39.4,0,normal,
W000574,2026-09-03T23:30:00,guest:100_AD-Zentyal,guest,11.13,20.93,1.05,0.68,65.78,67.86,0.22,0.65,2.23,6.28,37.08,0,normal,
W000576,2026-09-03T23:30:00,guest:402_NS1,guest,7.18,17.5,2.66,-0.3,30.38,30.76,-0.73,0.38,0.63,10.23,37.92,0,normal,
W000572,2026-09-03T23:30:00,node:dl360-04,node,11.86,21.56,1.54,0.09,47.04,48.5,0.59,0.32,0.9,3.03,44.07,0,normal,
W000571,2026-09-03T23:30:00,node:dl380-01,node,18.91,24.56,3.24,1.97,55.34,55.5,0.23,0.81,1.86,3.0,44.3,0,normal,
W000573,2026-09-03T23:30:00,node:srvzy,node,4.96,11.3,3.48,-0.67,43.41,44.7,-0.1,0.08,1.28,12.76,39.24,0,normal,
W000581,2026-09-04T00:00:00,guest:101_win11,guest,14.86,27.09,3.99,-1.81,55.3,57.72,-0.03,0.02,0.97,5.64,40.27,0,normal,
W000580,2026-09-04T00:00:00,guest:100_AD-Zentyal,guest,11.51,15.53,2.64,-2.13,64.5,66.82,-0.02,0.22,0.66,7.85,35.65,0,normal,
W000582,2026-09-04T00:00:00,guest:402_NS1,guest,4.19,13.69,1.23,-1.23,34.57,37.65,-0.38,0.3,0.55,5.13,38.66,0,normal,
W000578,2026-09-04T00:00:00,node:dl360-04,node,12.21,24.42,1.92,1.87,47.93,50.74,0.29,0.53,0.99,8.9,49.17,0,normal,
W000577,2026-09-04T00:00:00,node:dl380-01,node,17.22,20.69,3.12,-0.97,51.49,54.68,0.14,0.25,1.31,5.7,43.98,0,normal,
W000579,2026-09-04T00:00:00,node:srvzy,node,7.17,13.27,1.98,-0.42,43.35,44.34,-0.38,0.62,1.67,12.03,40.73,0,normal,
W000583,2026-09-04T00:30:00,node:dl380-01,node,16.55,21.8,1.37,-0.78,56.43,58.51,-0.4,0.24,0.4,2.63,45.44,0,normal,
W000584,2026-09-04T00:30:00,node:dl360-04,node,14.57,26.25,2.4,-0.04,49.42,50.09,0.08,0.29,1.68,8.56,44.7,0,normal,
W000585,2026-09-04T00:30:00,node:srvzy,node,12.42,17.63,1.6,0.24,39.9,43.44,0.14,0.34,1.5,8.95,42.58,0,normal,
W000586,2026-09-04T00:30:00,guest:100_AD-Zentyal,guest,16.04,23.87,2.67,1.49,63.1,65.14,0.69,0.62,1.42,4.31,39.6,0,normal,
W000587,2026-09-04T00:30:00,guest:101_win11,guest,15.87,22.82,2.18,0.4,56.23,57.56,0.05,0.35,1.0,8.38,39.34,0,normal,
W000588,2026-09-04T00:30:00,guest:402_NS1,guest,8.47,13.64,3.26,0.09,31.04,33.72,0.06,0.82,2.2,7.8,37.78,0,normal,
W000593,2026-09-04T01:00:00,guest:101_win11,guest,8.26,11.61,2.91,0.26,57.99,60.74,0.43,0.42,1.31,8.47,38.48,0,normal,
W000592,2026-09-04T01:00:00,guest:100_AD-Zentyal,guest,13.68,18.0,2.61,-0.78,63.78,65.13,-0.27,0.38,1.13,0.61,34.92,0,normal,
W000594,2026-09-04T01:00:00,guest:402_NS1,guest,5.59,15.4,0.5,-0.35,32.52,35.67,0.63,0.01,1.37,1.66,35.39,0,normal,
W000590,2026-09-04T01:00:00,node:dl360-04,node,20.31,28.29,1.94,-0.08,48.02,49.25,-0.31,0.5,1.13,1.89,46.04,0,normal,
W000591,2026-09-04T01:00:00,node:srvzy,node,7.69,7.77,2.46,1.04,40.88,45.11,0.5,0.59,2.51,7.44,41.35,0,normal,
W000589,2026-09-04T01:00:00,node:dl380-01,node,17.85,20.83,0.76,-1.05,52.98,53.09,-0.22,0.25,0.96,3.19,42.59,0,normal,
W000595,2026-09-04T01:30:00,node:dl380-01,node,16.45,21.5,0.94,0.78,54.29,57.35,-0.17,0.29,1.08,10.23,38.85,0,normal,
W000596,2026-09-04T01:30:00,node:dl360-04,node,10.92,16.94,1.41,-0.31,47.84,49.18,0.03,0.43,1.13,3.81,45.85,0,normal,
W000597,2026-09-04T01:30:00,node:srvzy,node,7.25,8.03,2.96,-0.54,42.34,44.93,0.47,0.1,0.75,1.44,40.04,0,normal,
W000598,2026-09-04T01:30:00,guest:100_AD-Zentyal,guest,14.65,25.12,1.35,-0.55,62.93,65.52,-0.7,0.02,1.02,0.68,36.43,0,normal,
W000599,2026-09-04T01:30:00,guest:101_win11,guest,12.84,20.09,2.36,-0.44,57.59,59.87,-0.26,0.31,1.26,10.33,38.28,0,normal,
W000600,2026-09-04T01:30:00,guest:402_NS1,guest,8.52,12.69,1.98,-0.28,32.81,33.8,0.51,0.48,1.15,7.1,37.44,0,normal,
W000601,2026-09-04T02:00:00,node:dl380-01,node,84.87,87.87,1.2,0.1,54.12,55.49,-1.0,0.08,0.86,5.19,45.53,0,normal,
W000602,2026-09-04T02:00:00,node:dl360-04,node,14.29,20.19,3.6,-0.71,47.75,48.66,0.57,0.38,0.9,4.66,46.76,0,normal,
W000603,2026-09-04T02:00:00,node:srvzy,node,6.12,10.52,1.85,0.41,39.36,40.9,-0.53,0.32,1.04,4.04,41.3,0,normal,
W000604,2026-09-04T02:00:00,guest:100_AD-Zentyal,guest,12.62,20.72,3.05,-0.29,61.98,62.94,-0.24,0.3,0.79,5.29,35.55,0,normal,
W000605,2026-09-04T02:00:00,guest:101_win11,guest,6.19,14.64,2.03,-1.0,54.03,56.45,0.55,0.22,0.93,8.21,34.28,0,normal,
W000606,2026-09-04T02:00:00,guest:402_NS1,guest,10.88,24.22,0.5,-0.12,31.71,33.44,-0.17,0.46,1.22,2.27,36.74,0,normal,
W000612,2026-09-04T02:30:00,guest:402_NS1,guest,3.25,14.75,0.77,1.1,32.82,34.49,-0.55,0.42,1.49,10.36,38.51,0,normal,
W000610,2026-09-04T02:30:00,guest:100_AD-Zentyal,guest,10.0,14.53,2.16,0.96,65.7,68.89,-0.16,0.34,0.82,2.03,35.28,0,normal,
W000611,2026-09-04T02:30:00,guest:101_win11,guest,10.47,17.22,0.59,-0.06,58.73,61.85,-0.23,0.02,1.0,1.95,38.67,0,normal,
W000609,2026-09-04T02:30:00,node:srvzy,node,5.26,7.99,2.21,-0.56,39.41,42.36,-0.31,0.65,0.92,9.85,39.48,0,normal,
W000607,2026-09-04T02:30:00,node:dl380-01,node,81.92,84.92,1.2,0.1,51.84,53.71,-0.16,0.41,1.92,6.74,40.72,0,normal,
W000608,2026-09-04T02:30:00,node:dl360-04,node,12.6,17.8,0.78,0.98,46.04,49.54,0.73,0.25,1.23,1.3,46.94,0,normal,
W000613,2026-09-04T03:00:00,node:dl380-01,node,83.45,86.45,1.2,0.1,51.67,55.15,0.21,0.37,1.04,7.15,43.08,0,normal,
W000614,2026-09-04T03:00:00,node:dl360-04,node,16.71,22.28,1.7,0.72,47.95,50.44,-0.18,0.06,1.55,9.81,47.43,0,normal,
W000615,2026-09-04T03:00:00,node:srvzy,node,5.92,11.01,3.88,-0.42,38.93,42.8,-0.02,0.65,0.89,6.72,44.21,0,normal,
W000616,2026-09-04T03:00:00,guest:100_AD-Zentyal,guest,10.38,15.58,1.33,1.3,61.68,63.59,-0.49,0.61,1.87,5.08,35.37,0,normal,
W000617,2026-09-04T03:00:00,guest:101_win11,guest,17.65,22.55,1.39,-2.11,54.91,55.45,-0.25,0.45,1.1,6.24,36.02,0,normal,
W000618,2026-09-04T03:00:00,guest:402_NS1,guest,4.5,16.26,2.15,0.46,30.25,33.77,-0.19,0.51,1.26,7.01,38.11,0,normal,
W000624,2026-09-04T03:30:00,guest:402_NS1,guest,2.0,12.64,2.58,-0.35,33.93,35.35,0.06,0.01,1.25,4.86,38.84,0,normal,
W000623,2026-09-04T03:30:00,guest:101_win11,guest,16.58,28.24,2.48,-1.55,55.31,57.32,-0.4,0.63,2.33,6.61,37.09,0,normal,
W000622,2026-09-04T03:30:00,guest:100_AD-Zentyal,guest,9.91,21.23,1.71,0.89,62.96,64.63,0.25,0.24,0.5,4.02,39.01,0,normal,
W000619,2026-09-04T03:30:00,node:dl380-01,node,83.19,86.19,1.2,0.1,52.37,54.72,-0.18,0.31,0.68,5.91,43.17,0,normal,
W000620,2026-09-04T03:30:00,node:dl360-04,node,14.08,20.48,1.88,-0.15,46.26,50.6,0.42,0.35,1.62,0.77,42.27,0,normal,
W000621,2026-09-04T03:30:00,node:srvzy,node,5.88,7.74,2.26,0.25,41.72,42.59,0.16,0.3,1.24,3.61,43.18,0,normal,
W000629,2026-09-04T04:00:00,guest:101_win11,guest,12.24,16.99,2.17,-1.57,58.8,59.37,-0.08,0.51,1.3,2.73,35.38,0,normal,
W000630,2026-09-04T04:00:00,guest:402_NS1,guest,4.27,8.0,2.71,-1.68,34.73,36.85,0.08,0.59,1.21,3.49,36.58,0,normal,
W000628,2026-09-04T04:00:00,guest:100_AD-Zentyal,guest,13.73,16.65,2.54,0.06,67.46,70.09,-0.24,0.44,2.09,0.78,36.14,0,normal,
W000627,2026-09-04T04:00:00,node:srvzy,node,7.75,11.2,2.59,-1.44,38.41,38.95,-0.43,0.57,1.08,7.07,40.15,0,normal,
W000626,2026-09-04T04:00:00,node:dl360-04,node,13.75,19.07,2.66,-0.15,46.41,48.38,0.4,0.09,0.74,1.52,47.81,0,normal,
W000625,2026-09-04T04:00:00,node:dl380-01,node,17.37,22.96,1.29,0.91,51.69,53.21,0.0,0.32,0.44,4.98,44.59,0,normal,
W000631,2026-09-04T04:30:00,node:dl380-01,node,17.4,23.13,1.67,-2.43,52.26,54.62,0.05,0.54,2.12,7.95,45.48,0,normal,
W000632,2026-09-04T04:30:00,node:dl360-04,node,17.76,28.89,4.35,1.14,49.54,51.33,-0.02,0.23,1.28,3.51,46.12,0,normal,
W000633,2026-09-04T04:30:00,node:srvzy,node,2.0,13.17,2.28,0.55,42.89,45.19,0.58,0.05,1.81,8.93,41.72,0,normal,
W000634,2026-09-04T04:30:00,guest:100_AD-Zentyal,guest,16.06,18.55,2.21,1.73,59.91,62.47,0.21,0.69,0.86,10.5,36.56,0,normal,
W000635,2026-09-04T04:30:00,guest:101_win11,guest,11.51,13.84,1.41,0.48,54.27,57.01,-0.27,0.06,0.65,6.68,36.99,0,normal,
W000636,2026-09-04T04:30:00,guest:402_NS1,guest,5.19,13.28,3.58,-0.37,31.39,33.46,0.19,0.01,0.45,3.51,37.09,0,normal,
W000637,2026-09-04T05:00:00,node:dl380-01,node,16.68,24.8,0.89,-1.9,52.98,54.81,-0.58,0.18,0.82,5.28,44.11,0,normal,
W000638,2026-09-04T05:00:00,node:dl360-04,node,14.03,24.46,2.99,-0.97,48.76,50.88,0.49,0.18,1.29,6.59,49.12,0,normal,
W000639,2026-09-04T05:00:00,node:srvzy,node,13.86,20.45,2.24,0.61,40.26,43.94,0.03,0.22,0.84,2.83,42.71,0,normal,
W000640,2026-09-04T05:00:00,guest:100_AD-Zentyal,guest,9.47,18.77,1.21,0.15,65.66,65.81,0.81,0.21,1.07,8.18,38.97,0,normal,
W000641,2026-09-04T05:00:00,guest:101_win11,guest,15.3,24.29,3.02,2.11,57.53,61.49,0.36,0.06,1.91,4.74,40.12,0,normal,
W000642,2026-09-04T05:00:00,guest:402_NS1,guest,6.44,15.62,1.81,0.75,33.13,36.71,0.18,0.49,0.55,6.21,38.49,0,normal,
W000648,2026-09-04T05:30:00,guest:402_NS1,guest,8.15,12.98,1.7,-0.93,32.62,34.64,0.06,0.26,0.89,5.41,41.64,0,normal,
W000647,2026-09-04T05:30:00,guest:101_win11,guest,9.11,14.77,2.69,-1.37,55.94,56.53,0.24,0.33,0.47,7.52,37.79,0,normal,
W000646,2026-09-04T05:30:00,guest:100_AD-Zentyal,guest,15.95,21.39,2.36,0.5,64.21,66.79,0.22,0.1,1.3,9.96,38.16,0,normal,
W000644,2026-09-04T05:30:00,node:dl360-04,node,19.98,25.57,3.38,1.04,48.43,49.74,-0.25,0.47,1.25,3.33,44.35,0,normal,
W000643,2026-09-04T05:30:00,node:dl380-01,node,20.13,29.01,2.13,0.06,55.71,55.99,0.24,0.23,0.67,7.47,45.72,0,normal,
W000645,2026-09-04T05:30:00,node:srvzy,node,12.25,16.61,2.83,1.49,38.23,40.18,-0.07,0.38,1.67,2.48,42.73,0,normal,
W000654,2026-09-04T06:00:00,guest:402_NS1,guest,4.25,13.29,1.53,-0.84,36.26,37.69,-0.08,0.1,1.23,10.04,39.61,0,normal,
W000649,2026-09-04T06:00:00,node:dl380-01,node,18.3,22.63,5.79,0.51,51.52,54.36,-0.36,0.48,1.2,6.18,46.91,0,normal,
W000650,2026-09-04T06:00:00,node:dl360-04,node,19.98,28.9,2.93,-0.53,50.1,53.31,0.05,0.66,1.8,8.14,47.88,0,normal,
W000651,2026-09-04T06:00:00,node:srvzy,node,11.48,13.73,2.41,0.27,40.25,42.59,0.01,0.45,1.52,8.0,40.45,0,normal,
W000652,2026-09-04T06:00:00,guest:100_AD-Zentyal,guest,20.27,25.84,2.42,-0.41,63.12,66.66,0.55,0.39,1.15,9.36,38.61,0,normal,
W000653,2026-09-04T06:00:00,guest:101_win11,guest,15.33,22.35,2.06,0.3,57.37,59.97,-0.25,0.44,0.88,5.78,37.71,0,normal,
W000655,2026-09-04T06:30:00,node:dl380-01,node,22.88,29.1,1.98,-0.98,56.32,59.09,-0.28,0.31,0.99,4.12,44.77,0,normal,
W000656,2026-09-04T06:30:00,node:dl360-04,node,16.55,19.69,1.02,-1.88,48.33,50.25,-0.35,0.43,1.2,9.23,47.23,0,normal,
W000657,2026-09-04T06:30:00,node:srvzy,node,8.25,14.59,1.24,0.65,39.31,42.23,-0.14,0.51,0.86,5.47,43.07,0,normal,
W000658,2026-09-04T06:30:00,guest:100_AD-Zentyal,guest,18.1,29.1,2.54,2.21,63.48,66.58,-0.38,0.38,0.52,4.14,39.2,0,normal,
W000659,2026-09-04T06:30:00,guest:101_win11,guest,11.41,18.69,3.41,-0.6,55.26,56.78,-0.39,0.28,1.12,6.58,41.01,0,normal,
W000660,2026-09-04T06:30:00,guest:402_NS1,guest,5.48,15.66,1.46,0.09,36.13,39.26,-0.17,0.41,1.38,5.88,39.42,0,normal,
W000665,2026-09-04T07:00:00,guest:101_win11,guest,18.0,24.53,2.02,-0.02,55.29,57.13,-0.37,0.24,0.47,5.32,41.42,0,normal,
W000666,2026-09-04T07:00:00,guest:402_NS1,guest,12.84,22.79,3.89,0.81,33.67,34.63,0.46,0.31,2.11,7.61,42.18,0,normal,
W000664,2026-09-04T07:00:00,guest:100_AD-Zentyal,guest,13.83,18.17,2.38,-0.05,63.69,66.02,-0.73,0.15,0.84,6.14,41.67,0,normal,
W000661,2026-09-04T07:00:00,node:dl380-01,node,29.45,36.86,3.07,0.81,51.85,54.31,-0.41,0.18,1.85,7.95,44.11,0,normal,
W000662,2026-09-04T07:00:00,node:dl360-04,node,23.96,27.12,2.05,1.5,49.56,50.0,0.22,0.22,1.64,6.89,49.8,0,normal,
W000663,2026-09-04T07:00:00,node:srvzy,node,19.14,22.59,2.31,0.47,39.94,42.21,-0.09,0.25,1.07,8.92,43.47,0,normal,
W000667,2026-09-04T07:30:00,node:dl380-01,node,22.38,32.39,4.2,-1.23,53.61,54.58,-0.49,0.43,1.15,8.86,46.06,0,normal,
W000668,2026-09-04T07:30:00,node:dl360-04,node,13.43,23.29,2.15,0.64,50.6,53.97,-0.04,0.12,0.95,9.31,46.67,0,normal,
W000669,2026-09-04T07:30:00,node:srvzy,node,13.45,18.36,1.16,0.81,40.47,42.06,-0.19,0.55,1.33,8.94,42.56,0,normal,
W000670,2026-09-04T07:30:00,guest:100_AD-Zentyal,guest,17.55,27.6,3.15,0.82,65.57,66.19,-0.35,0.26,0.77,5.51,36.42,0,normal,
W000671,2026-09-04T07:30:00,guest:101_win11,guest,13.22,18.45,2.43,-0.95,57.62,59.19,0.44,0.27,1.35,9.32,37.12,0,normal,
W000672,2026-09-04T07:30:00,guest:402_NS1,guest,9.61,11.91,2.39,-0.89,35.17,35.83,0.01,0.41,1.58,6.41,39.25,0,normal,
W000678,2026-09-04T08:00:00,guest:402_NS1,guest,13.18,23.59,1.92,-0.77,34.91,37.26,-0.06,0.51,0.99,10.36,40.67,0,normal,
W000677,2026-09-04T08:00:00,guest:101_win11,guest,19.62,28.88,2.71,1.5,60.04,62.05,-0.93,0.08,1.18,5.35,39.51,0,normal,
W000676,2026-09-04T08:00:00,guest:100_AD-Zentyal,guest,20.63,23.69,0.5,1.29,65.2,66.46,0.47,0.13,0.76,11.57,38.33,0,normal,
W000673,2026-09-04T08:00:00,node:dl380-01,node,25.64,36.29,1.02,-1.09,60.05,61.77,-0.76,0.18,0.49,10.72,47.21,0,normal,
W000674,2026-09-04T08:00:00,node:dl360-04,node,18.81,23.4,3.42,-2.1,47.62,49.39,-0.3,0.24,0.54,10.64,48.78,0,normal,
W000675,2026-09-04T08:00:00,node:srvzy,node,16.92,23.52,2.71,-1.74,42.89,44.56,-0.07,0.51,1.02,14.05,46.17,0,normal,
W000683,2026-09-04T08:30:00,guest:101_win11,guest,23.4,25.75,2.8,0.19,59.73,61.6,0.32,0.27,1.24,5.49,36.04,0,normal,
W000684,2026-09-04T08:30:00,guest:402_NS1,guest,13.32,20.61,2.98,-0.63,37.68,39.22,0.17,0.42,1.91,9.05,39.02,0,normal,
W000682,2026-09-04T08:30:00,guest:100_AD-Zentyal,guest,11.73,20.54,0.5,-0.67,64.9,67.13,-0.29,0.07,0.55,7.75,38.84,0,normal,
W000679,2026-09-04T08:30:00,node:dl380-01,node,23.6,32.12,2.65,0.95,55.35,57.73,-0.25,0.17,1.46,11.91,44.47,0,normal,
W000680,2026-09-04T08:30:00,node:dl360-04,node,22.63,23.75,1.93,1.15,49.77,51.89,-1.21,0.22,1.16,11.4,50.44,0,normal,
W000681,2026-09-04T08:30:00,node:srvzy,node,14.26,19.77,1.17,-0.25,39.73,39.88,-0.43,0.6,1.29,10.66,43.23,0,normal,
W000685,2026-09-04T09:00:00,node:dl380-01,node,21.83,32.48,2.92,0.54,61.13,63.45,-0.52,0.26,0.67,10.11,46.17,0,normal,
W000686,2026-09-04T09:00:00,node:dl360-04,node,22.02,23.84,4.09,0.36,50.11,52.87,0.19,0.36,1.43,11.7,50.78,0,normal,
W000687,2026-09-04T09:00:00,node:srvzy,node,19.71,26.19,2.28,1.84,41.66,44.05,0.17,0.18,0.65,10.23,44.04,0,normal,
W000688,2026-09-04T09:00:00,guest:100_AD-Zentyal,guest,14.97,19.01,2.77,1.52,66.52,67.12,0.26,0.19,1.17,11.25,40.49,0,normal,
W000689,2026-09-04T09:00:00,guest:101_win11,guest,21.71,27.65,3.84,-0.02,60.47,63.41,0.27,0.06,1.3,9.92,41.85,0,normal,
W000690,2026-09-04T09:00:00,guest:402_NS1,guest,10.67,13.11,4.48,-1.15,37.58,39.7,-0.17,0.29,0.57,11.25,39.15,0,normal,
W000695,2026-09-04T09:30:00,guest:101_win11,guest,17.41,20.94,2.96,1.47,54.55,57.93,-0.06,0.08,0.48,6.71,40.75,0,normal,
W000696,2026-09-04T09:30:00,guest:402_NS1,guest,13.84,21.74,1.95,-1.33,34.77,36.81,0.09,0.14,1.3,9.43,39.47,0,normal,
W000694,2026-09-04T09:30:00,guest:100_AD-Zentyal,guest,13.61,18.47,2.02,1.15,65.44,69.24,0.26,0.22,1.11,10.23,42.07,0,normal,
W000691,2026-09-04T09:30:00,node:dl380-01,node,25.69,34.46,2.75,-1.78,57.05,59.04,-0.22,0.45,1.18,7.8,49.55,0,normal,
W000692,2026-09-04T09:30:00,node:dl360-04,node,24.01,29.77,2.09,1.42,49.57,50.03,-0.27,0.57,1.7,10.53,51.84,0,normal,
W000693,2026-09-04T09:30:00,node:srvzy,node,19.69,24.89,2.33,0.4,41.02,43.02,0.12,0.04,0.76,10.38,46.32,0,normal,
W000697,2026-09-04T10:00:00,node:dl380-01,node,27.1,36.33,2.37,-0.83,57.67,61.81,0.08,0.55,1.76,10.68,47.54,0,normal,
W000698,2026-09-04T10:00:00,node:dl360-04,node,21.51,26.9,1.87,-0.48,49.65,51.36,0.21,0.28,0.33,10.26,48.22,0,normal,
W000699,2026-09-04T10:00:00,node:srvzy,node,19.85,27.36,2.76,-0.94,43.44,44.97,-0.46,0.45,1.58,15.35,44.59,0,normal,
W000700,2026-09-04T10:00:00,guest:100_AD-Zentyal,guest,26.13,30.65,3.15,-0.61,65.6,66.02,-0.12,0.32,0.95,17.77,39.76,0,normal,
W000701,2026-09-04T10:00:00,guest:101_win11,guest,22.03,25.31,1.94,1.24,61.66,62.96,-0.29,0.07,1.39,15.86,41.34,0,normal,
W000702,2026-09-04T10:00:00,guest:402_NS1,guest,11.11,13.19,2.67,0.66,32.28,33.96,0.65,0.26,1.65,14.45,39.87,0,normal,
W000707,2026-09-04T10:30:00,guest:101_win11,guest,23.68,26.35,5.05,-1.29,58.88,61.23,0.11,0.26,0.99,11.8,39.83,0,normal,
W000706,2026-09-04T10:30:00,guest:100_AD-Zentyal,guest,23.68,33.93,2.46,0.66,63.4,65.65,-0.02,0.55,1.13,11.78,43.09,0,normal,
W000708,2026-09-04T10:30:00,guest:402_NS1,guest,23.53,28.87,3.1,-0.4,35.36,36.91,-0.62,0.27,0.91,16.01,39.7,0,normal,
W000704,2026-09-04T10:30:00,node:dl360-04,node,27.99,28.13,2.94,-2.96,50.59,53.45,0.25,0.04,0.37,10.43,50.78,0,normal,
W000703,2026-09-04T10:30:00,node:dl380-01,node,27.98,33.59,1.55,-1.16,58.71,59.73,0.43,0.21,1.0,14.19,46.6,0,normal,
W000705,2026-09-04T10:30:00,node:srvzy,node,11.89,17.85,2.81,-0.34,43.95,46.17,-0.22,0.09,0.94,9.64,44.63,0,normal,
W000713,2026-09-04T11:00:00,guest:101_win11,guest,25.7,26.85,2.31,-0.9,61.07,64.06,0.23,0.38,0.58,15.31,43.07,0,normal,
W000712,2026-09-04T11:00:00,guest:100_AD-Zentyal,guest,22.14,34.35,4.62,0.34,67.41,70.6,-0.47,0.04,1.34,14.36,41.78,0,normal,
W000714,2026-09-04T11:00:00,guest:402_NS1,guest,22.02,34.37,0.81,-0.47,35.08,37.25,0.01,0.25,1.46,10.23,40.56,0,normal,
W000710,2026-09-04T11:00:00,node:dl360-04,node,29.03,35.37,2.88,0.57,49.73,50.76,0.29,0.17,0.47,15.48,49.57,0,normal,
W000711,2026-09-04T11:00:00,node:srvzy,node,22.29,32.47,2.52,1.19,43.69,47.28,-0.42,0.3,1.37,12.96,47.85,0,normal,
W000709,2026-09-04T11:00:00,node:dl380-01,node,28.64,31.94,3.94,-1.04,57.43,60.4,-0.06,0.02,0.28,16.11,46.23,0,normal,
W000715,2026-09-04T11:30:00,node:dl380-01,node,27.07,31.99,1.27,-0.06,56.12,57.33,0.35,0.29,1.51,12.95,48.09,0,normal,
W000716,2026-09-04T11:30:00,node:dl360-04,node,25.69,31.67,3.21,-0.49,52.35,53.53,0.3,0.18,1.32,13.72,53.4,0,normal,
W000717,2026-09-04T11:30:00,node:srvzy,node,16.62,18.19,1.88,-1.66,40.93,43.55,-0.0,0.2,0.85,11.74,48.6,0,normal,
W000718,2026-09-04T11:30:00,guest:100_AD-Zentyal,guest,21.08,23.12,3.3,-0.26,70.08,71.56,0.34,0.52,1.11,11.31,43.23,0,normal,
W000719,2026-09-04T11:30:00,guest:101_win11,guest,27.67,29.44,1.37,-3.04,60.49,62.22,-0.06,0.04,0.4,12.1,41.11,0,normal,
W000720,2026-09-04T11:30:00,guest:402_NS1,guest,18.07,25.82,4.77,-0.02,38.42,39.59,-0.67,0.23,0.39,13.58,40.95,0,normal,
W000726,2026-09-04T12:00:00,guest:402_NS1,guest,15.94,23.02,2.65,-0.09,36.61,38.52,-0.15,0.33,0.87,22.3,40.48,0,normal,
W000725,2026-09-04T12:00:00,guest:101_win11,guest,25.99,33.97,4.08,-0.16,62.85,64.23,0.31,0.4,0.77,14.97,42.61,0,normal,
W000724,2026-09-04T12:00:00,guest:100_AD-Zentyal,guest,19.53,31.69,1.41,1.71,65.05,66.87,0.25,0.14,1.57,14.56,43.29,0,normal,
W000722,2026-09-04T12:00:00,node:dl360-04,node,31.62,37.35,3.03,0.89,52.09,53.95,-0.58,0.42,1.24,13.09,53.51,0,normal,
W000721,2026-09-04T12:00:00,node:dl380-01,node,25.09,36.3,1.96,-1.97,58.35,59.62,0.44,0.15,0.74,15.36,49.49,0,normal,
W000723,2026-09-04T12:00:00,node:srvzy,node,16.93,27.86,2.48,0.38,43.02,43.35,-0.06,0.37,1.44,13.74,43.31,0,normal,
W000727,2026-09-04T12:30:00,node:dl380-01,node,29.88,34.36,4.54,-1.58,57.5,59.75,0.13,0.55,1.83,12.98,48.89,0,normal,
W000728,2026-09-04T12:30:00,node:dl360-04,node,22.4,28.7,1.71,-0.22,48.7,51.1,-0.68,0.33,0.64,11.78,53.33,0,normal,
W000729,2026-09-04T12:30:00,node:srvzy,node,23.99,33.43,4.06,-0.93,46.43,46.96,0.3,0.2,0.63,16.17,48.02,0,normal,
W000730,2026-09-04T12:30:00,guest:100_AD-Zentyal,guest,28.13,34.78,2.63,0.63,67.28,69.82,0.08,0.47,0.62,13.94,40.52,0,normal,
W000731,2026-09-04T12:30:00,guest:101_win11,guest,27.9,38.82,2.03,0.15,61.09,61.16,-0.21,0.37,0.73,11.4,44.25,0,normal,
W000732,2026-09-04T12:30:00,guest:402_NS1,guest,22.44,29.56,3.38,0.26,37.73,39.42,0.05,0.17,1.48,18.89,44.67,0,normal,
W000737,2026-09-04T13:00:00,guest:101_win11,guest,27.56,28.38,3.21,1.23,55.57,56.74,-0.04,0.45,1.04,12.33,43.99,0,normal,
W000736,2026-09-04T13:00:00,guest:100_AD-Zentyal,guest,26.08,28.18,1.86,-0.26,65.97,67.95,0.71,0.55,1.29,11.2,44.9,0,normal,
W000738,2026-09-04T13:00:00,guest:402_NS1,guest,18.09,25.71,1.39,-1.62,38.29,40.54,0.37,0.19,0.68,18.91,40.61,0,normal,
W000734,2026-09-04T13:00:00,node:dl360-04,node,32.21,34.06,2.7,2.57,50.37,52.31,0.57,0.42,2.22,12.63,50.41,0,normal,
W000733,2026-09-04T13:00:00,node:dl380-01,node,31.3,34.44,3.78,0.65,57.52,58.89,0.17,0.08,1.14,18.97,51.34,0,normal,
W000735,2026-09-04T13:00:00,node:srvzy,node,27.01,29.42,2.3,-0.08,45.8,48.41,0.18,0.22,1.51,26.91,47.93,0,normal,
W000743,2026-09-04T13:30:00,guest:101_win11,guest,25.32,29.16,2.17,-0.12,60.81,61.57,-0.27,0.27,0.99,20.34,43.25,0,normal,
W000742,2026-09-04T13:30:00,guest:100_AD-Zentyal,guest,25.03,29.31,4.08,-1.39,68.2,72.39,0.43,0.29,0.64,10.74,42.28,0,normal,
W000744,2026-09-04T13:30:00,guest:402_NS1,guest,14.08,21.33,3.05,-0.15,34.75,38.51,-0.43,0.43,1.31,16.63,45.46,0,normal,
W000740,2026-09-04T13:30:00,node:dl360-04,node,32.09,39.46,4.01,0.68,53.84,56.31,0.39,0.04,0.79,14.71,51.53,0,normal,
W000739,2026-09-04T13:30:00,node:dl380-01,node,37.11,47.07,3.36,-0.83,55.46,57.25,-0.52,0.11,1.17,16.78,47.32,0,normal,
W000741,2026-09-04T13:30:00,node:srvzy,node,24.28,32.18,2.89,-0.21,42.61,45.7,0.14,0.1,0.82,9.6,46.95,0,normal,
W000745,2026-09-04T14:00:00,node:dl380-01,node,34.97,39.29,3.61,-0.76,57.29,58.0,-0.41,0.31,1.26,9.89,49.75,0,normal,
W000746,2026-09-04T14:00:00,node:dl360-04,node,27.13,36.97,2.15,-1.35,52.14,53.22,0.51,0.3,1.04,16.78,50.49,0,normal,
W000747,2026-09-04T14:00:00,node:srvzy,node,18.49,25.71,1.4,-1.32,45.51,48.03,-0.5,0.18,0.61,20.33,48.36,0,normal,
W000748,2026-09-04T14:00:00,guest:100_AD-Zentyal,guest,24.53,32.26,1.14,-0.81,67.19,69.64,-0.04,0.35,1.18,14.51,42.56,0,normal,
W000749,2026-09-04T14:00:00,guest:101_win11,guest,26.51,33.2,2.91,0.24,57.88,58.88,0.16,0.59,1.46,13.76,43.34,0,normal,
W000750,2026-09-04T14:00:00,guest:402_NS1,guest,16.02,25.95,2.69,-0.8,36.7,38.17,0.52,0.26,1.12,16.72,41.89,0,normal,
W000755,2026-09-04T14:30:00,guest:101_win11,guest,29.98,36.93,1.1,0.62,57.46,60.08,-0.2,0.3,0.58,15.37,44.39,0,normal,
W000756,2026-09-04T14:30:00,guest:402_NS1,guest,17.18,21.35,2.95,0.58,32.62,36.63,0.21,0.44,1.18,9.43,44.01,0,normal,
W000753,2026-09-04T14:30:00,node:srvzy,node,24.41,29.77,2.13,-0.22,45.3,48.14,-0.4,0.45,0.99,16.41,46.71,0,normal,
W000752,2026-09-04T14:30:00,node:dl360-04,node,32.33,39.78,2.96,3.3,53.11,56.24,-0.12,0.1,0.78,17.14,52.61,0,normal,
W000751,2026-09-04T14:30:00,node:dl380-01,node,33.68,40.5,0.95,0.3,56.92,59.05,0.01,0.35,1.69,11.46,48.49,0,normal,
W000754,2026-09-04T14:30:00,guest:100_AD-Zentyal,guest,31.48,36.23,2.68,0.73,65.43,67.35,-0.11,0.2,0.82,18.34,42.1,0,normal,
W000757,2026-09-04T15:00:00,node:dl380-01,node,30.75,38.38,2.28,0.29,55.54,58.4,-0.48,0.75,2.44,19.73,50.81,0,normal,
W000758,2026-09-04T15:00:00,node:dl360-04,node,29.43,38.93,2.4,-1.86,54.64,57.77,-0.01,0.05,0.62,9.37,53.32,0,normal,
W000759,2026-09-04T15:00:00,node:srvzy,node,17.12,23.98,1.66,-1.71,44.36,46.03,0.34,0.05,0.54,7.67,43.62,0,normal,
W000760,2026-09-04T15:00:00,guest:100_AD-Zentyal,guest,32.02,44.27,2.59,-0.99,66.39,69.27,-0.21,0.35,1.14,13.12,42.11,0,normal,
W000761,2026-09-04T15:00:00,guest:101_win11,guest,28.75,31.82,2.95,-0.57,60.16,63.55,-0.07,0.48,0.57,13.42,42.94,0,normal,
W000762,2026-09-04T15:00:00,guest:402_NS1,guest,26.46,26.58,2.4,1.75,35.52,37.31,0.13,0.34,1.76,16.18,44.89,0,normal,
W000768,2026-09-04T15:30:00,guest:402_NS1,guest,22.41,32.6,3.23,-1.59,40.55,43.62,-0.2,0.09,1.1,13.99,43.39,0,normal,
W000763,2026-09-04T15:30:00,node:dl380-01,node,31.47,35.25,2.27,-1.39,57.8,59.42,-0.27,0.4,0.74,17.14,48.18,0,normal,
W000764,2026-09-04T15:30:00,node:dl360-04,node,33.78,38.61,3.13,0.22,53.27,55.38,-0.67,0.5,1.27,17.2,52.93,0,normal,
W000765,2026-09-04T15:30:00,node:srvzy,node,20.02,23.28,3.16,-0.36,45.62,47.44,0.41,0.38,1.3,13.71,47.25,0,normal,
W000766,2026-09-04T15:30:00,guest:100_AD-Zentyal,guest,29.9,35.74,3.03,0.06,67.16,70.88,0.48,0.32,1.2,12.72,42.64,0,normal,
W000767,2026-09-04T15:30:00,guest:101_win11,guest,28.81,37.36,3.25,-1.33,61.69,63.6,-0.39,0.57,1.95,15.62,43.96,0,normal,
W000774,2026-09-04T16:00:00,guest:402_NS1,guest,17.63,22.67,1.88,1.11,33.31,33.32,0.0,0.32,1.28,12.71,41.22,0,normal,
W000773,2026-09-04T16:00:00,guest:101_win11,guest,27.05,33.68,1.75,-1.74,57.7,59.75,-0.12,0.01,0.79,13.37,40.84,0,normal,
W000772,2026-09-04T16:00:00,guest:100_AD-Zentyal,guest,18.57,25.4,4.55,0.55,67.97,69.56,-0.1,0.5,2.1,18.79,43.81,0,normal,
W000770,2026-09-04T16:00:00,node:dl360-04,node,24.84,30.89,3.06,0.49,50.81,53.11,0.6,0.34,0.49,14.94,54.66,0,normal,
W000769,2026-09-04T16:00:00,node:dl380-01,node,34.53,38.83,1.38,0.46,55.77,57.92,-0.54,0.25,1.34,16.15,47.42,0,normal,
W000771,2026-09-04T16:00:00,node:srvzy,node,17.42,23.51,2.27,0.12,44.08,47.22,0.03,0.56,1.31,13.28,45.59,0,normal,
W000775,2026-09-04T16:30:00,node:dl380-01,node,31.9,36.58,4.05,-0.39,56.64,61.11,-0.08,0.41,1.47,16.52,49.03,0,normal,
W000776,2026-09-04T16:30:00,node:dl360-04,node,29.61,35.91,1.92,0.39,55.38,58.59,0.12,0.47,0.92,13.55,53.02,0,normal,
W000777,2026-09-04T16:30:00,node:srvzy,node,27.13,30.82,2.02,2.62,43.91,47.73,0.08,0.35,1.03,17.16,48.63,0,normal,
W000778,2026-09-04T16:30:00,guest:100_AD-Zentyal,guest,21.31,26.25,3.42,-0.16,65.84,68.85,0.44,0.21,1.1,10.7,41.25,0,normal,
W000779,2026-09-04T16:30:00,guest:101_win11,guest,27.36,33.46,1.53,-0.86,57.81,60.27,-0.79,0.1,0.15,15.59,39.89,0,normal,
W000780,2026-09-04T16:30:00,guest:402_NS1,guest,19.04,29.96,4.17,-2.17,37.27,38.28,-0.48,0.28,1.57,16.13,41.53,0,normal,
W000786,2026-09-04T17:00:00,guest:402_NS1,guest,11.23,18.73,2.17,-0.16,37.42,38.96,-0.11,0.28,1.67,13.63,40.27,0,normal,
W000785,2026-09-04T17:00:00,guest:101_win11,guest,23.04,32.18,1.85,0.27,59.8,62.47,0.1,0.15,1.3,18.73,41.25,0,normal,
W000784,2026-09-04T17:00:00,guest:100_AD-Zentyal,guest,28.24,33.68,3.32,-1.32,67.8,69.22,-0.47,0.26,1.62,14.08,44.37,0,normal,
W000782,2026-09-04T17:00:00,node:dl360-04,node,26.66,33.87,3.33,-0.67,51.31,54.47,-0.44,0.66,0.93,12.5,49.7,0,normal,
W000781,2026-09-04T17:00:00,node:dl380-01,node,33.12,33.86,1.75,-0.99,56.56,58.35,-0.06,0.27,1.07,15.16,48.35,0,normal,
W000783,2026-09-04T17:00:00,node:srvzy,node,28.31,32.8,2.0,-0.44,43.59,45.26,-0.05,0.41,1.23,13.59,47.68,0,normal,
W000792,2026-09-04T17:30:00,guest:402_NS1,guest,15.79,17.75,1.93,1.41,36.58,37.84,0.49,0.18,1.55,17.75,42.21,0,normal,
W000791,2026-09-04T17:30:00,guest:101_win11,guest,29.87,31.77,1.11,-1.46,59.43,62.63,-0.24,0.2,0.92,15.25,41.4,0,normal,
W000790,2026-09-04T17:30:00,guest:100_AD-Zentyal,guest,21.69,26.57,3.09,-1.14,65.88,67.72,-0.18,0.46,1.52,17.04,41.62,0,normal,
W000787,2026-09-04T17:30:00,node:dl380-01,node,26.47,32.89,1.37,-1.87,57.56,60.24,-0.15,0.36,1.23,15.34,49.03,0,normal,
W000788,2026-09-04T17:30:00,node:dl360-04,node,18.54,23.82,3.02,-0.49,51.48,54.23,0.03,0.6,1.85,13.18,50.82,0,normal,
W000789,2026-09-04T17:30:00,node:srvzy,node,10.68,15.7,1.15,0.27,43.69,46.39,0.56,0.29,2.01,14.23,44.16,0,normal,
W000793,2026-09-04T18:00:00,node:dl380-01,node,23.76,36.62,2.89,-0.39,57.72,60.42,0.52,0.17,1.09,8.94,48.5,0,normal,
W000794,2026-09-04T18:00:00,node:dl360-04,node,25.92,32.76,2.35,-0.3,49.44,52.23,0.6,0.19,1.21,13.8,50.51,0,normal,
W000795,2026-09-04T18:00:00,node:srvzy,node,13.66,15.75,1.72,-2.57,45.53,47.9,-0.01,0.14,0.21,12.49,48.46,0,normal,
W000796,2026-09-04T18:00:00,guest:100_AD-Zentyal,guest,19.55,28.15,2.02,0.07,68.19,69.84,-0.28,0.58,1.4,15.77,40.47,0,normal,
W000797,2026-09-04T18:00:00,guest:101_win11,guest,28.92,35.74,2.93,0.16,58.09,60.09,-0.18,0.49,1.21,8.01,38.98,0,normal,
W000798,2026-09-04T18:00:00,guest:402_NS1,guest,9.96,17.81,1.35,0.36,36.25,38.18,0.18,0.33,0.62,11.53,42.14,0,normal,
W000804,2026-09-04T18:30:00,guest:402_NS1,guest,12.37,16.65,3.3,1.55,37.99,39.83,-0.97,0.38,1.77,16.2,42.19,0,normal,
W000803,2026-09-04T18:30:00,guest:101_win11,guest,18.14,23.79,1.34,1.72,56.92,57.27,0.05,0.22,0.42,14.08,38.51,0,normal,
W000802,2026-09-04T18:30:00,guest:100_AD-Zentyal,guest,16.79,25.03,2.92,-0.33,65.82,68.58,-0.45,0.34,1.42,7.15,42.53,0,normal,
W000800,2026-09-04T18:30:00,node:dl360-04,node,30.05,37.42,2.15,0.92,52.47,54.28,-0.14,0.53,1.99,10.25,50.1,0,normal,
W000799,2026-09-04T18:30:00,node:dl380-01,node,34.74,45.8,1.14,-0.42,53.18,56.7,0.41,0.37,1.24,16.64,49.32,0,normal,
W000801,2026-09-04T18:30:00,node:srvzy,node,20.23,27.69,1.98,2.26,43.76,46.29,0.7,0.21,0.97,8.74,45.24,0,normal,
W000805,2026-09-04T19:00:00,node:dl380-01,node,22.91,27.33,4.43,-1.7,53.45,56.39,-0.17,0.06,1.47,12.68,46.2,0,normal,
W000806,2026-09-04T19:00:00,node:dl360-04,node,20.06,32.2,2.48,1.68,52.13,53.61,-0.21,0.59,1.97,5.66,50.6,0,normal,
W000807,2026-09-04T19:00:00,node:srvzy,node,16.65,19.55,2.76,-1.62,41.68,42.88,-0.2,0.29,0.68,16.01,45.52,0,normal,
W000808,2026-09-04T19:00:00,guest:100_AD-Zentyal,guest,26.35,31.87,1.95,2.11,64.48,66.3,0.29,0.05,1.14,13.04,42.68,0,normal,
W000809,2026-09-04T19:00:00,guest:101_win11,guest,25.19,35.09,2.39,-1.04,62.32,62.79,-0.57,0.41,1.86,11.86,42.28,0,normal,
W000810,2026-09-04T19:00:00,guest:402_NS1,guest,7.09,11.59,0.63,0.94,32.73,33.45,0.21,0.51,1.25,13.0,41.58,0,normal,
W000815,2026-09-04T19:30:00,guest:101_win11,guest,21.78,23.12,4.39,1.21,57.91,59.62,0.14,0.07,1.0,7.3,40.67,0,normal,
W000816,2026-09-04T19:30:00,guest:402_NS1,guest,9.98,12.63,4.15,0.07,35.89,35.9,-0.24,0.39,1.27,4.83,41.09,0,normal,
W000814,2026-09-04T19:30:00,guest:100_AD-Zentyal,guest,23.41,25.36,3.36,0.61,62.51,62.58,0.42,0.26,0.55,10.67,41.32,0,normal,
W000813,2026-09-04T19:30:00,node:srvzy,node,8.25,14.03,3.62,1.91,40.95,44.7,-0.89,0.23,0.86,14.75,46.72,0,normal,
W000812,2026-09-04T19:30:00,node:dl360-04,node,21.65,30.32,1.08,-1.19,49.93,53.54,0.42,0.03,1.37,15.34,48.02,0,normal,
W000811,2026-09-04T19:30:00,node:dl380-01,node,26.32,29.03,3.06,0.74,57.13,59.44,-0.47,0.44,1.24,9.85,46.33,0,normal,
W000821,2026-09-04T20:00:00,guest:101_win11,guest,21.38,29.45,2.55,2.89,60.57,63.75,0.31,0.65,0.88,14.11,38.51,0,normal,
W000822,2026-09-04T20:00:00,guest:402_NS1,guest,10.02,17.71,3.73,-1.38,34.08,36.17,-0.07,0.47,2.65,11.26,38.9,0,normal,
W000820,2026-09-04T20:00:00,guest:100_AD-Zentyal,guest,18.25,22.37,1.93,0.49,65.33,69.47,0.18,0.53,0.9,11.58,38.92,0,normal,
W000817,2026-09-04T20:00:00,node:dl380-01,node,26.28,36.13,1.84,-2.69,53.21,54.11,0.29,0.24,0.86,14.28,46.01,0,normal,
W000818,2026-09-04T20:00:00,node:dl360-04,node,25.14,26.21,0.9,1.72,50.18,52.29,-0.45,0.32,0.66,13.56,53.09,0,normal,
W000819,2026-09-04T20:00:00,node:srvzy,node,16.69,20.79,0.5,-2.02,44.8,45.77,-0.15,0.43,1.82,9.4,43.39,0,normal,
W000823,2026-09-04T20:30:00,node:dl380-01,node,20.46,25.49,1.56,0.56,55.81,57.35,0.79,0.15,0.91,11.92,47.34,0,normal,
W000824,2026-09-04T20:30:00,node:dl360-04,node,26.47,33.76,3.55,-0.8,51.65,54.56,0.61,0.03,0.47,12.47,45.02,0,normal,
W000825,2026-09-04T20:30:00,node:srvzy,node,16.72,25.9,1.92,-0.52,40.07,41.55,-0.2,0.16,0.67,9.19,43.58,0,normal,
W000826,2026-09-04T20:30:00,guest:100_AD-Zentyal,guest,24.56,29.38,2.84,-0.69,63.94,64.23,-0.63,0.06,0.93,13.23,37.32,0,normal,
W000827,2026-09-04T20:30:00,guest:101_win11,guest,18.08,19.98,2.24,1.29,57.2,59.15,0.58,0.39,0.89,10.48,38.76,0,normal,
W000828,2026-09-04T20:30:00,guest:402_NS1,guest,13.47,21.02,1.13,0.21,34.79,37.33,0.33,0.4,1.07,12.8,38.69,0,normal,
W000834,2026-09-04T21:00:00,guest:402_NS1,guest,9.44,16.05,1.99,2.83,34.9,36.84,0.48,0.23,1.43,3.7,38.54,0,normal,
W000833,2026-09-04T21:00:00,guest:101_win11,guest,15.36,24.69,3.73,-0.35,60.47,62.94,-0.35,0.23,1.48,11.48,37.64,0,normal,
W000832,2026-09-04T21:00:00,guest:100_AD-Zentyal,guest,16.8,23.08,2.32,-1.3,65.24,67.71,0.08,0.32,1.79,6.83,41.15,0,normal,
W000831,2026-09-04T21:00:00,node:srvzy,node,9.4,9.84,3.02,1.16,38.26,40.63,0.43,0.42,1.05,5.88,43.35,0,normal,
W000830,2026-09-04T21:00:00,node:dl360-04,node,19.81,27.6,3.45,0.11,48.02,49.56,0.25,0.1,0.82,7.55,48.07,0,normal,
W000829,2026-09-04T21:00:00,node:dl380-01,node,18.31,21.89,2.43,-0.99,55.2,55.23,-0.26,0.39,0.78,9.93,44.39,0,normal,
W000835,2026-09-04T21:30:00,node:dl380-01,node,26.6,37.31,1.73,-1.07,55.5,56.88,-0.11,0.48,1.06,2.81,43.27,0,normal,
W000836,2026-09-04T21:30:00,node:dl360-04,node,19.96,20.37,2.2,-1.67,52.43,56.6,-0.42,0.35,0.77,7.78,50.93,0,normal,
W000837,2026-09-04T21:30:00,node:srvzy,node,11.3,16.44,1.56,1.38,35.61,37.17,-0.02,0.17,1.31,12.31,41.11,0,normal,
W000838,2026-09-04T21:30:00,guest:100_AD-Zentyal,guest,23.26,24.99,3.79,0.18,63.58,65.17,-0.01,0.34,0.77,8.0,38.07,0,normal,
W000839,2026-09-04T21:30:00,guest:101_win11,guest,13.68,17.22,1.35,-0.5,58.26,60.38,0.79,0.14,1.13,8.73,40.45,0,normal,
W000840,2026-09-04T21:30:00,guest:402_NS1,guest,12.44,17.94,2.67,-0.89,35.59,35.71,0.31,0.3,0.9,8.01,38.98,0,normal,
W000845,2026-09-04T22:00:00,guest:101_win11,guest,10.11,11.2,1.38,0.42,56.99,60.04,-0.37,0.41,1.17,4.67,39.08,0,normal,
W000844,2026-09-04T22:00:00,guest:100_AD-Zentyal,guest,9.28,16.86,0.72,1.69,64.29,66.24,-0.41,0.45,1.25,5.44,38.8,0,normal,
W000846,2026-09-04T22:00:00,guest:402_NS1,guest,7.77,11.88,2.54,-0.16,33.72,35.31,-0.52,0.31,0.79,4.44,38.14,0,normal,
W000842,2026-09-04T22:00:00,node:dl360-04,node,15.48,23.19,2.54,1.7,46.46,50.81,-0.62,0.11,0.88,4.1,47.44,0,normal,
W000841,2026-09-04T22:00:00,node:dl380-01,node,25.54,41.24,3.72,-0.68,55.13,57.81,-0.37,0.05,0.82,9.92,42.08,0,normal,
W000843,2026-09-04T22:00:00,node:srvzy,node,10.74,16.15,1.66,0.52,40.43,43.53,-0.07,0.11,0.23,6.98,40.6,0,normal,
W000847,2026-09-04T22:30:00,node:dl380-01,node,23.57,30.13,1.97,-0.69,55.14,55.54,0.32,0.07,0.31,5.96,47.76,0,normal,
W000848,2026-09-04T22:30:00,node:dl360-04,node,23.87,31.99,2.86,-2.23,49.28,50.73,-0.33,0.33,0.94,10.11,44.6,0,normal,
W000849,2026-09-04T22:30:00,node:srvzy,node,11.26,14.63,2.09,0.37,38.99,41.15,-0.08,0.17,0.78,7.04,41.35,0,normal,
W000850,2026-09-04T22:30:00,guest:100_AD-Zentyal,guest,14.02,19.19,1.89,1.91,64.75,66.36,0.06,0.09,0.72,6.54,36.63,0,normal,
W000851,2026-09-04T22:30:00,guest:101_win11,guest,17.36,21.84,2.14,-0.68,62.33,63.66,-0.83,0.02,1.12,11.51,37.48,0,normal,
W000852,2026-09-04T22:30:00,guest:402_NS1,guest,12.48,20.7,2.31,-0.31,34.33,37.2,0.16,0.16,0.89,13.44,38.88,0,normal,
W000857,2026-09-04T23:00:00,guest:101_win11,guest,10.25,22.31,1.74,-0.01,54.5,55.2,-0.35,0.11,0.74,3.53,38.92,0,normal,
W000856,2026-09-04T23:00:00,guest:100_AD-Zentyal,guest,7.03,19.15,1.5,-0.24,63.21,65.92,0.18,0.13,0.8,5.78,39.0,0,normal,
W000858,2026-09-04T23:00:00,guest:402_NS1,guest,3.6,6.92,2.11,1.19,33.97,35.87,-0.57,0.07,0.36,10.39,38.67,0,normal,
W000854,2026-09-04T23:00:00,node:dl360-04,node,25.72,27.1,3.46,-1.04,48.82,53.39,-0.38,0.16,0.95,3.92,48.2,0,normal,
W000853,2026-09-04T23:00:00,node:dl380-01,node,22.39,30.01,2.77,0.13,55.2,57.92,0.11,0.16,1.12,6.26,43.42,0,normal,
W000855,2026-09-04T23:00:00,node:srvzy,node,7.47,15.43,1.17,-2.17,40.17,40.61,0.61,0.01,0.39,7.71,41.0,0,normal,
W000863,2026-09-04T23:30:00,guest:101_win11,guest,16.89,22.85,0.67,0.13,53.55,56.25,-0.1,0.67,1.9,3.28,34.85,0,normal,
W000862,2026-09-04T23:30:00,guest:100_AD-Zentyal,guest,15.07,20.27,1.89,-0.05,63.82,65.4,0.21,0.11,0.53,7.58,36.13,0,normal,
W000864,2026-09-04T23:30:00,guest:402_NS1,guest,3.7,6.04,4.33,-0.01,35.27,36.98,-0.07,0.29,1.54,7.4,36.29,0,normal,
W000860,2026-09-04T23:30:00,node:dl360-04,node,18.44,23.39,4.13,0.49,49.06,51.19,0.7,0.01,1.55,5.91,44.77,0,normal,
W000859,2026-09-04T23:30:00,node:dl380-01,node,16.33,20.63,1.67,-1.06,54.41,56.13,0.83,0.55,1.87,8.48,43.24,0,normal,
W000861,2026-09-04T23:30:00,node:srvzy,node,6.71,7.76,3.15,-1.25,40.89,44.02,-0.27,0.25,0.53,5.3,45.74,0,normal,
W000865,2026-09-05T00:00:00,node:dl380-01,node,23.75,28.87,2.04,-3.4,54.41,56.51,0.04,0.22,0.79,4.56,44.1,0,normal,
W000866,2026-09-05T00:00:00,node:dl360-04,node,17.31,22.62,3.45,-0.09,47.36,49.56,-0.54,0.35,0.53,2.59,43.37,0,normal,
W000867,2026-09-05T00:00:00,node:srvzy,node,7.46,18.29,2.38,0.77,44.5,46.91,-0.31,0.17,0.97,3.77,40.56,0,normal,
W000868,2026-09-05T00:00:00,guest:100_AD-Zentyal,guest,14.52,23.6,0.85,-0.98,62.43,65.03,0.46,0.84,1.45,4.42,38.28,0,normal,
W000869,2026-09-05T00:00:00,guest:101_win11,guest,10.68,16.26,2.08,-3.15,56.49,58.31,0.51,0.3,0.6,4.9,34.27,0,normal,
W000870,2026-09-05T00:00:00,guest:402_NS1,guest,2.0,9.91,2.25,1.11,29.73,31.49,-0.19,0.49,1.56,7.6,39.71,0,normal,
W000875,2026-09-05T00:30:00,guest:101_win11,guest,13.26,20.68,2.4,1.12,51.37,53.56,0.48,0.67,1.77,10.72,37.66,0,normal,
W000874,2026-09-05T00:30:00,guest:100_AD-Zentyal,guest,13.39,21.74,4.07,1.54,66.77,69.39,0.09,0.02,0.95,4.01,37.72,0,normal,
W000876,2026-09-05T00:30:00,guest:402_NS1,guest,5.08,12.67,2.5,-0.94,32.34,33.23,0.21,0.3,0.96,3.97,38.16,0,normal,
W000872,2026-09-05T00:30:00,node:dl360-04,node,16.85,20.87,1.79,0.57,48.22,49.81,-0.03,0.62,1.24,4.25,43.84,0,normal,
W000871,2026-09-05T00:30:00,node:dl380-01,node,16.78,26.79,1.46,-1.3,54.62,55.12,0.23,0.32,1.55,5.49,43.49,0,normal,
W000873,2026-09-05T00:30:00,node:srvzy,node,7.92,15.89,3.34,0.13,41.99,44.72,0.45,0.5,1.92,5.16,39.41,0,normal,
W000882,2026-09-05T01:00:00,guest:402_NS1,guest,10.29,14.7,3.91,0.71,33.01,35.55,0.1,0.37,1.09,3.07,36.6,0,normal,
W000881,2026-09-05T01:00:00,guest:101_win11,guest,11.22,20.78,3.08,1.25,57.18,61.6,-0.24,0.38,1.0,8.04,37.01,0,normal,
W000880,2026-09-05T01:00:00,guest:100_AD-Zentyal,guest,12.82,14.71,3.87,-0.2,62.9,64.93,0.46,0.15,0.27,6.14,34.04,0,normal,
W000878,2026-09-05T01:00:00,node:dl360-04,node,6.1,10.71,3.35,-0.4,50.3,52.26,0.05,0.25,0.84,3.53,46.51,0,normal,
W000877,2026-09-05T01:00:00,node:dl380-01,node,20.0,22.61,1.21,1.15,50.59,53.14,0.65,0.62,1.72,7.3,46.48,0,normal,
W000879,2026-09-05T01:00:00,node:srvzy,node,4.56,13.42,3.15,1.32,38.04,38.34,-0.0,0.88,2.19,3.51,41.74,0,normal,
W000883,2026-09-05T01:30:00,node:dl380-01,node,11.38,19.91,1.26,-0.26,54.23,57.07,-0.71,0.28,1.27,5.33,45.12,0,normal,
W000884,2026-09-05T01:30:00,node:dl360-04,node,11.4,11.54,3.31,-0.64,44.9,46.74,0.49,0.05,1.78,2.66,46.23,0,normal,
W000885,2026-09-05T01:30:00,node:srvzy,node,3.01,9.13,2.37,-1.79,45.15,46.66,-0.2,0.49,2.02,8.55,39.3,0,normal,
W000886,2026-09-05T01:30:00,guest:100_AD-Zentyal,guest,11.02,11.38,3.4,-1.96,61.62,63.62,0.18,0.25,1.66,7.34,38.07,0,normal,
W000887,2026-09-05T01:30:00,guest:101_win11,guest,7.97,19.07,1.7,2.09,59.71,62.22,0.41,0.32,1.04,8.48,38.49,0,normal,
W000888,2026-09-05T01:30:00,guest:402_NS1,guest,2.0,7.12,0.5,0.5,29.68,32.81,0.47,0.21,1.21,4.52,37.47,0,normal,
W000889,2026-09-05T02:00:00,node:dl380-01,node,12.98,20.85,0.86,-2.2,52.78,54.57,0.11,0.17,1.72,5.48,43.35,0,normal,
W000890,2026-09-05T02:00:00,node:dl360-04,node,14.69,23.7,3.08,0.53,49.32,49.5,-0.71,0.28,1.01,6.74,46.03,0,normal,
W000891,2026-09-05T02:00:00,node:srvzy,node,9.04,11.3,2.49,-1.61,40.7,40.82,0.14,0.01,0.65,7.68,41.34,0,normal,
W000892,2026-09-05T02:00:00,guest:100_AD-Zentyal,guest,4.24,8.22,1.0,-2.03,63.21,65.77,0.18,0.42,1.22,4.18,35.39,0,normal,
W000893,2026-09-05T02:00:00,guest:101_win11,guest,10.46,12.5,1.65,0.11,55.79,60.85,-0.54,0.27,0.51,3.84,36.48,0,normal,
W000894,2026-09-05T02:00:00,guest:402_NS1,guest,6.96,11.61,2.31,-0.52,30.48,31.83,-0.15,0.31,1.34,4.3,36.62,0,normal,
W000900,2026-09-05T02:30:00,guest:402_NS1,guest,3.86,14.44,1.95,-1.59,33.45,36.53,0.14,0.28,0.5,4.82,38.85,0,normal,
W000899,2026-09-05T02:30:00,guest:101_win11,guest,10.0,20.3,1.45,-0.9,56.02,58.31,-0.25,0.32,1.36,10.88,36.81,0,normal,
W000898,2026-09-05T02:30:00,guest:100_AD-Zentyal,guest,3.73,6.6,0.5,-1.08,65.71,69.77,0.09,0.17,0.88,6.42,34.66,0,normal,
W000895,2026-09-05T02:30:00,node:dl380-01,node,10.98,18.6,1.8,0.9,55.37,57.18,-0.41,0.3,1.24,4.05,42.15,0,normal,
W000896,2026-09-05T02:30:00,node:dl360-04,node,15.97,23.47,2.15,-1.98,48.82,50.05,0.09,0.33,0.37,5.24,46.77,0,normal,
W000897,2026-09-05T02:30:00,node:srvzy,node,9.23,15.58,0.52,1.53,40.74,41.54,-0.32,0.35,1.42,3.54,42.24,0,normal,
W000901,2026-09-05T03:00:00,node:dl380-01,node,12.95,18.22,2.11,-0.84,53.51,55.96,0.17,0.1,0.25,5.96,42.34,0,normal,
W000902,2026-09-05T03:00:00,node:dl360-04,node,20.71,32.36,4.49,-1.13,49.09,51.96,0.3,0.23,1.54,5.17,46.29,0,normal,
W000903,2026-09-05T03:00:00,node:srvzy,node,2.0,9.93,2.24,0.56,40.49,42.67,-0.02,0.46,1.18,0.8,41.96,0,normal,
W000904,2026-09-05T03:00:00,guest:100_AD-Zentyal,guest,7.44,9.47,1.48,0.34,62.89,63.03,-0.15,0.53,1.15,4.67,38.67,0,normal,
W000905,2026-09-05T03:00:00,guest:101_win11,guest,15.06,24.12,0.5,2.08,57.21,61.68,-0.31,0.05,0.86,4.34,38.08,0,normal,
W000906,2026-09-05T03:00:00,guest:402_NS1,guest,8.03,13.77,2.26,0.63,32.61,34.27,0.41,0.55,1.79,4.67,33.89,0,normal,
W000912,2026-09-05T03:30:00,guest:402_NS1,guest,6.08,13.04,3.1,0.66,36.83,38.08,-0.65,0.09,0.61,2.25,37.24,0,normal,
W000909,2026-09-05T03:30:00,node:srvzy,node,7.05,13.31,3.62,-0.22,40.39,43.28,-0.59,0.24,1.37,5.37,43.3,0,normal,
W000911,2026-09-05T03:30:00,guest:101_win11,guest,8.19,13.6,2.26,0.5,56.05,57.51,0.5,0.19,0.88,0.4,36.03,0,normal,
W000910,2026-09-05T03:30:00,guest:100_AD-Zentyal,guest,4.76,5.69,3.27,1.04,62.72,65.12,0.3,0.14,0.65,5.74,38.46,0,normal,
W000908,2026-09-05T03:30:00,node:dl360-04,node,17.47,25.86,2.8,0.87,50.54,52.96,-0.73,0.19,1.27,3.29,48.53,0,normal,
W000907,2026-09-05T03:30:00,node:dl380-01,node,16.75,20.48,2.37,-0.81,53.03,53.99,-0.51,0.54,0.96,5.17,44.53,0,normal,
W000913,2026-09-05T04:00:00,node:dl380-01,node,22.46,33.08,3.0,2.57,52.63,52.99,0.42,0.07,0.57,7.23,43.25,0,normal,
W000914,2026-09-05T04:00:00,node:dl360-04,node,14.4,16.86,2.49,1.2,48.3,49.47,-0.5,0.14,1.1,6.7,45.2,0,normal,
W000915,2026-09-05T04:00:00,node:srvzy,node,2.0,9.26,1.6,0.83,38.91,39.92,0.06,0.77,1.87,6.08,41.94,0,normal,
W000916,2026-09-05T04:00:00,guest:100_AD-Zentyal,guest,4.94,7.58,0.5,2.08,66.02,68.41,0.05,0.01,0.72,11.05,37.6,0,normal,
W000917,2026-09-05T04:00:00,guest:101_win11,guest,11.1,11.82,3.88,-0.08,53.11,54.18,-0.51,0.27,1.16,4.16,38.57,0,normal,
W000918,2026-09-05T04:00:00,guest:402_NS1,guest,5.35,14.53,2.14,3.65,32.25,33.35,-0.41,0.26,0.37,6.55,34.54,0,normal,
W000923,2026-09-05T04:30:00,guest:101_win11,guest,10.6,19.66,3.26,0.92,56.65,59.69,0.51,0.36,1.11,8.35,36.05,0,normal,
W000922,2026-09-05T04:30:00,guest:100_AD-Zentyal,guest,11.94,20.75,3.33,0.23,62.47,64.58,-0.24,0.26,2.11,6.22,38.08,0,normal,
W000924,2026-09-05T04:30:00,guest:402_NS1,guest,2.56,8.4,0.76,0.99,31.53,33.06,-0.09,0.31,0.97,5.47,37.31,0,normal,
W000920,2026-09-05T04:30:00,node:dl360-04,node,13.36,26.11,2.92,-1.21,47.61,48.81,0.32,0.03,0.29,3.9,47.43,0,normal,
W000919,2026-09-05T04:30:00,node:dl380-01,node,18.64,20.58,2.12,0.73,57.42,58.34,-0.06,0.16,0.61,3.52,44.64,0,normal,
W000921,2026-09-05T04:30:00,node:srvzy,node,12.39,22.53,3.03,-0.1,41.7,42.55,-0.74,0.39,0.79,5.47,41.58,0,normal,
W000929,2026-09-05T05:00:00,guest:101_win11,guest,14.41,14.9,2.96,0.19,60.14,62.15,-0.38,0.29,0.96,7.77,37.92,0,normal,
W000928,2026-09-05T05:00:00,guest:100_AD-Zentyal,guest,9.54,14.8,4.14,-0.17,63.29,64.06,-0.65,0.27,1.21,7.38,37.16,0,normal,
W000930,2026-09-05T05:00:00,guest:402_NS1,guest,2.0,3.09,2.76,1.66,33.73,36.54,0.41,0.35,0.83,7.05,39.69,0,normal,
W000926,2026-09-05T05:00:00,node:dl360-04,node,17.51,19.96,2.01,1.06,46.42,48.35,-0.0,0.22,2.1,5.23,47.55,0,normal,
W000925,2026-09-05T05:00:00,node:dl380-01,node,17.78,21.46,3.58,-2.53,53.22,54.75,0.17,0.01,0.61,6.16,45.48,0,normal,
W000927,2026-09-05T05:00:00,node:srvzy,node,6.66,14.24,3.37,-0.71,40.49,41.59,-0.46,0.51,1.09,0.78,44.53,0,normal,
W000931,2026-09-05T05:30:00,node:dl380-01,node,21.2,29.44,2.04,-0.24,53.37,55.32,0.47,0.17,0.98,6.23,41.82,0,normal,
W000932,2026-09-05T05:30:00,node:dl360-04,node,18.69,22.52,2.14,2.22,50.4,52.98,0.15,0.27,1.87,8.87,45.75,0,normal,
W000933,2026-09-05T05:30:00,node:srvzy,node,4.44,12.14,2.44,-1.71,41.36,43.09,0.21,0.39,0.95,8.36,41.13,0,normal,
W000934,2026-09-05T05:30:00,guest:100_AD-Zentyal,guest,10.83,15.23,3.63,-0.34,66.06,69.84,-0.3,0.28,1.5,5.44,36.58,0,normal,
W000935,2026-09-05T05:30:00,guest:101_win11,guest,12.28,17.04,3.8,0.19,58.9,61.39,-0.12,0.22,1.25,8.93,39.37,0,normal,
W000936,2026-09-05T05:30:00,guest:402_NS1,guest,5.43,11.95,3.08,-0.46,31.54,32.74,-0.1,0.43,1.74,2.4,36.98,0,normal,
W000942,2026-09-05T06:00:00,guest:402_NS1,guest,13.68,14.0,1.7,-1.03,34.26,35.04,0.67,0.31,1.06,12.28,38.48,0,normal,
W000941,2026-09-05T06:00:00,guest:101_win11,guest,22.2,28.63,1.71,-2.19,53.9,55.37,-0.25,0.26,0.36,7.22,40.04,0,normal,
W000940,2026-09-05T06:00:00,guest:100_AD-Zentyal,guest,15.44,21.19,1.12,1.02,63.14,66.73,-0.56,0.26,0.78,4.57,37.77,0,normal,
W000939,2026-09-05T06:00:00,node:srvzy,node,15.57,20.49,1.74,-0.2,42.5,45.04,-0.1,0.47,1.32,5.78,41.44,0,normal,
W000937,2026-09-05T06:00:00,node:dl380-01,node,19.75,28.13,1.97,-0.52,51.46,53.94,-0.06,0.17,0.87,10.88,42.99,0,normal,
W000938,2026-09-05T06:00:00,node:dl360-04,node,15.05,24.81,2.58,0.8,49.72,51.69,-0.14,0.47,1.73,10.75,45.72,0,normal,
W000943,2026-09-05T06:30:00,node:dl380-01,node,22.4,26.15,1.13,-0.73,57.94,60.57,0.11,0.1,1.27,3.43,42.15,0,normal,
W000944,2026-09-05T06:30:00,node:dl360-04,node,16.04,27.91,4.4,-0.54,47.79,48.15,0.03,0.33,1.45,10.23,47.2,0,normal,
W000945,2026-09-05T06:30:00,node:srvzy,node,12.95,16.84,3.04,-0.61,41.83,44.21,0.03,0.46,0.63,4.31,42.09,0,normal,
W000946,2026-09-05T06:30:00,guest:100_AD-Zentyal,guest,8.95,13.73,2.13,1.57,64.26,67.29,0.12,0.19,1.05,9.69,40.29,0,normal,
W000947,2026-09-05T06:30:00,guest:101_win11,guest,15.54,16.59,0.78,-0.39,52.79,56.59,0.24,0.17,0.53,10.58,36.83,0,normal,
W000948,2026-09-05T06:30:00,guest:402_NS1,guest,4.44,8.14,2.61,0.74,36.15,39.19,0.0,0.5,1.04,2.04,37.49,0,normal,
W000949,2026-09-05T07:00:00,node:dl380-01,node,20.11,24.21,1.54,-0.55,55.6,59.31,-0.69,0.04,0.53,11.0,44.92,0,normal,
W000950,2026-09-05T07:00:00,node:dl360-04,node,17.4,25.55,3.46,-0.02,48.01,50.28,-0.09,0.25,0.85,11.48,48.6,0,normal,
W000951,2026-09-05T07:00:00,node:srvzy,node,16.55,26.56,2.96,-0.61,43.35,45.82,1.04,0.36,1.44,9.58,43.07,0,normal,
W000952,2026-09-05T07:00:00,guest:100_AD-Zentyal,guest,15.02,21.91,3.02,1.39,65.04,66.58,-0.13,0.04,1.5,7.08,40.67,0,normal,
W000953,2026-09-05T07:00:00,guest:101_win11,guest,18.9,25.81,2.38,-0.95,55.74,59.47,0.05,0.53,1.88,7.47,39.86,0,normal,
W000954,2026-09-05T07:00:00,guest:402_NS1,guest,10.09,12.62,2.31,0.71,33.58,35.26,-0.07,0.72,0.79,10.21,38.84,0,normal,
W000960,2026-09-05T07:30:00,guest:402_NS1,guest,7.99,14.55,0.95,-0.68,36.3,37.58,0.33,0.17,0.74,8.19,41.84,0,normal,
W000959,2026-09-05T07:30:00,guest:101_win11,guest,21.54,29.73,1.46,-1.55,55.77,58.31,0.11,0.46,1.13,5.93,40.6,0,normal,
W000958,2026-09-05T07:30:00,guest:100_AD-Zentyal,guest,20.93,24.26,2.34,-0.48,63.25,65.5,-0.52,0.28,1.28,8.06,37.72,0,normal,
W000956,2026-09-05T07:30:00,node:dl360-04,node,17.07,18.37,0.5,0.08,50.02,50.84,0.42,0.33,1.67,9.82,46.62,0,normal,
W000957,2026-09-05T07:30:00,node:srvzy,node,14.53,22.54,1.95,-1.73,41.66,42.66,0.45,0.22,1.71,2.33,43.43,0,normal,
W000955,2026-09-05T07:30:00,node:dl380-01,node,20.69,25.85,3.17,0.87,54.82,57.91,0.51,0.46,1.04,10.19,45.97,0,normal,
W000961,2026-09-05T08:00:00,node:dl380-01,node,20.91,28.92,3.56,-0.87,54.33,56.47,-0.59,0.21,1.52,11.57,45.76,0,normal,
W000962,2026-09-05T08:00:00,node:dl360-04,node,22.4,30.14,3.27,-0.67,52.76,56.08,0.27,0.13,0.52,9.02,49.09,0,normal,
W000963,2026-09-05T08:00:00,node:srvzy,node,8.81,16.29,3.79,0.69,40.78,41.99,0.12,0.27,1.25,11.81,45.64,0,normal,
W000964,2026-09-05T08:00:00,guest:100_AD-Zentyal,guest,14.04,20.7,2.14,-0.12,66.56,69.53,0.56,0.39,1.14,9.24,37.4,0,normal,
W000965,2026-09-05T08:00:00,guest:101_win11,guest,24.69,29.72,3.01,0.81,55.76,56.84,0.62,0.36,0.93,9.62,41.63,0,normal,
W000966,2026-09-05T08:00:00,guest:402_NS1,guest,15.27,16.87,4.13,1.16,34.73,35.53,0.42,0.4,0.61,9.3,44.69,0,normal,
W000972,2026-09-05T08:30:00,guest:402_NS1,guest,9.88,19.63,1.89,0.86,37.73,39.7,0.4,0.41,1.25,12.25,42.76,0,normal,
W000970,2026-09-05T08:30:00,guest:100_AD-Zentyal,guest,16.42,27.94,3.6,-0.82,64.15,64.88,0.28,0.25,0.26,10.3,40.66,0,normal,
W000971,2026-09-05T08:30:00,guest:101_win11,guest,23.37,29.15,2.13,2.38,58.01,60.73,-0.22,0.44,0.66,8.61,38.19,0,normal,
W000969,2026-09-05T08:30:00,node:srvzy,node,16.87,28.65,3.0,0.36,42.43,43.15,0.38,0.19,0.75,10.07,42.82,0,normal,
W000967,2026-09-05T08:30:00,node:dl380-01,node,25.06,28.83,1.49,2.13,56.53,59.93,0.1,0.55,1.01,10.49,46.43,0,normal,
W000968,2026-09-05T08:30:00,node:dl360-04,node,26.84,33.8,1.87,0.08,46.98,47.3,0.33,0.23,0.92,12.49,51.1,0,normal,
W000973,2026-09-05T09:00:00,node:dl380-01,node,24.84,27.96,1.48,1.19,57.55,59.01,-0.85,0.17,1.18,11.09,47.05,0,normal,
W000974,2026-09-05T09:00:00,node:dl360-04,node,22.24,31.28,2.84,0.7,50.8,53.33,0.18,0.11,1.06,13.67,51.51,0,normal,
W000975,2026-09-05T09:00:00,node:srvzy,node,18.53,21.63,1.69,-0.52,42.86,44.74,-0.45,0.07,0.11,1.94,44.58,0,normal,
W000976,2026-09-05T09:00:00,guest:100_AD-Zentyal,guest,28.19,39.58,1.52,0.18,62.88,63.57,-0.48,0.25,0.98,12.05,41.77,0,normal,
W000977,2026-09-05T09:00:00,guest:101_win11,guest,20.89,27.0,1.41,-1.61,55.82,58.47,-0.14,0.07,0.85,7.55,43.27,0,normal,
W000978,2026-09-05T09:00:00,guest:402_NS1,guest,12.04,20.09,3.59,-1.15,35.65,38.21,0.05,0.37,0.64,12.96,40.05,0,normal,
W000983,2026-09-05T09:30:00,guest:101_win11,guest,22.91,27.24,2.36,2.59,62.33,63.28,-0.37,0.09,1.31,10.1,41.14,0,normal,
W000982,2026-09-05T09:30:00,guest:100_AD-Zentyal,guest,24.02,30.1,1.94,-0.62,64.5,66.03,-0.51,0.25,0.9,9.02,41.01,0,normal,
W000984,2026-09-05T09:30:00,guest:402_NS1,guest,21.06,27.03,3.21,0.62,34.46,37.52,-0.34,0.57,1.13,9.86,39.14,0,normal,
W000980,2026-09-05T09:30:00,node:dl360-04,node,19.4,26.88,2.29,-1.45,51.42,54.85,-0.65,0.5,0.72,10.09,52.54,0,normal,
W000979,2026-09-05T09:30:00,node:dl380-01,node,28.29,37.05,3.17,0.42,56.67,59.36,0.6,0.29,1.16,14.09,46.04,0,normal,
W000981,2026-09-05T09:30:00,node:srvzy,node,15.92,22.19,3.26,-2.06,42.65,44.71,0.74,0.05,0.7,8.51,43.22,0,normal,
W000989,2026-09-05T10:00:00,guest:101_win11,guest,22.2,32.95,2.93,-1.41,58.15,61.71,0.29,0.12,0.81,11.79,40.69,0,normal,
W000988,2026-09-05T10:00:00,guest:100_AD-Zentyal,guest,18.11,26.28,0.5,0.8,62.63,64.11,-0.53,0.26,1.39,6.93,40.96,0,normal,
W000990,2026-09-05T10:00:00,guest:402_NS1,guest,10.01,13.98,3.89,-0.46,35.81,37.95,0.89,0.3,1.54,10.71,41.11,0,normal,
W000986,2026-09-05T10:00:00,node:dl360-04,node,23.12,26.96,1.37,-1.78,51.55,53.76,0.51,0.51,2.27,12.28,50.11,0,normal,
W000985,2026-09-05T10:00:00,node:dl380-01,node,25.77,30.48,0.5,-0.28,55.09,57.88,0.17,0.16,0.78,11.8,49.73,0,normal,
W000987,2026-09-05T10:00:00,node:srvzy,node,14.45,22.54,2.62,0.78,40.95,43.3,0.08,0.33,0.85,16.07,48.58,0,normal,
W000991,2026-09-05T10:30:00,node:dl380-01,node,29.04,32.72,2.3,1.07,54.56,56.56,0.28,0.14,1.37,12.72,47.25,0,normal,
W000992,2026-09-05T10:30:00,node:dl360-04,node,18.97,23.85,2.87,2.09,52.02,55.15,-0.48,0.27,1.56,9.84,51.95,0,normal,
W000993,2026-09-05T10:30:00,node:srvzy,node,21.57,28.39,2.17,-1.18,46.2,48.83,0.14,0.22,1.03,12.99,46.1,0,normal,
W000994,2026-09-05T10:30:00,guest:100_AD-Zentyal,guest,24.57,28.22,1.03,0.1,62.86,64.53,-0.2,0.4,1.99,6.67,44.91,0,normal,
W000995,2026-09-05T10:30:00,guest:101_win11,guest,23.18,30.23,1.09,1.2,59.07,61.01,-0.77,0.31,1.45,11.79,43.26,0,normal,
W000996,2026-09-05T10:30:00,guest:402_NS1,guest,19.97,24.04,4.1,0.05,36.09,38.19,0.03,0.23,0.95,8.41,43.94,0,normal,
W001000,2026-09-05T11:00:00,guest:100_AD-Zentyal,guest,30.78,36.08,3.17,0.1,65.28,67.55,0.27,0.34,0.79,12.14,41.44,0,normal,
W000999,2026-09-05T11:00:00,node:srvzy,node,27.22,33.21,2.78,-1.18,44.57,48.33,-0.61,0.39,1.41,15.12,48.59,0,normal,
W001001,2026-09-05T11:00:00,guest:101_win11,guest,22.71,29.65,2.92,1.18,57.87,59.29,0.62,0.27,1.08,13.01,43.82,0,normal,
W000997,2026-09-05T11:00:00,node:dl380-01,node,36.21,44.76,2.26,-1.21,55.23,59.17,-0.28,0.17,1.38,18.04,50.61,0,normal,
W000998,2026-09-05T11:00:00,node:dl360-04,node,31.29,40.9,2.55,-2.49,51.46,54.09,-0.05,0.26,0.68,10.53,53.88,0,normal,
W001002,2026-09-05T11:00:00,guest:402_NS1,guest,21.76,31.1,2.53,-1.05,39.88,42.74,-0.18,0.58,1.17,17.77,44.34,0,normal,
W001008,2026-09-05T11:30:00,guest:402_NS1,guest,22.67,26.72,1.77,1.47,35.59,37.18,-0.15,0.29,0.46,11.92,42.47,0,normal,
W001007,2026-09-05T11:30:00,guest:101_win11,guest,26.73,29.98,4.92,0.22,60.03,63.12,0.19,0.45,1.08,9.85,42.54,0,normal,
W001006,2026-09-05T11:30:00,guest:100_AD-Zentyal,guest,24.72,28.13,2.91,-0.62,64.68,68.79,0.43,0.37,1.01,12.6,44.44,0,normal,
W001005,2026-09-05T11:30:00,node:srvzy,node,21.24,30.61,3.8,2.13,43.65,46.41,-0.58,0.39,0.76,13.35,50.67,0,normal,
W001004,2026-09-05T11:30:00,node:dl360-04,node,28.75,37.62,2.74,-0.65,51.15,53.14,0.09,0.52,1.43,9.33,50.28,0,normal,
W001003,2026-09-05T11:30:00,node:dl380-01,node,27.43,35.18,3.28,3.14,55.08,58.51,0.01,0.05,0.8,13.54,46.53,0,normal,
W001009,2026-09-05T12:00:00,node:dl380-01,node,32.71,42.18,4.34,1.81,58.38,60.23,-0.25,0.3,1.34,16.8,49.53,0,normal,
W001010,2026-09-05T12:00:00,node:dl360-04,node,28.5,36.86,3.76,1.06,51.67,52.84,-0.34,0.16,1.07,15.89,49.48,0,normal,
W001011,2026-09-05T12:00:00,node:srvzy,node,20.16,26.89,1.6,0.52,43.18,44.46,0.02,0.38,0.84,13.6,47.3,0,normal,
W001012,2026-09-05T12:00:00,guest:100_AD-Zentyal,guest,22.26,23.29,0.96,-0.5,64.36,66.01,0.67,0.02,0.71,20.73,43.21,0,normal,
W001013,2026-09-05T12:00:00,guest:101_win11,guest,25.64,31.17,2.93,2.03,58.78,60.02,-0.55,0.32,0.56,12.94,41.24,0,normal,
W001014,2026-09-05T12:00:00,guest:402_NS1,guest,22.69,27.16,2.9,-1.92,36.97,37.77,-0.17,0.74,1.92,13.94,47.4,0,normal,
W001019,2026-09-05T12:30:00,guest:101_win11,guest,21.93,30.21,3.26,1.17,60.27,62.91,0.87,0.24,0.62,9.73,45.23,0,normal,
W001018,2026-09-05T12:30:00,guest:100_AD-Zentyal,guest,22.97,28.82,1.9,-0.48,66.91,68.48,-0.17,0.1,0.44,14.51,43.06,0,normal,
W001020,2026-09-05T12:30:00,guest:402_NS1,guest,25.12,28.35,1.77,-0.39,38.94,39.65,-0.79,0.73,1.66,15.69,42.29,0,normal,
W001016,2026-09-05T12:30:00,node:dl360-04,node,31.8,33.35,1.75,0.06,52.87,56.29,-0.09,0.24,0.69,15.32,51.15,0,normal,
W001015,2026-09-05T12:30:00,node:dl380-01,node,28.73,38.22,0.97,-0.29,54.31,56.56,0.02,0.24,1.48,12.63,49.09,0,normal,
W001017,2026-09-05T12:30:00,node:srvzy,node,20.97,26.69,3.05,-0.68,42.34,44.77,-1.21,0.18,0.52,17.94,45.94,0,normal,
W001025,2026-09-05T13:00:00,guest:101_win11,guest,25.36,29.67,2.38,1.73,62.98,65.77,0.13,0.57,1.26,13.66,42.7,0,normal,
W001024,2026-09-05T13:00:00,guest:100_AD-Zentyal,guest,26.65,33.33,3.66,-0.16,68.42,68.72,-0.65,0.16,1.27,16.85,44.24,0,normal,
W001026,2026-09-05T13:00:00,guest:402_NS1,guest,16.3,21.78,1.38,1.23,37.91,41.34,-0.65,0.68,0.85,11.23,41.97,0,normal,
W001022,2026-09-05T13:00:00,node:dl360-04,node,30.23,35.33,1.12,0.08,51.4,52.94,-0.86,0.44,0.74,15.02,50.69,0,normal,
W001021,2026-09-05T13:00:00,node:dl380-01,node,34.36,35.82,1.66,0.13,52.84,54.54,-0.15,0.24,0.82,11.84,46.16,0,normal,
W001023,2026-09-05T13:00:00,node:srvzy,node,21.37,30.82,3.03,1.36,44.53,46.92,-0.71,0.24,0.95,18.5,46.14,0,normal,
W001027,2026-09-05T13:30:00,node:dl380-01,node,37.3,43.98,2.26,-0.95,54.46,57.59,0.32,0.57,1.53,6.9,47.03,0,normal,
W001028,2026-09-05T13:30:00,node:dl360-04,node,31.35,36.25,1.94,-1.32,53.64,56.09,0.2,0.17,1.04,10.82,51.7,0,normal,
W001029,2026-09-05T13:30:00,node:srvzy,node,13.88,15.18,2.18,2.85,40.69,41.45,0.09,0.65,1.53,16.94,46.39,0,normal,
W001030,2026-09-05T13:30:00,guest:100_AD-Zentyal,guest,23.94,30.19,1.84,0.87,64.04,66.93,0.02,0.26,0.4,11.89,44.7,0,normal,
W001031,2026-09-05T13:30:00,guest:101_win11,guest,27.0,33.83,1.62,-0.03,57.46,59.56,0.15,0.36,0.8,13.8,43.7,0,normal,
W001032,2026-09-05T13:30:00,guest:402_NS1,guest,18.99,24.13,4.4,-1.14,38.88,39.72,0.26,0.44,1.04,11.18,39.94,0,normal,
W001037,2026-09-05T14:00:00,guest:101_win11,guest,29.62,35.39,0.84,-1.27,61.9,63.99,-0.67,0.37,0.95,12.38,41.28,0,normal,
W001038,2026-09-05T14:00:00,guest:402_NS1,guest,23.5,23.6,1.66,0.14,39.84,42.39,-0.34,0.61,0.86,15.8,43.73,0,normal,
W001036,2026-09-05T14:00:00,guest:100_AD-Zentyal,guest,22.94,29.61,2.59,0.56,66.12,67.19,0.07,0.09,1.33,14.66,42.51,0,normal,
W001035,2026-09-05T14:00:00,node:srvzy,node,26.63,33.98,1.13,-1.13,46.11,47.3,0.39,0.21,1.07,10.84,46.09,0,normal,
W001034,2026-09-05T14:00:00,node:dl360-04,node,26.73,28.79,3.58,-0.43,48.04,49.41,0.37,0.15,1.55,12.43,52.76,0,normal,
W001033,2026-09-05T14:00:00,node:dl380-01,node,30.85,38.43,1.42,0.12,54.34,56.11,-0.46,0.28,0.88,11.43,48.01,0,normal,
W001039,2026-09-05T14:30:00,node:dl380-01,node,29.92,38.01,1.99,0.83,53.69,56.02,-0.16,0.53,1.31,18.75,49.76,0,normal,
W001040,2026-09-05T14:30:00,node:dl360-04,node,29.55,37.92,3.29,0.57,47.87,48.89,0.55,0.05,1.2,17.12,50.91,0,normal,
W001041,2026-09-05T14:30:00,node:srvzy,node,16.02,20.31,4.58,-1.04,42.57,43.57,0.49,0.25,0.8,19.24,47.87,0,normal,
W001042,2026-09-05T14:30:00,guest:100_AD-Zentyal,guest,22.78,25.11,3.66,0.02,64.21,64.43,-0.45,0.05,0.07,11.7,41.62,0,normal,
W001043,2026-09-05T14:30:00,guest:101_win11,guest,26.38,37.46,2.23,-0.2,60.92,62.68,0.16,0.36,1.21,23.3,44.37,0,normal,
W001044,2026-09-05T14:30:00,guest:402_NS1,guest,16.21,23.32,1.71,0.54,34.52,35.42,0.14,0.5,1.5,17.56,43.56,0,normal,
W001049,2026-09-05T15:00:00,guest:101_win11,guest,28.07,30.79,1.67,1.79,63.22,66.23,0.53,0.54,1.57,15.82,43.71,0,normal,
W001048,2026-09-05T15:00:00,guest:100_AD-Zentyal,guest,29.52,39.29,2.88,-0.58,67.13,69.51,-0.22,0.57,1.6,12.15,45.72,0,normal,
W001050,2026-09-05T15:00:00,guest:402_NS1,guest,22.3,26.08,3.23,1.75,36.56,38.25,0.19,0.17,0.44,18.27,42.22,0,normal,
W001046,2026-09-05T15:00:00,node:dl360-04,node,26.86,33.99,2.46,2.21,53.35,54.76,0.29,0.36,1.69,13.26,52.18,0,normal,
W001045,2026-09-05T15:00:00,node:dl380-01,node,33.33,37.82,3.31,1.23,56.82,58.7,0.64,0.3,1.13,16.28,48.75,0,normal,
W001047,2026-09-05T15:00:00,node:srvzy,node,22.38,28.56,1.61,0.69,44.68,47.97,-0.0,0.22,1.33,12.45,48.53,0,normal,
W001055,2026-09-05T15:30:00,guest:101_win11,guest,23.79,27.78,1.88,-1.69,59.02,59.94,0.23,0.43,0.71,13.94,45.68,0,normal,
W001054,2026-09-05T15:30:00,guest:100_AD-Zentyal,guest,29.36,36.93,1.65,1.19,64.95,65.74,-0.51,0.5,1.27,15.13,42.87,0,normal,
W001056,2026-09-05T15:30:00,guest:402_NS1,guest,16.29,23.57,2.61,1.31,37.46,39.03,0.03,0.32,1.08,10.87,44.76,0,normal,
W001052,2026-09-05T15:30:00,node:dl360-04,node,32.38,38.26,2.95,-1.18,56.53,58.24,0.08,0.41,1.05,14.85,51.89,0,normal,
W001051,2026-09-05T15:30:00,node:dl380-01,node,32.79,36.96,3.78,1.02,56.5,57.32,-0.14,0.41,1.29,15.16,49.22,0,normal,
W001053,2026-09-05T15:30:00,node:srvzy,node,19.53,26.84,0.85,2.1,45.36,48.0,-0.69,0.14,1.5,27.28,48.69,0,normal,
W001057,2026-09-05T16:00:00,node:dl380-01,node,35.66,38.53,2.2,-0.27,54.65,54.78,-0.27,0.23,0.45,14.86,50.34,0,normal,
W001058,2026-09-05T16:00:00,node:dl360-04,node,31.88,37.5,0.66,0.86,52.0,54.42,0.77,0.14,0.48,11.17,52.33,0,normal,
W001059,2026-09-05T16:00:00,node:srvzy,node,22.02,24.38,1.08,-0.43,41.49,44.01,-0.16,0.17,0.67,15.12,46.66,0,normal,
W001060,2026-09-05T16:00:00,guest:100_AD-Zentyal,guest,25.64,32.18,2.43,-1.24,65.42,67.02,0.83,0.03,0.66,14.62,42.14,0,normal,
W001061,2026-09-05T16:00:00,guest:101_win11,guest,30.69,35.76,2.27,0.98,62.99,66.4,-0.05,0.29,1.11,14.77,41.33,0,normal,
W001062,2026-09-05T16:00:00,guest:402_NS1,guest,22.21,28.83,2.46,-1.53,36.84,36.95,-0.23,0.19,1.1,19.97,43.46,0,normal,
W001067,2026-09-05T16:30:00,guest:101_win11,guest,31.51,44.93,3.25,1.31,62.82,65.07,0.63,0.46,1.32,15.38,39.87,0,normal,
W001066,2026-09-05T16:30:00,guest:100_AD-Zentyal,guest,21.48,27.58,0.5,-0.38,66.57,67.21,0.61,0.18,0.89,12.55,42.48,0,normal,
W001068,2026-09-05T16:30:00,guest:402_NS1,guest,19.95,21.32,0.87,0.23,34.73,36.72,0.06,0.34,0.77,17.03,42.46,0,normal,
W001064,2026-09-05T16:30:00,node:dl360-04,node,34.6,37.3,3.19,0.63,48.89,50.06,-0.27,0.41,1.07,14.07,49.41,0,normal,
W001063,2026-09-05T16:30:00,node:dl380-01,node,37.0,44.93,3.63,2.23,55.41,56.62,0.27,0.3,1.19,13.58,47.7,0,normal,
W001065,2026-09-05T16:30:00,node:srvzy,node,30.07,36.28,3.0,-0.65,42.56,46.47,-0.77,0.36,0.67,13.12,45.64,0,normal,
W001069,2026-09-05T17:00:00,node:dl380-01,node,32.2,34.61,2.32,1.32,58.16,59.36,-0.22,0.1,0.64,9.34,47.91,0,normal,
W001070,2026-09-05T17:00:00,node:dl360-04,node,29.87,33.52,2.41,-0.26,53.31,54.7,-0.23,0.13,0.48,15.12,50.92,0,normal,
W001071,2026-09-05T17:00:00,node:srvzy,node,20.85,30.67,3.83,-1.98,44.58,46.81,-0.18,0.37,0.47,17.92,46.89,0,normal,
W001072,2026-09-05T17:00:00,guest:100_AD-Zentyal,guest,20.63,24.87,0.8,-0.38,65.55,66.22,0.31,0.56,1.34,12.62,42.77,0,normal,
W001073,2026-09-05T17:00:00,guest:101_win11,guest,25.59,28.34,1.85,-0.36,59.86,61.87,0.08,0.0,1.07,13.55,45.95,0,normal,
W001074,2026-09-05T17:00:00,guest:402_NS1,guest,16.3,23.27,5.33,0.23,36.29,37.31,0.61,0.07,1.04,12.11,41.84,0,normal,
W001079,2026-09-05T17:30:00,guest:101_win11,guest,29.27,34.39,2.75,-0.37,60.25,61.87,0.66,0.7,1.85,18.16,39.81,0,normal,
W001078,2026-09-05T17:30:00,guest:100_AD-Zentyal,guest,23.69,32.64,2.62,0.15,66.78,67.09,0.16,0.33,1.49,15.35,41.82,0,normal,
W001080,2026-09-05T17:30:00,guest:402_NS1,guest,12.68,17.72,2.54,-0.24,33.46,36.61,0.86,0.56,1.79,14.21,40.86,0,normal,
W001076,2026-09-05T17:30:00,node:dl360-04,node,27.3,32.32,2.39,-1.93,51.76,52.4,-0.11,0.33,1.56,11.08,53.3,0,normal,
W001075,2026-09-05T17:30:00,node:dl380-01,node,25.67,35.7,2.22,-1.46,58.67,60.16,0.13,0.47,1.46,6.95,49.16,0,normal,
W001077,2026-09-05T17:30:00,node:srvzy,node,23.97,28.68,1.39,-1.73,43.9,45.17,0.48,0.16,0.6,14.24,45.09,0,normal,
W001085,2026-09-05T18:00:00,guest:101_win11,guest,22.01,26.4,1.52,-2.1,58.17,61.04,0.08,0.61,1.71,14.07,44.32,0,normal,
W001084,2026-09-05T18:00:00,guest:100_AD-Zentyal,guest,18.85,25.65,2.76,-0.2,70.36,72.22,-0.11,0.22,0.63,14.56,40.47,0,normal,
W001086,2026-09-05T18:00:00,guest:402_NS1,guest,15.66,21.85,2.49,1.85,36.0,37.36,0.24,0.14,1.15,13.74,41.22,0,normal,
W001082,2026-09-05T18:00:00,node:dl360-04,node,23.19,32.45,2.6,2.79,51.57,53.48,0.23,0.23,0.31,11.78,50.12,0,normal,
W001081,2026-09-05T18:00:00,node:dl380-01,node,29.25,41.57,2.15,-0.55,57.99,61.17,-0.34,0.25,0.85,12.71,49.16,0,normal,
W001083,2026-09-05T18:00:00,node:srvzy,node,13.43,19.21,0.5,-0.42,43.44,45.54,-0.16,0.28,0.77,12.53,45.59,0,normal,
W001087,2026-09-05T18:30:00,node:dl380-01,node,30.98,32.52,2.66,-0.56,61.15,63.31,-0.24,0.02,1.35,11.45,46.31,0,normal,
W001088,2026-09-05T18:30:00,node:dl360-04,node,27.18,35.13,3.13,0.02,51.29,53.52,0.13,0.38,1.62,12.67,49.27,0,normal,
W001089,2026-09-05T18:30:00,node:srvzy,node,18.49,26.76,0.71,-2.14,44.65,48.17,-0.51,0.32,0.96,11.72,45.96,0,normal,
W001090,2026-09-05T18:30:00,guest:100_AD-Zentyal,guest,17.47,20.15,2.2,-0.17,63.97,66.76,-0.17,0.22,1.13,12.11,42.76,0,normal,
W001091,2026-09-05T18:30:00,guest:101_win11,guest,20.73,22.54,2.19,0.07,56.77,57.38,0.07,0.15,0.37,15.4,40.55,0,normal,
W001092,2026-09-05T18:30:00,guest:402_NS1,guest,20.02,26.11,2.79,-0.25,31.22,32.08,-0.05,0.37,0.46,12.34,39.82,0,normal,
W001097,2026-09-05T19:00:00,guest:101_win11,guest,18.8,28.17,0.95,-0.67,57.49,61.63,-0.27,0.13,0.7,12.66,41.95,0,normal,
W001096,2026-09-05T19:00:00,guest:100_AD-Zentyal,guest,25.83,28.75,2.56,1.12,65.19,66.73,-0.11,0.41,0.75,14.86,40.69,0,normal,
W001098,2026-09-05T19:00:00,guest:402_NS1,guest,22.04,32.26,2.69,-1.07,38.44,40.07,-0.26,0.22,0.52,9.9,40.43,0,normal,
W001094,2026-09-05T19:00:00,node:dl360-04,node,26.71,34.17,3.18,-2.5,53.38,55.17,0.5,0.11,1.01,9.6,50.63,0,normal,
W001095,2026-09-05T19:00:00,node:srvzy,node,18.18,25.28,1.44,-0.07,42.19,44.69,0.4,0.33,0.62,11.62,48.69,0,normal,
W001093,2026-09-05T19:00:00,node:dl380-01,node,27.89,33.83,3.24,1.28,56.34,59.2,-0.14,0.86,1.18,9.71,48.13,0,normal,
W001099,2026-09-05T19:30:00,node:dl380-01,node,29.63,34.46,1.23,-1.92,55.89,57.97,-0.22,0.21,1.16,15.47,45.61,0,normal,
W001100,2026-09-05T19:30:00,node:dl360-04,node,24.38,33.26,1.72,-0.02,50.45,51.14,0.07,0.31,1.33,7.73,49.79,0,normal,
W001101,2026-09-05T19:30:00,node:srvzy,node,21.91,34.14,3.78,-1.41,43.33,44.85,0.11,0.15,0.26,10.26,45.86,0,normal,
W001102,2026-09-05T19:30:00,guest:100_AD-Zentyal,guest,21.08,28.29,2.72,0.49,66.47,68.2,0.03,0.65,1.51,11.42,40.93,0,normal,
W001103,2026-09-05T19:30:00,guest:101_win11,guest,21.31,26.0,2.71,-0.61,58.26,59.47,0.04,0.42,1.13,5.27,41.66,0,normal,
W001104,2026-09-05T19:30:00,guest:402_NS1,guest,14.49,17.51,3.27,-1.68,37.4,39.34,-0.91,0.34,0.97,9.62,39.67,0,normal,
W001105,2026-09-05T20:00:00,node:dl380-01,node,24.55,29.1,0.64,1.53,54.56,55.83,-0.45,0.45,0.73,10.4,45.12,0,normal,
W001106,2026-09-05T20:00:00,node:dl360-04,node,20.16,22.85,1.88,0.01,50.42,51.64,-0.04,0.48,0.61,9.98,47.57,0,normal,
W001107,2026-09-05T20:00:00,node:srvzy,node,11.32,18.1,1.95,-1.46,44.38,47.3,-0.77,0.01,1.04,9.15,46.25,0,normal,
W001108,2026-09-05T20:00:00,guest:100_AD-Zentyal,guest,20.16,27.06,1.48,0.59,62.7,66.01,0.17,0.14,1.26,16.72,39.67,0,normal,
W001109,2026-09-05T20:00:00,guest:101_win11,guest,21.93,26.63,2.59,-1.81,58.0,60.04,0.72,0.06,0.75,13.86,39.64,0,normal,
W001110,2026-09-05T20:00:00,guest:402_NS1,guest,11.4,14.9,1.57,-2.19,33.87,34.88,0.05,0.14,0.75,8.64,39.93,0,normal,
W001116,2026-09-05T20:30:00,guest:402_NS1,guest,16.45,19.81,2.71,-0.71,33.34,36.65,0.74,0.26,1.19,10.17,42.6,0,normal,
W001114,2026-09-05T20:30:00,guest:100_AD-Zentyal,guest,14.94,23.41,2.85,-1.05,64.87,66.32,0.14,0.68,1.33,11.6,40.04,0,normal,
W001115,2026-09-05T20:30:00,guest:101_win11,guest,20.08,25.59,1.64,0.4,57.48,58.58,0.41,0.32,1.03,14.02,37.25,0,normal,
W001113,2026-09-05T20:30:00,node:srvzy,node,12.91,23.0,2.5,-1.03,41.59,44.82,-0.17,0.49,1.04,7.7,44.99,0,normal,
W001111,2026-09-05T20:30:00,node:dl380-01,node,23.15,25.96,2.59,1.28,55.23,56.62,-0.05,0.11,0.85,8.8,44.6,0,normal,
W001112,2026-09-05T20:30:00,node:dl360-04,node,19.37,24.14,3.49,1.31,48.33,49.81,-0.2,0.46,1.32,10.28,49.8,0,normal,
W001117,2026-09-05T21:00:00,node:dl380-01,node,15.53,22.66,1.77,-2.83,53.83,57.68,-0.26,0.46,1.74,8.67,45.4,0,normal,
W001118,2026-09-05T21:00:00,node:dl360-04,node,13.92,17.77,3.41,0.07,50.14,52.28,0.88,0.21,1.66,9.11,50.76,0,normal,
W001119,2026-09-05T21:00:00,node:srvzy,node,8.64,15.2,2.11,0.17,43.68,46.06,0.49,0.17,0.64,8.75,43.17,0,normal,
W001120,2026-09-05T21:00:00,guest:100_AD-Zentyal,guest,15.28,18.4,3.7,-0.44,67.05,69.06,0.26,0.41,0.88,9.81,42.12,0,normal,
W001121,2026-09-05T21:00:00,guest:101_win11,guest,18.81,27.51,3.19,0.37,57.82,60.37,0.31,0.03,0.93,8.15,38.64,0,normal,
W001122,2026-09-05T21:00:00,guest:402_NS1,guest,14.47,18.27,1.11,0.95,31.93,32.0,0.36,0.33,1.32,7.38,37.15,0,normal,
W001128,2026-09-05T21:30:00,guest:402_NS1,guest,9.59,15.52,2.7,-0.83,34.15,37.34,-0.28,0.09,0.87,5.31,36.64,0,normal,
W001127,2026-09-05T21:30:00,guest:101_win11,guest,11.74,15.04,1.0,-0.52,56.77,58.86,0.5,0.44,0.59,10.53,39.39,0,normal,
W001126,2026-09-05T21:30:00,guest:100_AD-Zentyal,guest,14.08,18.78,3.1,1.42,65.2,68.99,-0.28,0.07,1.15,6.39,38.81,0,normal,
W001123,2026-09-05T21:30:00,node:dl380-01,node,18.78,23.96,1.23,0.37,53.65,55.83,0.06,0.38,1.38,7.67,45.5,0,normal,
W001124,2026-09-05T21:30:00,node:dl360-04,node,20.76,22.04,3.15,0.18,50.5,51.21,-0.13,0.08,1.18,4.49,46.83,0,normal,
W001125,2026-09-05T21:30:00,node:srvzy,node,14.8,18.91,1.57,1.09,43.19,45.91,0.34,0.25,0.97,6.76,43.48,0,normal,
W001133,2026-09-05T22:00:00,guest:101_win11,guest,14.73,18.36,2.8,3.22,57.99,59.9,-0.27,0.03,1.12,9.54,37.8,0,normal,
W001134,2026-09-05T22:00:00,guest:402_NS1,guest,12.25,18.31,3.27,0.36,33.68,34.73,-0.06,0.47,1.07,8.82,36.88,0,normal,
W001132,2026-09-05T22:00:00,guest:100_AD-Zentyal,guest,9.55,12.93,1.69,-0.22,67.57,68.64,-0.39,0.07,1.13,7.38,37.16,0,normal,
W001131,2026-09-05T22:00:00,node:srvzy,node,9.02,19.58,1.09,0.58,44.12,46.8,-0.53,0.04,0.54,7.97,42.84,0,normal,
W001130,2026-09-05T22:00:00,node:dl360-04,node,19.16,28.75,2.27,-1.04,48.68,51.53,-0.49,0.42,0.94,8.23,46.65,0,normal,
W001129,2026-09-05T22:00:00,node:dl380-01,node,19.79,30.14,2.46,0.21,50.17,52.6,0.04,0.17,1.04,8.01,42.91,0,normal,
W001135,2026-09-05T22:30:00,node:dl380-01,node,23.73,30.67,1.3,-0.27,55.68,56.42,-0.43,0.29,1.94,5.48,45.24,0,normal,
W001136,2026-09-05T22:30:00,node:dl360-04,node,18.91,23.14,2.66,-0.54,48.36,48.69,-0.01,0.48,1.3,10.77,48.37,0,normal,
W001137,2026-09-05T22:30:00,node:srvzy,node,10.79,14.91,2.01,-1.76,40.52,42.67,0.69,0.41,0.86,3.18,42.19,0,normal,
W001138,2026-09-05T22:30:00,guest:100_AD-Zentyal,guest,16.84,22.18,3.04,-0.22,65.29,65.69,0.64,0.08,1.19,6.68,38.33,0,normal,
W001139,2026-09-05T22:30:00,guest:101_win11,guest,15.16,21.92,2.96,1.27,59.53,61.87,0.69,0.32,1.55,8.79,37.68,0,normal,
W001140,2026-09-05T22:30:00,guest:402_NS1,guest,8.63,16.14,2.47,0.5,35.56,37.53,-1.18,0.64,1.32,5.03,36.81,0,normal,
W001141,2026-09-05T23:00:00,node:dl380-01,node,18.17,22.48,1.76,-0.82,54.54,58.57,0.33,0.52,1.17,6.78,44.52,0,normal,
W001142,2026-09-05T23:00:00,node:dl360-04,node,14.03,18.76,3.35,1.31,48.71,49.51,-0.12,0.01,0.84,7.23,46.47,0,normal,
W001143,2026-09-05T23:00:00,node:srvzy,node,10.19,17.44,2.76,-1.44,40.13,42.54,0.63,0.25,1.27,9.1,41.58,0,normal,
W001144,2026-09-05T23:00:00,guest:100_AD-Zentyal,guest,16.36,25.97,3.88,0.55,67.83,69.22,0.85,0.45,1.79,5.5,39.15,0,normal,
W001145,2026-09-05T23:00:00,guest:101_win11,guest,19.34,22.08,2.34,-2.57,56.26,57.45,-0.09,0.88,2.37,2.15,38.71,0,normal,
W001146,2026-09-05T23:00:00,guest:402_NS1,guest,9.14,14.13,2.68,0.33,31.16,32.13,0.07,0.32,0.84,4.08,37.74,0,normal,
W001152,2026-09-05T23:30:00,guest:402_NS1,guest,5.47,9.05,5.1,0.38,34.42,35.96,-0.23,0.51,0.63,3.04,37.51,0,normal,
W001151,2026-09-05T23:30:00,guest:101_win11,guest,11.02,16.27,4.0,0.2,56.09,59.63,-0.11,0.75,1.34,3.43,37.63,0,normal,
W001150,2026-09-05T23:30:00,guest:100_AD-Zentyal,guest,12.6,16.5,2.63,-0.06,61.53,63.25,0.23,0.41,1.12,8.49,36.41,0,normal,
W001148,2026-09-05T23:30:00,node:dl360-04,node,16.66,24.32,3.83,1.03,47.27,49.87,0.75,0.12,1.77,7.62,46.23,0,normal,
W001147,2026-09-05T23:30:00,node:dl380-01,node,22.44,28.22,4.12,-0.83,53.93,55.58,0.24,0.14,1.71,1.39,46.45,0,normal,
W001149,2026-09-05T23:30:00,node:srvzy,node,6.22,11.55,0.54,-0.5,40.11,41.04,0.3,0.26,0.8,5.49,42.41,0,normal,
W001158,2026-09-06T00:00:00,guest:402_NS1,guest,2.0,13.85,1.77,2.08,32.61,33.04,0.51,0.58,1.02,4.67,36.04,0,normal,
W001153,2026-09-06T00:00:00,node:dl380-01,node,22.8,27.68,2.92,0.03,55.6,56.02,0.29,0.26,1.43,3.21,43.44,0,normal,
W001154,2026-09-06T00:00:00,node:dl360-04,node,14.71,17.71,1.22,-0.7,48.5,49.74,-0.13,0.08,0.73,8.74,47.46,0,normal,
W001155,2026-09-06T00:00:00,node:srvzy,node,7.77,14.5,1.67,1.95,43.99,46.15,1.04,0.16,0.46,3.54,41.07,0,normal,
W001156,2026-09-06T00:00:00,guest:100_AD-Zentyal,guest,19.16,24.32,1.64,-1.08,65.32,68.32,-0.19,0.08,0.42,10.83,38.44,0,normal,
W001157,2026-09-06T00:00:00,guest:101_win11,guest,13.3,24.91,4.46,-0.04,56.24,57.65,-0.11,0.0,0.21,0.5,39.03,0,normal,
W001159,2026-09-06T00:30:00,node:dl380-01,node,17.65,23.97,2.15,-2.18,52.22,54.93,-0.08,0.23,0.66,3.84,45.52,0,normal,
W001160,2026-09-06T00:30:00,node:dl360-04,node,11.08,19.25,2.55,0.29,46.95,48.6,-0.0,0.2,1.13,7.04,49.66,0,normal,
W001161,2026-09-06T00:30:00,node:srvzy,node,9.05,9.31,3.66,-0.24,43.89,47.36,-0.2,0.44,1.01,5.68,42.42,0,normal,
W001162,2026-09-06T00:30:00,guest:100_AD-Zentyal,guest,14.97,23.65,2.57,2.98,62.61,63.0,-0.57,0.59,1.36,6.15,36.59,0,normal,
W001163,2026-09-06T00:30:00,guest:101_win11,guest,11.49,15.13,2.97,-0.12,57.05,59.39,-0.17,0.01,0.19,14.75,39.62,0,normal,
W001164,2026-09-06T00:30:00,guest:402_NS1,guest,9.76,13.74,2.51,-0.98,30.91,32.32,0.53,0.47,0.88,4.73,38.53,0,normal,
W001169,2026-09-06T01:00:00,guest:101_win11,guest,14.8,19.47,1.86,-0.06,54.7,55.65,-0.85,0.01,1.6,3.2,39.96,0,normal,
W001170,2026-09-06T01:00:00,guest:402_NS1,guest,5.68,11.53,1.0,0.01,36.47,40.03,0.11,0.07,0.49,2.61,39.02,0,normal,
W001168,2026-09-06T01:00:00,guest:100_AD-Zentyal,guest,9.66,16.14,3.26,0.39,65.17,66.87,0.41,0.32,1.33,6.38,38.96,0,normal,
W001165,2026-09-06T01:00:00,node:dl380-01,node,15.27,21.51,2.9,0.47,53.53,54.87,-0.22,0.07,0.25,4.83,44.33,0,normal,
W001166,2026-09-06T01:00:00,node:dl360-04,node,9.44,16.26,3.28,-2.2,47.58,51.23,0.22,0.07,1.14,2.93,47.14,0,normal,
W001167,2026-09-06T01:00:00,node:srvzy,node,4.86,10.7,1.96,0.0,39.05,40.82,-0.47,0.4,1.27,0.32,42.59,0,normal,
W001171,2026-09-06T01:30:00,node:dl380-01,node,22.98,29.57,2.2,1.86,51.31,53.36,0.19,0.13,0.67,3.03,45.23,0,normal,
W001172,2026-09-06T01:30:00,node:dl360-04,node,20.97,27.32,2.23,-0.72,48.07,49.52,-0.04,0.38,1.02,4.6,45.82,0,normal,
W001173,2026-09-06T01:30:00,node:srvzy,node,6.16,10.84,3.26,-2.12,42.9,45.04,0.24,0.45,0.96,2.43,39.55,0,normal,
W001174,2026-09-06T01:30:00,guest:100_AD-Zentyal,guest,9.41,17.51,1.92,0.73,58.81,60.42,0.47,0.27,0.73,3.2,32.56,0,normal,
W001175,2026-09-06T01:30:00,guest:101_win11,guest,8.73,17.9,1.92,-0.56,51.87,52.24,0.48,0.42,0.7,3.28,37.06,0,normal,
W001176,2026-09-06T01:30:00,guest:402_NS1,guest,2.0,2.01,2.34,0.69,34.13,37.01,-0.62,0.31,1.0,4.91,36.78,0,normal,
W001182,2026-09-06T02:00:00,guest:402_NS1,guest,5.91,14.29,2.63,1.05,31.99,34.87,0.41,0.44,1.29,7.14,35.66,0,normal,
W001181,2026-09-06T02:00:00,guest:101_win11,guest,10.7,15.24,2.83,1.82,56.26,59.41,0.25,0.52,1.07,4.38,36.7,0,normal,
W001180,2026-09-06T02:00:00,guest:100_AD-Zentyal,guest,8.76,12.04,1.42,0.24,62.38,65.93,-0.07,0.31,0.56,3.92,37.27,0,normal,
W001177,2026-09-06T02:00:00,node:dl380-01,node,14.69,17.74,3.66,0.4,50.33,52.8,-0.18,0.22,0.71,6.61,41.8,0,normal,
W001178,2026-09-06T02:00:00,node:dl360-04,node,10.16,19.56,2.32,-0.18,49.25,50.58,-0.19,0.36,0.54,5.66,44.87,0,normal,
W001179,2026-09-06T02:00:00,node:srvzy,node,9.99,17.63,2.91,-1.93,39.81,40.64,-0.01,0.16,0.35,8.57,41.55,0,normal,
W001187,2026-09-06T02:30:00,guest:101_win11,guest,9.95,14.03,2.73,0.27,55.6,57.98,-0.35,0.44,1.15,3.55,35.81,0,normal,
W001188,2026-09-06T02:30:00,guest:402_NS1,guest,3.16,14.77,2.44,-1.37,34.65,36.18,0.11,0.18,1.49,3.23,39.1,0,normal,
W001186,2026-09-06T02:30:00,guest:100_AD-Zentyal,guest,7.63,11.14,1.72,1.79,62.56,64.45,0.31,0.03,0.85,1.71,36.56,0,normal,
W001183,2026-09-06T02:30:00,node:dl380-01,node,17.69,24.6,1.17,0.57,50.75,52.32,0.02,0.15,0.99,5.2,41.77,0,normal,
W001184,2026-09-06T02:30:00,node:dl360-04,node,15.99,19.7,4.79,-0.13,45.89,46.91,0.46,0.22,0.47,7.56,45.38,0,normal,
W001185,2026-09-06T02:30:00,node:srvzy,node,9.29,18.09,2.77,2.88,36.9,38.08,-0.1,0.75,2.27,8.87,39.81,0,normal,
W001189,2026-09-06T03:00:00,node:dl380-01,node,13.6,18.72,3.9,0.2,57.16,58.89,0.1,0.68,0.88,0.26,41.91,0,normal,
W001190,2026-09-06T03:00:00,node:dl360-04,node,17.12,18.29,3.1,0.63,51.69,54.74,0.15,0.57,1.59,3.79,44.39,0,normal,
W001191,2026-09-06T03:00:00,node:srvzy,node,5.28,11.16,2.68,-2.56,39.67,41.7,0.22,0.63,1.5,2.44,38.38,0,normal,
W001192,2026-09-06T03:00:00,guest:100_AD-Zentyal,guest,12.68,16.07,3.37,1.68,60.29,62.84,0.52,0.5,0.54,2.61,35.18,0,normal,
W001193,2026-09-06T03:00:00,guest:101_win11,guest,14.1,21.34,0.5,-0.36,57.51,59.66,0.06,0.23,0.6,5.12,37.18,0,normal,
W001194,2026-09-06T03:00:00,guest:402_NS1,guest,6.43,14.52,2.59,1.31,32.39,32.95,0.19,0.33,1.32,1.38,39.79,0,normal,
W001199,2026-09-06T03:30:00,guest:101_win11,guest,12.65,20.65,2.16,1.08,53.78,56.95,-0.0,0.29,0.81,1.49,34.6,0,normal,
W001200,2026-09-06T03:30:00,guest:402_NS1,guest,2.0,9.76,1.54,-1.86,31.43,33.05,-0.14,0.27,1.49,8.92,40.11,0,normal,
W001198,2026-09-06T03:30:00,guest:100_AD-Zentyal,guest,6.74,13.08,2.86,-0.37,61.26,62.48,-0.22,0.16,1.49,5.14,36.32,0,normal,
W001195,2026-09-06T03:30:00,node:dl380-01,node,19.76,24.9,1.56,1.29,51.08,55.35,-0.25,0.64,1.37,9.91,42.0,0,normal,
W001196,2026-09-06T03:30:00,node:dl360-04,node,14.34,22.75,3.16,1.32,47.19,49.28,0.5,0.16,1.19,4.51,46.41,0,normal,
W001197,2026-09-06T03:30:00,node:srvzy,node,7.57,11.2,2.24,0.17,39.88,43.46,0.4,0.36,0.85,2.7,44.06,0,normal,
W001201,2026-09-06T04:00:00,node:dl380-01,node,12.38,15.82,3.2,-0.54,54.82,57.02,0.63,0.51,1.73,4.43,43.26,0,normal,
W001202,2026-09-06T04:00:00,node:dl360-04,node,14.0,15.49,3.97,0.89,47.65,50.95,-0.25,0.07,1.27,1.83,46.11,0,normal,
W001203,2026-09-06T04:00:00,node:srvzy,node,8.79,15.95,3.35,0.7,41.26,42.47,0.12,0.0,1.43,1.46,40.88,0,normal,
W001204,2026-09-06T04:00:00,guest:100_AD-Zentyal,guest,6.46,10.27,2.51,-0.63,65.33,67.55,-0.19,0.27,1.56,8.4,35.69,0,normal,
W001205,2026-09-06T04:00:00,guest:101_win11,guest,10.69,18.11,2.85,-1.26,57.62,58.73,0.52,0.41,0.75,4.08,36.58,0,normal,
W001206,2026-09-06T04:00:00,guest:402_NS1,guest,5.63,11.02,1.35,-1.67,34.26,36.54,0.04,0.35,0.91,6.22,41.21,0,normal,
W001211,2026-09-06T04:30:00,guest:101_win11,guest,8.53,13.53,2.19,2.32,56.66,59.7,-0.05,0.07,1.14,3.7,36.9,0,normal,
W001210,2026-09-06T04:30:00,guest:100_AD-Zentyal,guest,10.28,18.8,3.32,0.72,63.24,64.06,-0.03,0.34,0.38,6.18,37.26,0,normal,
W001212,2026-09-06T04:30:00,guest:402_NS1,guest,2.0,8.22,3.57,1.12,36.12,39.85,-0.82,0.06,0.14,7.57,36.36,0,normal,
W001208,2026-09-06T04:30:00,node:dl360-04,node,17.49,23.75,3.47,0.44,49.76,49.85,-0.49,0.23,1.46,11.31,46.16,0,normal,
W001207,2026-09-06T04:30:00,node:dl380-01,node,22.18,27.32,1.98,-3.43,55.19,57.98,-0.22,0.01,0.35,7.0,43.27,0,normal,
W001209,2026-09-06T04:30:00,node:srvzy,node,5.93,6.07,3.36,-0.66,45.59,46.85,0.84,0.45,0.84,6.37,42.56,0,normal,
W001217,2026-09-06T05:00:00,guest:101_win11,guest,18.42,26.06,1.9,1.8,58.28,59.45,-0.06,0.4,1.06,5.46,37.93,0,normal,
W001216,2026-09-06T05:00:00,guest:100_AD-Zentyal,guest,14.23,23.93,0.58,0.95,65.5,66.84,1.05,0.34,0.42,7.61,36.8,0,normal,
W001218,2026-09-06T05:00:00,guest:402_NS1,guest,2.61,3.31,2.74,-2.39,31.8,32.03,-0.66,0.39,1.1,5.69,35.9,0,normal,
W001214,2026-09-06T05:00:00,node:dl360-04,node,13.77,16.33,0.78,-1.73,46.86,48.62,-0.48,0.34,1.04,13.13,44.32,0,normal,
W001215,2026-09-06T05:00:00,node:srvzy,node,9.91,16.43,1.47,0.11,41.97,44.07,0.55,0.14,0.6,10.89,43.25,0,normal,
W001213,2026-09-06T05:00:00,node:dl380-01,node,17.63,22.98,2.88,-1.78,51.32,53.32,0.48,0.29,0.78,0.1,45.31,0,normal,
W001219,2026-09-06T05:30:00,node:dl380-01,node,17.05,24.18,2.45,0.99,55.32,57.07,-0.74,0.15,0.91,4.14,42.3,0,normal,
W001220,2026-09-06T05:30:00,node:dl360-04,node,16.59,29.88,2.01,-0.0,46.22,49.47,0.35,0.46,1.81,5.18,46.43,0,normal,
W001221,2026-09-06T05:30:00,node:srvzy,node,15.33,23.23,0.5,0.55,39.54,42.44,0.16,0.05,0.96,7.1,42.42,0,normal,
W001222,2026-09-06T05:30:00,guest:100_AD-Zentyal,guest,14.36,24.85,2.91,0.03,65.65,69.89,0.37,0.34,1.31,7.23,37.91,0,normal,
W001223,2026-09-06T05:30:00,guest:101_win11,guest,21.92,25.67,3.65,-0.15,53.92,55.73,-0.22,0.42,1.25,3.4,40.09,0,normal,
W001224,2026-09-06T05:30:00,guest:402_NS1,guest,10.16,20.92,2.74,-0.04,34.85,36.27,0.05,0.26,0.48,6.85,37.22,0,normal,
W001230,2026-09-06T06:00:00,guest:402_NS1,guest,13.98,21.58,1.98,0.39,35.75,37.66,1.05,0.2,1.4,9.79,37.45,0,normal,
W001229,2026-09-06T06:00:00,guest:101_win11,guest,17.6,17.94,3.35,1.87,56.7,60.0,-0.01,0.62,1.24,0.41,38.38,0,normal,
W001228,2026-09-06T06:00:00,guest:100_AD-Zentyal,guest,19.89,23.75,2.18,-1.48,65.31,66.73,-0.19,0.2,1.02,3.75,35.14,0,normal,
W001226,2026-09-06T06:00:00,node:dl360-04,node,14.3,24.18,3.44,-1.08,51.2,53.53,-0.06,0.37,1.16,9.14,47.78,0,normal,
W001225,2026-09-06T06:00:00,node:dl380-01,node,20.15,27.24,3.77,-1.02,53.39,54.63,-0.33,0.18,0.9,9.26,44.98,0,normal,
W001227,2026-09-06T06:00:00,node:srvzy,node,9.82,9.9,3.03,-0.45,42.4,44.88,-0.14,0.5,1.39,7.99,42.29,0,normal,
W001231,2026-09-06T06:30:00,node:dl380-01,node,19.51,28.57,2.64,0.41,51.06,53.71,0.11,0.29,1.23,6.27,43.61,0,normal,
W001232,2026-09-06T06:30:00,node:dl360-04,node,17.15,21.76,4.68,1.09,47.26,51.29,-0.17,0.31,1.46,1.59,47.14,0,normal,
W001233,2026-09-06T06:30:00,node:srvzy,node,8.99,15.61,2.87,-0.09,40.78,43.84,0.12,0.31,1.17,13.01,42.76,0,normal,
W001234,2026-09-06T06:30:00,guest:100_AD-Zentyal,guest,12.2,12.47,1.07,-0.56,63.8,65.25,0.14,0.19,0.62,9.34,40.55,0,normal,
W001235,2026-09-06T06:30:00,guest:101_win11,guest,12.12,18.86,0.59,-1.77,55.94,59.08,-0.31,0.14,0.95,7.61,37.32,0,normal,
W001236,2026-09-06T06:30:00,guest:402_NS1,guest,14.95,20.16,2.61,-0.48,34.79,38.03,0.67,0.15,1.39,9.15,39.96,0,normal,
W001241,2026-09-06T07:00:00,guest:101_win11,guest,12.63,19.67,3.88,-0.22,56.53,59.45,-0.39,0.3,0.68,3.1,39.0,0,normal,
W001240,2026-09-06T07:00:00,guest:100_AD-Zentyal,guest,19.6,22.47,1.81,-0.82,64.81,66.64,-0.2,0.23,0.71,8.17,40.89,0,normal,
W001242,2026-09-06T07:00:00,guest:402_NS1,guest,5.51,11.47,3.62,2.23,34.65,37.67,0.16,0.22,0.25,13.59,37.65,0,normal,
W001238,2026-09-06T07:00:00,node:dl360-04,node,22.78,24.85,2.0,-0.55,51.65,53.04,0.18,0.34,1.5,11.26,48.17,0,normal,
W001237,2026-09-06T07:00:00,node:dl380-01,node,22.61,28.05,3.44,1.15,57.3,59.5,-0.04,0.19,0.35,7.52,43.57,0,normal,
W001239,2026-09-06T07:00:00,node:srvzy,node,6.99,12.3,2.48,0.34,40.15,43.3,0.01,0.12,0.73,14.49,44.22,0,normal,
W001247,2026-09-06T07:30:00,guest:101_win11,guest,15.26,19.78,2.92,0.74,58.71,59.86,-0.21,0.34,1.65,7.99,39.19,0,normal,
W001246,2026-09-06T07:30:00,guest:100_AD-Zentyal,guest,12.49,16.99,4.6,-0.88,65.1,68.16,0.41,0.03,0.55,9.61,42.12,0,normal,
W001248,2026-09-06T07:30:00,guest:402_NS1,guest,6.34,17.93,2.65,1.29,34.54,36.62,-0.6,0.13,1.43,8.94,39.53,0,normal,
W001244,2026-09-06T07:30:00,node:dl360-04,node,22.52,23.44,2.96,-0.21,49.55,51.8,0.48,0.5,1.0,8.53,47.55,0,normal,
W001243,2026-09-06T07:30:00,node:dl380-01,node,27.77,35.38,1.52,0.37,58.32,61.86,-0.21,0.16,1.0,8.21,47.02,0,normal,
W001245,2026-09-06T07:30:00,node:srvzy,node,7.04,12.71,4.34,-2.05,41.44,43.38,0.12,0.11,0.34,4.57,45.22,0,normal,
W001249,2026-09-06T08:00:00,node:dl380-01,node,20.63,23.92,3.56,2.09,53.88,56.55,0.08,0.28,1.82,8.64,47.86,0,normal,
W001250,2026-09-06T08:00:00,node:dl360-04,node,23.33,29.28,3.87,0.35,49.83,53.21,0.5,0.54,1.3,11.32,49.32,0,normal,
W001251,2026-09-06T08:00:00,node:srvzy,node,14.88,22.71,2.76,0.81,41.52,45.02,0.31,0.41,1.41,13.47,45.53,0,normal,
W001252,2026-09-06T08:00:00,guest:100_AD-Zentyal,guest,17.61,26.58,2.67,2.3,66.98,68.35,0.93,0.12,1.18,7.91,42.82,0,normal,
W001253,2026-09-06T08:00:00,guest:101_win11,guest,20.88,24.5,2.23,-0.86,57.45,59.12,-0.3,0.35,1.31,7.01,37.51,0,normal,
W001254,2026-09-06T08:00:00,guest:402_NS1,guest,13.09,20.68,3.23,0.66,37.83,40.83,1.07,0.92,1.02,3.41,39.99,0,normal,
W001259,2026-09-06T08:30:00,guest:101_win11,guest,22.82,27.92,1.95,0.86,55.97,58.42,0.15,0.25,1.2,10.31,40.75,0,normal,
W001260,2026-09-06T08:30:00,guest:402_NS1,guest,7.33,15.17,3.53,0.39,36.08,37.97,0.36,0.31,0.65,12.46,37.55,0,normal,
W001258,2026-09-06T08:30:00,guest:100_AD-Zentyal,guest,16.65,27.12,0.87,-0.34,64.04,67.57,0.07,0.12,0.39,6.96,41.4,0,normal,
W001257,2026-09-06T08:30:00,node:srvzy,node,6.66,15.89,1.64,1.17,40.27,42.2,-0.32,0.26,1.79,9.68,47.17,0,normal,
W001256,2026-09-06T08:30:00,node:dl360-04,node,21.3,30.65,1.58,-1.36,50.55,52.95,-0.35,0.57,2.14,8.12,51.23,0,normal,
W001255,2026-09-06T08:30:00,node:dl380-01,node,26.76,32.54,3.2,-0.32,53.75,55.21,-0.08,0.47,1.07,9.13,46.86,0,normal,
W001261,2026-09-06T09:00:00,node:dl380-01,node,28.06,32.91,2.05,0.21,54.24,56.75,0.02,0.18,1.51,11.91,47.72,0,normal,
W001262,2026-09-06T09:00:00,node:dl360-04,node,29.03,39.23,3.08,-0.36,47.94,50.15,0.44,0.37,0.95,13.9,51.17,0,normal,
W001263,2026-09-06T09:00:00,node:srvzy,node,16.02,24.98,3.13,-0.82,44.81,45.54,-0.02,0.27,0.74,12.21,46.74,0,normal,
W001264,2026-09-06T09:00:00,guest:100_AD-Zentyal,guest,24.44,32.61,0.8,-1.6,65.82,67.78,-0.2,0.68,1.52,12.92,42.26,0,normal,
W001265,2026-09-06T09:00:00,guest:101_win11,guest,22.26,36.04,1.56,-0.73,56.82,60.38,0.32,0.19,0.65,15.45,41.32,0,normal,
W001266,2026-09-06T09:00:00,guest:402_NS1,guest,19.01,24.83,3.01,0.36,34.39,36.25,-0.47,0.4,1.5,14.26,41.78,0,normal,
W001272,2026-09-06T09:30:00,guest:402_NS1,guest,12.49,20.4,3.79,-0.46,33.7,36.18,0.2,0.35,1.26,10.96,40.92,0,normal,
W001271,2026-09-06T09:30:00,guest:101_win11,guest,21.65,22.33,2.09,1.54,58.98,59.56,0.95,0.05,0.75,8.18,39.22,0,normal,
W001270,2026-09-06T09:30:00,guest:100_AD-Zentyal,guest,18.08,21.98,0.5,-1.21,68.4,70.77,-0.15,0.38,0.4,12.14,42.69,0,normal,
W001267,2026-09-06T09:30:00,node:dl380-01,node,26.62,37.28,3.39,1.67,58.13,60.0,0.16,0.45,0.8,7.91,44.83,0,normal,
W001268,2026-09-06T09:30:00,node:dl360-04,node,23.69,28.69,1.06,0.18,50.35,53.53,0.81,0.39,0.91,13.23,49.79,0,normal,
W001269,2026-09-06T09:30:00,node:srvzy,node,16.23,19.65,2.04,-0.21,43.97,46.48,0.73,0.43,1.4,10.38,43.22,0,normal,
W001277,2026-09-06T10:00:00,guest:101_win11,guest,22.12,29.17,2.24,-0.85,55.42,57.79,0.03,0.2,0.58,12.54,42.22,0,normal,
W001278,2026-09-06T10:00:00,guest:402_NS1,guest,16.34,27.26,3.2,-0.13,37.33,39.38,0.02,0.56,1.0,12.57,43.28,0,normal,
W001276,2026-09-06T10:00:00,guest:100_AD-Zentyal,guest,18.36,25.99,0.75,-1.74,66.97,68.74,-0.28,0.2,0.41,13.95,40.29,0,normal,
W001273,2026-09-06T10:00:00,node:dl380-01,node,28.36,37.57,4.73,0.22,55.99,58.24,-0.26,0.45,1.43,11.24,48.85,0,normal,
W001274,2026-09-06T10:00:00,node:dl360-04,node,26.07,29.16,2.85,0.28,52.73,55.56,-0.04,0.21,1.01,13.59,51.23,0,normal,
W001275,2026-09-06T10:00:00,node:srvzy,node,20.05,25.78,3.5,-0.81,47.46,50.23,-0.45,0.34,1.45,11.45,43.26,0,normal,
W001279,2026-09-06T10:30:00,node:dl380-01,node,30.08,34.97,0.79,-2.72,59.74,62.05,-0.23,0.37,0.79,11.51,46.09,0,normal,
W001280,2026-09-06T10:30:00,node:dl360-04,node,21.05,21.37,0.9,1.23,49.22,51.76,0.38,0.3,0.98,12.9,49.88,0,normal,
W001281,2026-09-06T10:30:00,node:srvzy,node,23.21,34.84,3.95,-2.58,42.21,44.22,0.19,0.05,0.15,16.42,44.66,0,normal,
W001282,2026-09-06T10:30:00,guest:100_AD-Zentyal,guest,16.79,19.48,2.89,-0.99,66.43,67.46,-0.7,0.58,1.54,11.5,40.72,0,normal,
W001283,2026-09-06T10:30:00,guest:101_win11,guest,29.13,36.9,3.65,-0.7,59.09,61.49,-0.22,0.28,0.85,13.7,39.52,0,normal,
W001284,2026-09-06T10:30:00,guest:402_NS1,guest,18.0,24.93,2.3,0.54,35.34,36.67,0.22,0.42,1.01,10.72,41.23,0,normal,
W001289,2026-09-06T11:00:00,guest:101_win11,guest,23.95,29.55,3.44,0.62,57.39,58.32,0.11,0.37,0.9,18.31,43.34,0,normal,
W001290,2026-09-06T11:00:00,guest:402_NS1,guest,15.47,19.3,2.27,-0.4,38.68,41.66,0.01,0.44,1.56,13.71,42.73,0,normal,
W001288,2026-09-06T11:00:00,guest:100_AD-Zentyal,guest,22.45,31.2,2.16,1.48,64.53,67.96,0.19,0.11,1.11,11.58,42.17,0,normal,
W001287,2026-09-06T11:00:00,node:srvzy,node,19.81,31.68,2.28,-0.13,44.92,46.95,-0.09,0.49,1.47,14.4,45.91,0,normal,
W001286,2026-09-06T11:00:00,node:dl360-04,node,27.1,33.48,2.16,0.19,48.16,48.99,-0.39,0.36,0.85,11.0,48.24,0,normal,
W001285,2026-09-06T11:00:00,node:dl380-01,node,28.72,39.3,2.82,0.02,54.74,57.47,-0.24,0.17,1.28,14.7,44.37,0,normal,
W001291,2026-09-06T11:30:00,node:dl380-01,node,32.74,40.2,1.72,-0.81,55.89,57.19,-0.59,0.44,1.37,9.52,47.76,0,normal,
W001292,2026-09-06T11:30:00,node:dl360-04,node,27.01,33.56,1.42,-1.62,52.35,52.82,-0.09,0.23,0.99,14.29,53.52,0,normal,
W001293,2026-09-06T11:30:00,node:srvzy,node,15.06,23.69,0.5,1.67,39.74,44.17,-0.16,0.56,1.79,12.23,45.58,0,normal,
W001294,2026-09-06T11:30:00,guest:100_AD-Zentyal,guest,20.73,29.09,2.08,-0.98,67.38,68.48,-0.13,0.32,0.86,12.06,44.42,0,normal,
W001295,2026-09-06T11:30:00,guest:101_win11,guest,24.94,29.86,2.32,0.55,57.55,59.98,0.1,0.06,1.58,17.92,40.92,0,normal,
W001296,2026-09-06T11:30:00,guest:402_NS1,guest,13.73,20.41,1.07,1.64,35.57,39.19,-0.33,0.28,1.58,12.57,42.53,0,normal,
W001301,2026-09-06T12:00:00,guest:101_win11,guest,32.61,38.64,2.29,-1.5,60.36,62.17,-0.09,0.62,1.37,18.32,40.22,0,normal,
W001300,2026-09-06T12:00:00,guest:100_AD-Zentyal,guest,19.12,24.72,2.81,-1.08,70.22,73.02,-0.72,0.05,0.46,19.05,43.93,0,normal,
W001302,2026-09-06T12:00:00,guest:402_NS1,guest,28.34,33.22,3.21,1.04,35.84,38.66,0.35,0.16,0.68,14.47,42.42,0,normal,
W001298,2026-09-06T12:00:00,node:dl360-04,node,30.77,37.18,2.78,-1.72,50.3,54.04,0.26,0.15,0.46,12.78,51.12,0,normal,
W001297,2026-09-06T12:00:00,node:dl380-01,node,35.75,40.08,1.24,-1.75,57.78,60.17,0.42,0.25,0.47,7.27,52.9,0,normal,
W001299,2026-09-06T12:00:00,node:srvzy,node,29.1,34.54,1.31,-0.07,44.21,44.93,0.16,0.54,1.4,11.94,45.8,0,normal,
W001307,2026-09-06T12:30:00,guest:101_win11,guest,28.54,41.11,3.12,-3.34,64.51,64.66,-0.08,0.07,0.58,15.18,39.49,0,normal,
W001306,2026-09-06T12:30:00,guest:100_AD-Zentyal,guest,22.98,27.61,1.09,-0.34,67.71,69.65,-0.44,0.0,1.65,15.31,41.36,0,normal,
W001308,2026-09-06T12:30:00,guest:402_NS1,guest,18.61,28.05,1.66,-1.67,36.48,38.14,-0.24,0.06,1.07,16.12,41.0,0,normal,
W001304,2026-09-06T12:30:00,node:dl360-04,node,27.22,32.8,2.91,-0.54,54.49,55.38,0.13,0.45,1.12,12.71,51.48,0,normal,
W001303,2026-09-06T12:30:00,node:dl380-01,node,36.8,44.91,2.43,0.73,53.05,54.43,0.12,0.52,1.4,18.7,49.9,0,normal,
W001305,2026-09-06T12:30:00,node:srvzy,node,24.77,29.27,1.43,1.38,44.45,47.46,0.3,0.74,1.98,12.16,47.3,0,normal,
W001309,2026-09-06T13:00:00,node:dl380-01,node,29.48,35.89,1.54,0.21,59.57,61.51,-0.49,0.38,1.11,14.38,49.61,0,normal,
W001310,2026-09-06T13:00:00,node:dl360-04,node,32.15,38.25,2.44,2.48,54.09,56.93,0.05,0.1,1.35,15.26,51.03,0,normal,
W001311,2026-09-06T13:00:00,node:srvzy,node,21.88,24.98,3.56,0.82,44.26,46.22,-0.27,0.13,0.36,12.6,45.56,0,normal,
W001312,2026-09-06T13:00:00,guest:100_AD-Zentyal,guest,26.74,35.17,2.37,1.69,65.52,67.39,-0.02,0.52,1.36,15.23,40.42,0,normal,
W001313,2026-09-06T13:00:00,guest:101_win11,guest,24.58,33.87,0.5,1.61,60.83,62.08,-0.33,0.68,2.04,14.47,43.1,0,normal,
W001314,2026-09-06T13:00:00,guest:402_NS1,guest,17.47,23.87,1.83,-0.09,40.19,42.09,-0.42,0.03,0.88,12.55,43.27,0,normal,
W001319,2026-09-06T13:30:00,guest:101_win11,guest,29.35,34.19,2.52,-0.53,59.82,61.06,-0.23,0.18,0.69,17.96,44.05,0,normal,
W001318,2026-09-06T13:30:00,guest:100_AD-Zentyal,guest,29.13,33.85,1.54,-1.88,71.28,72.36,-0.51,0.35,0.5,11.88,44.39,0,normal,
W001320,2026-09-06T13:30:00,guest:402_NS1,guest,16.46,18.88,2.34,2.59,35.08,36.92,0.04,0.28,0.89,18.29,43.58,0,normal,
W001316,2026-09-06T13:30:00,node:dl360-04,node,30.94,40.59,3.4,0.64,51.34,53.18,0.46,0.57,1.13,12.6,50.54,0,normal,
W001315,2026-09-06T13:30:00,node:dl380-01,node,27.06,35.13,1.44,0.06,56.32,60.04,0.07,0.69,1.71,19.11,48.58,0,normal,
W001317,2026-09-06T13:30:00,node:srvzy,node,25.63,28.84,3.32,0.65,42.95,46.51,-0.58,0.63,1.56,8.61,49.29,0,normal,
W001321,2026-09-06T14:00:00,node:dl380-01,node,35.96,43.73,3.39,1.9,59.4,63.72,0.49,0.17,1.31,17.13,51.88,0,normal,
W001322,2026-09-06T14:00:00,node:dl360-04,node,26.61,34.29,1.82,0.62,51.61,54.09,-0.56,0.46,1.34,15.46,54.93,0,normal,
W001323,2026-09-06T14:00:00,node:srvzy,node,21.66,28.69,2.6,0.24,48.0,50.06,-0.23,0.67,1.35,10.18,45.89,0,normal,
W001324,2026-09-06T14:00:00,guest:100_AD-Zentyal,guest,21.64,22.24,2.14,-0.08,69.12,71.75,0.23,0.12,1.28,19.17,43.59,0,normal,
W001325,2026-09-06T14:00:00,guest:101_win11,guest,29.48,31.68,3.55,2.14,60.58,61.99,-0.06,0.22,0.87,16.94,43.42,0,normal,
W001326,2026-09-06T14:00:00,guest:402_NS1,guest,23.51,30.63,1.64,-0.6,35.99,37.8,0.72,0.69,1.83,15.36,40.96,0,normal,
W001331,2026-09-06T14:30:00,guest:101_win11,guest,30.31,40.6,4.26,0.4,57.79,61.56,-0.41,0.37,1.06,13.71,44.15,0,normal,
W001330,2026-09-06T14:30:00,guest:100_AD-Zentyal,guest,33.47,33.75,0.91,2.1,67.85,70.19,0.17,0.41,1.33,12.1,44.23,0,normal,
W001332,2026-09-06T14:30:00,guest:402_NS1,guest,20.86,28.4,1.68,-0.21,35.61,37.42,-0.05,0.67,1.37,8.62,45.09,0,normal,
W001328,2026-09-06T14:30:00,node:dl360-04,node,27.68,34.42,3.5,0.4,51.05,52.77,0.41,0.08,0.5,16.8,51.34,0,normal,
W001327,2026-09-06T14:30:00,node:dl380-01,node,33.77,37.4,4.13,-1.93,57.69,58.82,-0.0,0.43,1.64,14.82,50.14,0,normal,
W001329,2026-09-06T14:30:00,node:srvzy,node,17.91,27.97,1.4,-0.24,42.88,44.59,-0.35,0.44,1.29,17.95,46.09,0,normal,
W001337,2026-09-06T15:00:00,guest:101_win11,guest,26.87,28.15,3.18,0.25,58.27,59.95,0.06,0.19,0.99,9.58,44.92,0,normal,
W001336,2026-09-06T15:00:00,guest:100_AD-Zentyal,guest,32.31,43.66,1.7,1.53,67.04,70.08,0.32,0.05,1.07,17.85,42.87,0,normal,
W001338,2026-09-06T15:00:00,guest:402_NS1,guest,19.78,22.49,0.5,1.23,37.94,40.15,0.35,0.47,1.35,14.07,42.27,0,normal,
W001334,2026-09-06T15:00:00,node:dl360-04,node,26.26,29.51,4.02,-0.09,48.91,51.29,0.06,0.21,0.6,11.64,53.53,0,normal,
W001333,2026-09-06T15:00:00,node:dl380-01,node,34.3,39.91,2.06,-1.14,60.42,62.47,-0.7,0.37,1.65,15.3,47.55,0,normal,
W001335,2026-09-06T15:00:00,node:srvzy,node,23.59,31.03,2.74,0.39,43.09,44.88,0.47,0.58,0.89,14.2,48.16,0,normal,
W001339,2026-09-06T15:30:00,node:dl380-01,node,34.2,44.39,2.4,1.77,57.6,59.98,0.96,0.63,2.1,12.44,52.19,0,normal,
W001340,2026-09-06T15:30:00,node:dl360-04,node,29.44,34.76,0.5,0.39,49.98,52.39,-0.46,0.66,1.68,21.67,50.36,0,normal,
W001341,2026-09-06T15:30:00,node:srvzy,node,28.15,28.74,2.71,-0.76,43.13,44.61,-0.37,0.05,0.67,15.18,48.64,0,normal,
W001342,2026-09-06T15:30:00,guest:100_AD-Zentyal,guest,26.76,36.26,1.02,-0.52,68.21,70.55,-0.34,0.49,1.07,12.5,43.63,0,normal,
W001343,2026-09-06T15:30:00,guest:101_win11,guest,27.75,32.18,1.94,-1.28,59.22,62.32,0.1,0.49,1.5,12.99,40.42,0,normal,
W001344,2026-09-06T15:30:00,guest:402_NS1,guest,16.48,20.47,1.75,1.18,38.68,42.89,-0.31,0.62,2.06,14.13,43.61,0,normal,
W001349,2026-09-06T16:00:00,guest:101_win11,guest,25.49,30.3,1.58,-1.09,59.73,61.75,-0.64,0.76,1.45,14.53,41.66,0,normal,
W001348,2026-09-06T16:00:00,guest:100_AD-Zentyal,guest,22.84,26.99,1.97,-0.01,64.43,67.51,-0.06,0.8,1.13,19.1,44.69,0,normal,
W001350,2026-09-06T16:00:00,guest:402_NS1,guest,17.99,22.92,2.5,-0.02,38.18,40.41,0.28,0.3,1.19,13.61,44.1,0,normal,
W001346,2026-09-06T16:00:00,node:dl360-04,node,30.62,35.42,2.44,-1.43,53.08,55.27,0.1,0.4,0.94,9.77,53.03,0,normal,
W001347,2026-09-06T16:00:00,node:srvzy,node,24.34,28.73,2.91,1.51,45.78,47.22,-0.6,0.04,0.71,18.72,45.51,0,normal,
W001345,2026-09-06T16:00:00,node:dl380-01,node,36.27,42.09,2.36,-0.75,52.48,54.55,-0.28,0.08,1.05,9.98,49.81,0,normal,
W001351,2026-09-06T16:30:00,node:dl380-01,node,33.06,38.58,2.31,-0.13,56.79,58.73,-0.22,0.45,1.58,19.68,47.69,0,normal,
W001352,2026-09-06T16:30:00,node:dl360-04,node,31.26,31.53,3.33,-1.75,49.96,52.29,-0.25,0.15,0.75,16.52,50.2,0,normal,
W001353,2026-09-06T16:30:00,node:srvzy,node,21.74,26.6,3.32,1.02,40.43,43.47,-0.24,0.35,0.77,15.44,50.43,0,normal,
W001354,2026-09-06T16:30:00,guest:100_AD-Zentyal,guest,25.37,29.99,2.27,-1.76,69.34,71.65,-0.42,0.1,0.9,17.13,40.87,0,normal,
W001355,2026-09-06T16:30:00,guest:101_win11,guest,30.83,36.55,1.57,-0.56,62.88,63.49,-0.29,0.49,1.38,11.96,44.05,0,normal,
W001356,2026-09-06T16:30:00,guest:402_NS1,guest,22.47,29.47,1.89,-0.55,37.24,37.93,0.53,0.64,1.35,15.4,44.38,0,normal,
W001357,2026-09-06T17:00:00,node:dl380-01,node,37.5,48.17,0.76,-0.38,57.32,58.82,0.71,0.63,1.1,13.05,47.0,0,normal,
W001358,2026-09-06T17:00:00,node:dl360-04,node,26.97,32.3,3.45,-1.07,46.7,47.1,-0.41,0.17,1.04,10.3,49.3,0,normal,
W001359,2026-09-06T17:00:00,node:srvzy,node,17.4,20.06,1.95,-0.72,44.65,45.66,-0.14,0.19,1.31,13.07,47.7,0,normal,
W001360,2026-09-06T17:00:00,guest:100_AD-Zentyal,guest,19.62,25.48,1.92,-1.47,66.29,70.03,-0.34,0.27,0.55,9.16,40.94,0,normal,
W001361,2026-09-06T17:00:00,guest:101_win11,guest,24.08,28.87,2.27,-1.98,58.29,60.79,-0.54,0.23,1.15,11.19,42.63,0,normal,
W001362,2026-09-06T17:00:00,guest:402_NS1,guest,12.33,21.0,2.87,0.07,38.44,40.11,-0.25,0.57,2.11,11.46,41.95,0,normal,
W001368,2026-09-06T17:30:00,guest:402_NS1,guest,21.49,25.78,2.69,0.19,36.18,38.11,-0.34,0.36,1.23,12.22,43.12,0,normal,
W001366,2026-09-06T17:30:00,guest:100_AD-Zentyal,guest,22.9,30.87,2.43,-0.71,64.46,66.07,0.08,0.09,0.58,7.55,41.2,0,normal,
W001367,2026-09-06T17:30:00,guest:101_win11,guest,29.85,32.29,3.2,3.42,62.03,64.16,0.34,0.03,0.2,13.62,42.72,0,normal,
W001365,2026-09-06T17:30:00,node:srvzy,node,26.45,26.95,4.06,0.1,45.24,47.74,0.58,0.34,0.6,13.22,46.89,0,normal,
W001363,2026-09-06T17:30:00,node:dl380-01,node,34.31,40.08,3.09,0.94,55.4,57.82,-0.0,0.06,0.46,11.58,49.51,0,normal,
W001364,2026-09-06T17:30:00,node:dl360-04,node,31.02,39.27,2.94,0.5,51.91,54.32,0.19,0.02,0.5,10.45,52.78,0,normal,
W001369,2026-09-06T18:00:00,node:dl380-01,node,32.6,40.63,1.46,0.12,54.36,56.46,-0.36,0.56,1.67,15.96,49.08,0,normal,
W001370,2026-09-06T18:00:00,node:dl360-04,node,25.05,29.78,4.24,-0.2,48.56,51.57,0.06,0.6,1.5,12.44,52.79,0,normal,
W001371,2026-09-06T18:00:00,node:srvzy,node,13.62,17.86,1.61,-2.63,44.57,46.01,0.36,0.38,1.42,11.13,44.35,0,normal,
W001372,2026-09-06T18:00:00,guest:100_AD-Zentyal,guest,22.31,31.07,2.45,-0.84,63.84,66.05,-0.22,0.29,0.99,11.17,41.94,0,normal,
W001373,2026-09-06T18:00:00,guest:101_win11,guest,25.94,37.84,3.26,1.91,57.53,57.93,-0.01,0.47,1.55,16.13,37.7,0,normal,
W001374,2026-09-06T18:00:00,guest:402_NS1,guest,20.39,27.39,0.96,0.87,36.31,38.69,0.4,0.39,0.6,12.07,39.07,0,normal,
W001375,2026-09-06T18:30:00,node:dl380-01,node,31.27,41.47,1.26,-0.81,54.41,55.96,0.16,0.21,1.27,15.7,49.15,0,normal,
W001376,2026-09-06T18:30:00,node:dl360-04,node,22.09,32.24,3.97,1.86,50.72,51.96,-0.39,0.08,0.88,15.04,52.46,0,normal,
W001377,2026-09-06T18:30:00,node:srvzy,node,17.3,23.18,2.4,-0.76,44.32,46.69,0.06,0.37,1.42,14.32,44.24,0,normal,
W001378,2026-09-06T18:30:00,guest:100_AD-Zentyal,guest,25.14,31.9,2.07,0.28,66.62,69.7,-0.42,0.56,1.37,10.98,40.69,0,normal,
W001379,2026-09-06T18:30:00,guest:101_win11,guest,20.5,21.27,3.18,2.38,56.09,57.14,0.3,0.29,1.42,12.19,40.63,0,normal,
W001380,2026-09-06T18:30:00,guest:402_NS1,guest,15.21,16.36,1.36,1.14,38.15,41.55,0.18,0.15,0.7,16.47,43.93,0,normal,
W001386,2026-09-06T19:00:00,guest:402_NS1,guest,16.25,21.62,0.5,0.68,37.12,40.56,-0.29,0.35,1.24,11.55,40.95,0,normal,
W001385,2026-09-06T19:00:00,guest:101_win11,guest,21.07,26.01,2.65,0.37,61.63,63.63,-0.46,0.53,1.84,11.99,40.41,0,normal,
W001384,2026-09-06T19:00:00,guest:100_AD-Zentyal,guest,21.33,26.61,1.08,-0.98,66.09,67.22,0.1,0.65,1.51,6.93,39.51,0,normal,
W001383,2026-09-06T19:00:00,node:srvzy,node,17.31,22.66,1.88,-0.04,41.47,45.9,-0.1,0.23,0.81,16.62,42.32,0,normal,
W001382,2026-09-06T19:00:00,node:dl360-04,node,21.53,24.36,3.87,-1.97,53.47,53.55,-0.23,0.49,1.29,7.34,50.42,0,normal,
W001381,2026-09-06T19:00:00,node:dl380-01,node,31.84,37.13,1.19,-0.05,55.54,59.11,0.09,0.3,1.13,12.49,47.72,0,normal,
W001387,2026-09-06T19:30:00,node:dl380-01,node,27.2,33.84,3.24,1.46,54.16,55.98,-0.17,0.19,0.34,11.37,47.5,0,normal,
W001388,2026-09-06T19:30:00,node:dl360-04,node,23.53,29.5,2.92,1.69,49.76,50.59,-0.04,0.68,1.01,13.24,51.51,0,normal,
W001389,2026-09-06T19:30:00,node:srvzy,node,8.79,16.02,3.1,-0.32,41.35,42.76,-0.13,0.24,0.84,10.26,46.56,0,normal,
W001390,2026-09-06T19:30:00,guest:100_AD-Zentyal,guest,15.82,16.57,3.71,-0.23,64.82,66.71,0.08,0.2,1.2,8.41,40.32,0,normal,
W001391,2026-09-06T19:30:00,guest:101_win11,guest,14.32,23.84,2.32,0.8,59.38,61.93,-0.0,0.38,0.79,7.78,40.62,0,normal,
W001392,2026-09-06T19:30:00,guest:402_NS1,guest,11.69,21.97,2.88,-0.86,35.03,37.16,-0.03,0.35,1.18,7.12,37.55,0,normal,
W001397,2026-09-06T20:00:00,guest:101_win11,guest,17.28,25.18,1.83,0.69,57.3,59.05,0.33,0.45,1.18,8.59,42.4,0,normal,
W001396,2026-09-06T20:00:00,guest:100_AD-Zentyal,guest,16.06,19.78,1.71,2.01,64.01,64.13,-0.47,0.49,1.18,9.6,41.75,0,normal,
W001398,2026-09-06T20:00:00,guest:402_NS1,guest,14.06,18.89,1.85,1.23,35.21,37.04,0.05,0.37,1.14,13.61,41.89,0,normal,
W001394,2026-09-06T20:00:00,node:dl360-04,node,22.95,30.62,1.11,2.3,48.58,48.58,-0.14,0.19,0.56,17.68,48.43,0,normal,
W001393,2026-09-06T20:00:00,node:dl380-01,node,23.69,31.37,2.14,1.48,54.92,58.27,0.46,0.51,0.83,10.05,47.83,0,normal,
W001395,2026-09-06T20:00:00,node:srvzy,node,10.0,16.08,1.6,1.04,40.4,42.67,-0.46,0.82,1.82,9.56,43.56,0,normal,
W001403,2026-09-06T20:30:00,guest:101_win11,guest,17.99,25.03,4.09,0.39,57.46,60.18,-0.07,0.4,1.12,12.58,37.91,0,normal,
W001402,2026-09-06T20:30:00,guest:100_AD-Zentyal,guest,22.12,34.03,1.51,-0.89,65.69,67.11,-0.3,0.35,1.77,6.07,42.25,0,normal,
W001404,2026-09-06T20:30:00,guest:402_NS1,guest,8.45,10.23,2.44,-1.84,33.75,34.65,0.59,0.1,0.39,10.75,42.53,0,normal,
W001400,2026-09-06T20:30:00,node:dl360-04,node,21.25,26.15,0.51,1.65,48.15,50.32,-0.57,0.42,0.91,6.59,49.29,0,normal,
W001399,2026-09-06T20:30:00,node:dl380-01,node,26.86,36.99,2.51,0.83,56.81,59.83,0.37,0.43,2.01,8.38,45.77,0,normal,
W001401,2026-09-06T20:30:00,node:srvzy,node,12.55,16.82,2.67,0.96,40.53,41.54,0.01,0.41,1.79,6.79,43.52,0,normal,
W001405,2026-09-06T21:00:00,node:dl380-01,node,22.52,28.41,3.79,1.05,55.25,56.67,0.18,0.03,0.58,13.0,47.18,0,normal,
W001406,2026-09-06T21:00:00,node:dl360-04,node,21.46,21.67,1.29,-0.82,49.17,49.92,-0.1,0.65,1.61,9.36,46.7,0,normal,
W001407,2026-09-06T21:00:00,node:srvzy,node,7.19,9.51,0.82,0.09,42.17,43.21,0.06,0.59,2.18,11.02,42.96,0,normal,
W001408,2026-09-06T21:00:00,guest:100_AD-Zentyal,guest,18.51,28.57,0.5,1.78,63.5,64.97,-0.14,0.36,0.72,7.85,40.01,0,normal,
W001409,2026-09-06T21:00:00,guest:101_win11,guest,18.69,25.84,2.18,0.83,59.38,62.38,0.17,0.49,1.64,16.74,41.05,0,normal,
W001410,2026-09-06T21:00:00,guest:402_NS1,guest,9.62,12.88,2.24,-0.4,35.4,36.7,0.48,0.02,0.17,8.3,37.96,0,normal,
W001415,2026-09-06T21:30:00,guest:101_win11,guest,17.41,24.11,1.05,0.09,55.91,56.84,-0.25,0.08,1.12,8.2,40.45,0,normal,
W001416,2026-09-06T21:30:00,guest:402_NS1,guest,8.38,13.16,4.37,-1.95,36.79,40.45,0.31,0.23,1.6,7.74,38.16,0,normal,
W001413,2026-09-06T21:30:00,node:srvzy,node,10.28,11.02,3.36,0.55,41.27,42.36,-0.05,0.54,0.7,4.01,42.28,0,normal,
W001412,2026-09-06T21:30:00,node:dl360-04,node,19.29,26.73,2.89,1.59,46.08,47.85,0.14,0.29,0.72,4.81,49.43,0,normal,
W001411,2026-09-06T21:30:00,node:dl380-01,node,18.53,22.61,1.74,0.01,53.37,54.83,-0.0,0.5,1.89,9.15,45.56,0,normal,
W001414,2026-09-06T21:30:00,guest:100_AD-Zentyal,guest,15.84,20.35,3.14,1.31,64.98,67.54,0.11,0.3,0.58,5.62,37.2,0,normal,
W001417,2026-09-06T22:00:00,node:dl380-01,node,19.64,23.93,1.55,1.33,52.61,54.58,-0.58,0.31,0.64,3.96,44.34,0,normal,
W001418,2026-09-06T22:00:00,node:dl360-04,node,21.7,29.02,3.01,-0.16,48.4,51.19,-0.23,0.47,1.76,4.98,46.46,0,normal,
W001419,2026-09-06T22:00:00,node:srvzy,node,9.09,10.69,2.03,1.56,39.12,42.44,-0.17,0.72,1.25,7.07,41.13,0,normal,
W001420,2026-09-06T22:00:00,guest:100_AD-Zentyal,guest,11.59,21.61,2.97,1.23,61.63,64.29,-0.39,0.03,0.93,8.19,38.58,0,normal,
W001421,2026-09-06T22:00:00,guest:101_win11,guest,18.51,27.13,3.97,-1.43,59.7,63.59,-0.15,0.03,0.28,6.11,41.52,0,normal,
W001422,2026-09-06T22:00:00,guest:402_NS1,guest,8.06,12.21,1.81,-1.59,35.57,37.48,0.84,0.43,1.56,6.77,36.86,0,normal,
W001427,2026-09-06T22:30:00,guest:101_win11,guest,16.44,20.31,2.2,0.11,57.32,59.76,-0.0,0.02,0.69,9.32,37.5,0,normal,
W001428,2026-09-06T22:30:00,guest:402_NS1,guest,10.35,16.45,2.28,1.43,30.87,32.2,0.49,0.67,2.38,7.65,39.19,0,normal,
W001426,2026-09-06T22:30:00,guest:100_AD-Zentyal,guest,20.78,24.41,1.51,-0.29,66.26,66.42,0.47,0.12,1.02,5.47,41.49,0,normal,
W001425,2026-09-06T22:30:00,node:srvzy,node,6.77,16.57,1.49,0.9,41.75,44.67,-0.21,0.14,1.09,6.62,40.65,0,normal,
W001424,2026-09-06T22:30:00,node:dl360-04,node,15.5,23.34,4.14,0.33,50.41,52.99,0.76,0.37,1.45,7.39,46.34,0,normal,
W001423,2026-09-06T22:30:00,node:dl380-01,node,17.94,19.83,3.41,-0.46,55.71,57.85,-0.12,0.07,0.99,6.84,45.85,0,normal,
W001429,2026-09-06T23:00:00,node:dl380-01,node,22.2,32.03,2.81,1.11,54.41,56.94,-0.37,0.23,0.83,2.9,41.4,0,normal,
W001430,2026-09-06T23:00:00,node:dl360-04,node,14.86,20.07,2.61,0.67,48.92,50.67,-0.37,0.48,1.23,5.16,46.6,0,normal,
W001431,2026-09-06T23:00:00,node:srvzy,node,6.78,11.19,1.94,-0.34,41.77,44.17,0.62,0.54,2.12,8.14,42.69,0,normal,
W001432,2026-09-06T23:00:00,guest:100_AD-Zentyal,guest,10.64,19.12,1.84,-1.76,66.33,67.08,0.18,0.12,1.37,10.25,38.67,0,normal,
W001433,2026-09-06T23:00:00,guest:101_win11,guest,18.71,24.73,4.73,0.9,54.96,57.03,-0.06,0.25,0.39,7.63,35.8,0,normal,
W001434,2026-09-06T23:00:00,guest:402_NS1,guest,2.0,6.97,1.74,-1.03,28.0,29.15,-0.07,0.17,1.13,10.64,38.65,0,normal,
W001438,2026-09-06T23:30:00,guest:100_AD-Zentyal,guest,9.21,11.4,2.6,0.0,60.32,62.34,-0.48,0.3,1.61,7.85,38.14,0,normal,
W001437,2026-09-06T23:30:00,node:srvzy,node,5.74,14.81,2.44,-2.12,38.98,40.02,-0.13,0.38,1.92,2.17,41.15,0,normal,
W001439,2026-09-06T23:30:00,guest:101_win11,guest,12.49,18.69,3.06,0.56,56.41,58.62,-0.53,0.15,1.24,8.99,38.02,0,normal,
W001435,2026-09-06T23:30:00,node:dl380-01,node,22.94,32.26,1.48,0.53,55.38,56.94,-0.32,0.41,0.61,3.2,42.88,0,normal,
W001436,2026-09-06T23:30:00,node:dl360-04,node,17.92,24.58,3.53,-1.11,46.83,49.35,-0.32,0.18,0.24,7.34,49.19,0,normal,
W001440,2026-09-06T23:30:00,guest:402_NS1,guest,11.52,19.04,2.27,-1.46,36.18,38.95,0.72,0.73,1.02,2.61,33.58,0,normal,
W001446,2026-09-07T00:00:00,guest:402_NS1,guest,7.32,12.99,2.0,1.78,33.05,36.14,0.49,0.56,1.63,5.67,37.31,0,normal,
W001444,2026-09-07T00:00:00,guest:100_AD-Zentyal,guest,11.78,19.53,2.06,-0.0,63.61,64.57,-0.32,0.54,0.72,6.99,36.85,0,normal,
W001445,2026-09-07T00:00:00,guest:101_win11,guest,9.71,21.63,1.55,-1.36,55.93,57.16,0.0,0.33,1.22,5.3,36.35,0,normal,
W001442,2026-09-07T00:00:00,node:dl360-04,node,17.28,19.72,3.89,1.47,49.11,51.39,0.66,0.03,1.32,4.24,48.04,0,normal,
W001443,2026-09-07T00:00:00,node:srvzy,node,8.49,10.76,2.0,1.23,39.89,41.27,-0.25,0.43,1.93,0.75,45.6,0,normal,
W001441,2026-09-07T00:00:00,node:dl380-01,node,21.29,29.26,2.6,-1.47,53.11,55.29,0.31,0.35,1.42,5.3,45.17,0,normal,
W001447,2026-09-07T00:30:00,node:dl380-01,node,17.22,17.72,3.22,0.29,54.75,56.64,0.27,0.02,0.36,1.76,43.2,0,normal,
W001448,2026-09-07T00:30:00,node:dl360-04,node,12.37,15.66,2.83,-0.51,45.69,50.23,-0.01,0.08,0.62,5.15,46.14,0,normal,
W001449,2026-09-07T00:30:00,node:srvzy,node,12.63,18.39,4.36,-0.52,41.04,44.06,0.48,0.56,1.25,5.65,37.68,0,normal,
W001450,2026-09-07T00:30:00,guest:100_AD-Zentyal,guest,10.39,19.66,3.4,-0.1,66.33,67.94,-0.29,0.21,0.56,7.54,37.83,0,normal,
W001451,2026-09-07T00:30:00,guest:101_win11,guest,15.21,19.96,2.44,-2.61,56.95,59.04,-0.44,0.28,0.98,10.96,35.81,0,normal,
W001452,2026-09-07T00:30:00,guest:402_NS1,guest,6.23,8.96,1.94,0.33,32.89,34.88,0.13,0.2,1.35,4.75,37.26,0,normal,
W001457,2026-09-07T01:00:00,guest:101_win11,guest,9.67,15.88,4.85,0.96,58.97,60.43,0.43,0.31,1.25,11.23,36.68,0,normal,
W001456,2026-09-07T01:00:00,guest:100_AD-Zentyal,guest,11.65,17.74,3.4,-0.24,63.17,64.69,0.38,0.36,0.94,0.7,38.76,0,normal,
W001458,2026-09-07T01:00:00,guest:402_NS1,guest,4.34,7.63,3.39,-0.67,34.91,35.26,0.22,0.17,1.26,5.13,36.3,0,normal,
W001454,2026-09-07T01:00:00,node:dl360-04,node,18.45,21.99,3.69,-2.64,47.64,51.1,0.29,0.23,0.26,1.2,48.19,0,normal,
W001453,2026-09-07T01:00:00,node:dl380-01,node,18.54,25.22,3.14,0.38,53.91,55.59,-0.43,0.01,0.15,10.46,39.78,0,normal,
W001455,2026-09-07T01:00:00,node:srvzy,node,6.05,11.84,2.78,-1.56,40.8,42.38,0.12,0.18,0.36,3.89,42.06,0,normal,
W001463,2026-09-07T01:30:00,guest:101_win11,guest,15.82,16.2,3.8,-0.03,56.06,56.1,-0.16,0.57,1.2,7.31,37.15,0,normal,
W001462,2026-09-07T01:30:00,guest:100_AD-Zentyal,guest,9.68,15.36,3.91,1.58,61.83,64.65,-0.19,0.44,1.56,8.9,36.36,0,normal,
W001464,2026-09-07T01:30:00,guest:402_NS1,guest,7.99,14.57,1.57,0.07,35.95,38.45,-0.05,0.75,2.01,7.62,37.58,0,normal,
W001460,2026-09-07T01:30:00,node:dl360-04,node,10.08,14.95,1.79,-1.92,49.61,51.87,0.06,0.16,0.99,6.71,45.7,0,normal,
W001459,2026-09-07T01:30:00,node:dl380-01,node,15.92,19.37,3.34,-1.26,52.59,54.93,0.65,0.3,1.0,5.99,39.99,0,normal,
W001461,2026-09-07T01:30:00,node:srvzy,node,8.83,12.44,2.6,1.37,42.29,45.61,0.11,0.31,0.93,0.25,39.08,0,normal,
W001465,2026-09-07T02:00:00,node:dl380-01,node,19.56,27.84,0.5,0.47,52.71,54.21,-0.08,0.01,0.09,8.74,43.69,0,normal,
W001466,2026-09-07T02:00:00,node:dl360-04,node,5.55,9.83,3.38,-0.34,50.24,53.29,-0.54,0.27,0.89,0.83,43.82,0,normal,
W001467,2026-09-07T02:00:00,node:srvzy,node,4.18,8.26,2.78,1.25,40.92,43.67,-0.11,0.42,1.16,3.68,43.85,0,normal,
W001468,2026-09-07T02:00:00,guest:100_AD-Zentyal,guest,2.0,2.38,2.88,-0.32,60.41,61.36,-0.37,0.48,1.76,9.92,34.62,0,normal,
W001469,2026-09-07T02:00:00,guest:101_win11,guest,7.22,8.91,3.79,0.5,56.14,58.37,-0.02,0.08,1.08,4.44,35.2,0,normal,
W001470,2026-09-07T02:00:00,guest:402_NS1,guest,6.01,10.73,2.73,-0.15,34.6,36.82,-0.35,0.36,1.31,6.53,38.55,0,normal,
W001476,2026-09-07T02:30:00,guest:402_NS1,guest,2.75,7.92,2.58,1.1,33.73,36.8,0.42,0.34,1.29,8.33,35.33,0,normal,
W001474,2026-09-07T02:30:00,guest:100_AD-Zentyal,guest,4.91,15.78,1.98,1.89,62.22,63.3,0.53,0.29,1.06,1.16,36.31,0,normal,
W001475,2026-09-07T02:30:00,guest:101_win11,guest,13.5,15.6,1.96,-0.5,56.12,59.6,-0.12,0.16,2.06,3.7,36.71,0,normal,
W001472,2026-09-07T02:30:00,node:dl360-04,node,22.66,26.66,2.57,0.15,45.14,46.61,0.16,0.32,0.44,3.3,47.53,0,normal,
W001471,2026-09-07T02:30:00,node:dl380-01,node,14.84,22.85,0.78,-0.14,52.51,55.95,-0.06,0.42,0.52,3.94,41.73,0,normal,
W001473,2026-09-07T02:30:00,node:srvzy,node,9.06,18.71,1.51,1.54,39.92,43.51,0.0,0.11,1.25,3.67,40.44,0,normal,
W001481,2026-09-07T03:00:00,guest:101_win11,guest,12.03,14.91,2.13,0.88,56.98,58.5,-1.04,0.17,0.77,2.45,36.48,0,normal,
W001480,2026-09-07T03:00:00,guest:100_AD-Zentyal,guest,8.97,10.04,2.58,-0.16,63.02,64.68,-0.41,0.01,0.53,7.75,37.45,0,normal,
W001482,2026-09-07T03:00:00,guest:402_NS1,guest,7.13,13.02,3.49,-1.81,32.52,32.58,-0.17,0.09,1.4,6.4,38.62,0,normal,
W001478,2026-09-07T03:00:00,node:dl360-04,node,22.04,32.6,2.26,0.63,49.2,51.18,-0.44,0.14,1.4,8.92,45.79,0,normal,
W001477,2026-09-07T03:00:00,node:dl380-01,node,26.02,30.48,2.15,-1.45,50.94,53.91,0.91,0.19,1.13,5.83,44.6,0,normal,
W001479,2026-09-07T03:00:00,node:srvzy,node,8.19,17.78,0.8,-0.54,43.7,46.0,-0.45,0.32,1.53,2.47,41.37,0,normal,
W001483,2026-09-07T03:30:00,node:dl380-01,node,15.77,18.71,1.45,0.32,56.33,58.74,-0.15,0.26,1.05,11.25,44.95,0,normal,
W001484,2026-09-07T03:30:00,node:dl360-04,node,15.18,21.51,2.8,0.59,47.32,48.48,0.41,0.3,1.48,10.11,46.88,0,normal,
W001485,2026-09-07T03:30:00,node:srvzy,node,8.53,24.13,2.71,-1.31,39.56,43.11,-0.52,0.15,1.39,4.36,40.94,0,normal,
W001486,2026-09-07T03:30:00,guest:100_AD-Zentyal,guest,14.03,17.88,1.03,-1.67,64.12,66.37,-0.28,0.07,0.76,8.52,35.85,0,normal,
W001487,2026-09-07T03:30:00,guest:101_win11,guest,9.95,12.38,2.13,0.41,59.88,62.09,-0.02,0.47,1.55,3.44,40.56,0,normal,
W001488,2026-09-07T03:30:00,guest:402_NS1,guest,4.19,10.9,3.05,0.42,35.81,37.22,0.31,0.33,1.53,4.53,36.58,0,normal,
W001494,2026-09-07T04:00:00,guest:402_NS1,guest,12.68,18.46,2.91,-0.9,35.32,37.2,-0.16,0.18,0.88,6.92,37.66,0,normal,
W001493,2026-09-07T04:00:00,guest:101_win11,guest,13.24,16.78,2.79,0.34,55.95,57.12,0.04,0.2,1.02,8.96,35.52,0,normal,
W001492,2026-09-07T04:00:00,guest:100_AD-Zentyal,guest,8.66,21.33,3.26,1.34,62.84,64.84,0.28,0.2,0.88,3.65,36.73,0,normal,
W001490,2026-09-07T04:00:00,node:dl360-04,node,17.36,18.41,2.7,0.83,49.31,52.12,-0.13,0.09,0.17,8.95,47.46,0,normal,
W001489,2026-09-07T04:00:00,node:dl380-01,node,20.63,27.71,1.68,1.61,54.59,56.51,-0.19,0.37,1.44,0.89,43.97,0,normal,
W001491,2026-09-07T04:00:00,node:srvzy,node,12.16,15.99,3.3,-1.8,38.7,40.83,0.27,0.64,1.34,3.07,40.03,0,normal,
W001495,2026-09-07T04:30:00,node:dl380-01,node,17.93,21.8,1.73,-0.55,54.1,56.76,0.32,0.3,1.25,5.16,40.79,0,normal,
W001496,2026-09-07T04:30:00,node:dl360-04,node,14.32,19.19,1.46,-0.68,48.51,49.38,-0.28,0.61,0.77,5.12,44.65,0,normal,
W001497,2026-09-07T04:30:00,node:srvzy,node,5.44,10.85,1.51,0.69,42.7,45.54,0.41,0.02,0.73,7.07,42.71,0,normal,
W001498,2026-09-07T04:30:00,guest:100_AD-Zentyal,guest,17.21,26.42,3.4,3.16,63.44,65.15,0.07,0.12,0.94,0.49,36.61,0,normal,
W001499,2026-09-07T04:30:00,guest:101_win11,guest,12.67,21.52,3.61,-1.16,60.0,62.15,0.1,0.02,0.58,8.82,37.66,0,normal,
W001500,2026-09-07T04:30:00,guest:402_NS1,guest,5.45,12.13,1.06,-0.12,35.8,38.89,-0.05,0.61,0.91,2.75,40.2,0,normal,
W001505,2026-09-07T05:00:00,guest:101_win11,guest,15.71,27.28,3.02,0.65,55.83,58.67,-0.38,0.32,2.28,1.05,38.23,0,normal,
W001501,2026-09-07T05:00:00,node:dl380-01,node,21.37,26.5,2.44,-0.97,54.08,56.28,0.01,0.07,0.97,4.88,42.4,0,normal,
W001502,2026-09-07T05:00:00,node:dl360-04,node,20.78,33.29,4.44,0.78,48.11,50.04,0.16,0.22,1.54,0.36,46.44,0,normal,
W001503,2026-09-07T05:00:00,node:srvzy,node,12.15,15.61,2.26,0.71,43.32,44.02,-0.55,0.11,0.3,2.07,40.42,0,normal,
W001504,2026-09-07T05:00:00,guest:100_AD-Zentyal,guest,16.66,21.72,2.53,-1.15,64.73,68.6,-0.36,0.64,1.59,6.52,38.48,0,normal,
W001506,2026-09-07T05:00:00,guest:402_NS1,guest,7.29,12.61,2.3,0.11,33.13,35.35,-0.2,0.7,1.4,8.17,36.88,0,normal,
W001511,2026-09-07T05:30:00,guest:101_win11,guest,19.72,27.1,2.25,1.66,59.4,61.92,-0.31,0.19,0.41,6.34,36.3,0,normal,
W001512,2026-09-07T05:30:00,guest:402_NS1,guest,5.19,11.97,0.52,-1.52,32.67,34.62,-0.2,0.25,0.76,2.12,37.08,0,normal,
W001509,2026-09-07T05:30:00,node:srvzy,node,10.29,21.55,2.34,-1.13,41.63,42.5,-0.08,0.18,0.7,5.71,43.23,0,normal,
W001508,2026-09-07T05:30:00,node:dl360-04,node,12.97,16.83,1.95,0.49,48.71,49.62,-0.01,0.07,1.13,8.95,46.84,0,normal,
W001510,2026-09-07T05:30:00,guest:100_AD-Zentyal,guest,16.21,24.99,2.84,-0.31,59.34,61.71,-0.91,0.08,0.82,7.26,37.2,0,normal,
W001507,2026-09-07T05:30:00,node:dl380-01,node,22.61,30.81,2.92,-1.23,52.23,55.92,-0.31,0.43,0.85,9.49,42.85,0,normal,
W001513,2026-09-07T06:00:00,node:dl380-01,node,20.25,25.32,2.61,0.5,55.23,56.59,-0.63,0.55,1.51,4.64,44.92,0,normal,
W001514,2026-09-07T06:00:00,node:dl360-04,node,21.74,32.93,2.75,1.27,46.82,48.79,-0.13,0.37,1.81,8.25,46.09,0,normal,
W001515,2026-09-07T06:00:00,node:srvzy,node,6.58,17.52,3.01,0.54,40.38,42.65,-0.39,0.38,0.71,6.42,41.54,0,normal,
W001516,2026-09-07T06:00:00,guest:100_AD-Zentyal,guest,2.6,7.56,1.6,-0.25,64.0,67.77,0.12,0.37,1.37,10.12,39.18,0,normal,
W001517,2026-09-07T06:00:00,guest:101_win11,guest,16.99,25.12,0.5,2.51,59.86,62.08,-0.57,0.54,1.06,9.1,36.58,0,normal,
W001518,2026-09-07T06:00:00,guest:402_NS1,guest,15.79,17.47,2.57,-2.55,33.93,35.5,0.45,0.21,1.47,4.43,38.08,0,normal,
W001524,2026-09-07T06:30:00,guest:402_NS1,guest,3.55,15.04,3.24,-0.03,31.08,32.15,0.25,0.37,0.39,9.4,36.15,0,normal,
W001523,2026-09-07T06:30:00,guest:101_win11,guest,7.44,12.21,2.4,0.56,58.93,59.84,0.26,0.55,2.28,9.62,37.81,0,normal,
W001522,2026-09-07T06:30:00,guest:100_AD-Zentyal,guest,18.33,29.58,3.88,1.76,63.93,64.64,0.99,0.31,1.6,5.85,39.95,0,normal,
W001519,2026-09-07T06:30:00,node:dl380-01,node,20.08,27.57,2.87,0.87,54.48,57.14,-0.36,0.38,1.82,2.46,45.23,0,normal,
W001520,2026-09-07T06:30:00,node:dl360-04,node,20.37,30.75,3.23,0.12,49.77,51.04,-0.16,0.03,1.43,8.85,46.13,0,normal,
W001521,2026-09-07T06:30:00,node:srvzy,node,11.95,21.43,3.49,-1.11,35.36,37.75,-0.35,0.42,1.6,10.84,45.12,0,normal,
W001529,2026-09-07T07:00:00,guest:101_win11,guest,16.99,25.92,2.44,-1.83,59.71,61.5,0.44,0.02,0.77,10.24,39.09,0,normal,
W001530,2026-09-07T07:00:00,guest:402_NS1,guest,5.79,6.95,4.02,0.3,36.58,39.51,0.24,0.24,1.23,13.0,39.35,0,normal,
W001528,2026-09-07T07:00:00,guest:100_AD-Zentyal,guest,19.97,30.83,2.28,-0.41,66.34,68.16,-0.94,0.28,1.27,10.93,37.9,0,normal,
W001525,2026-09-07T07:00:00,node:dl380-01,node,27.67,34.29,2.04,1.19,55.12,58.44,0.03,0.33,1.01,9.49,47.77,0,normal,
W001526,2026-09-07T07:00:00,node:dl360-04,node,18.17,26.11,1.62,-2.48,49.86,52.23,-0.04,0.0,0.92,9.5,46.89,0,normal,
W001527,2026-09-07T07:00:00,node:srvzy,node,8.19,13.44,3.15,0.5,39.9,42.03,0.35,0.07,0.89,12.72,41.31,0,normal,
W001531,2026-09-07T07:30:00,node:dl380-01,node,29.59,31.09,0.89,1.19,53.01,57.05,0.53,0.62,1.77,5.94,42.73,0,normal,
W001532,2026-09-07T07:30:00,node:dl360-04,node,25.16,26.66,4.08,0.8,49.35,51.79,0.19,0.26,1.63,12.88,48.46,0,normal,
W001533,2026-09-07T07:30:00,node:srvzy,node,10.83,20.75,0.5,0.53,42.81,43.99,0.39,0.29,0.88,11.6,41.6,0,normal,
W001534,2026-09-07T07:30:00,guest:100_AD-Zentyal,guest,18.97,19.02,2.79,0.05,63.51,65.9,-0.03,0.51,1.53,10.06,39.66,0,normal,
W001535,2026-09-07T07:30:00,guest:101_win11,guest,16.28,21.37,2.75,-0.21,59.48,61.58,0.15,0.02,1.2,6.96,37.66,0,normal,
W001536,2026-09-07T07:30:00,guest:402_NS1,guest,15.69,23.78,3.48,0.55,34.31,36.04,0.31,0.53,1.3,14.92,38.93,0,normal,
W001541,2026-09-07T08:00:00,guest:101_win11,guest,19.18,22.81,2.23,1.85,58.84,59.55,0.44,0.12,1.22,11.66,40.92,0,normal,
W001542,2026-09-07T08:00:00,guest:402_NS1,guest,18.49,22.0,3.11,1.51,33.84,35.1,-0.11,0.36,0.6,11.65,37.89,0,normal,
W001540,2026-09-07T08:00:00,guest:100_AD-Zentyal,guest,23.49,30.76,5.11,0.06,66.73,68.0,0.56,0.16,1.14,9.21,40.68,0,normal,
W001539,2026-09-07T08:00:00,node:srvzy,node,15.95,22.02,2.35,0.68,40.94,43.09,0.0,0.37,1.31,11.21,44.14,0,normal,
W001538,2026-09-07T08:00:00,node:dl360-04,node,26.98,28.38,2.8,-0.22,51.41,53.39,0.0,0.25,1.6,10.01,51.95,0,normal,
W001537,2026-09-07T08:00:00,node:dl380-01,node,20.12,20.96,0.81,-0.5,54.58,57.26,-0.01,0.47,1.29,10.04,45.13,0,normal,
W001543,2026-09-07T08:30:00,node:dl380-01,node,29.53,37.07,4.41,0.8,54.45,55.65,0.1,0.29,1.57,7.21,49.03,0,normal,
W001544,2026-09-07T08:30:00,node:dl360-04,node,26.46,31.85,4.3,-0.94,50.37,51.09,0.74,0.03,0.25,8.1,50.98,0,normal,
W001545,2026-09-07T08:30:00,node:srvzy,node,18.34,24.71,3.52,-0.14,42.76,46.41,-0.1,0.15,1.13,12.22,44.17,0,normal,
W001546,2026-09-07T08:30:00,guest:100_AD-Zentyal,guest,21.51,26.91,2.63,0.45,65.52,69.13,0.15,0.24,1.25,13.03,41.16,0,normal,
W001547,2026-09-07T08:30:00,guest:101_win11,guest,22.52,24.02,0.5,1.53,58.79,60.77,0.28,0.69,2.05,12.89,38.67,0,normal,
W001548,2026-09-07T08:30:00,guest:402_NS1,guest,9.35,10.51,3.13,1.33,37.14,39.82,-0.06,0.19,0.66,9.51,38.53,0,normal,
W001553,2026-09-07T09:00:00,guest:101_win11,guest,17.04,26.33,3.4,0.16,57.85,58.39,0.35,0.54,1.07,9.01,42.64,0,normal,
W001552,2026-09-07T09:00:00,guest:100_AD-Zentyal,guest,23.36,27.86,2.81,0.23,64.85,65.97,-0.17,0.67,1.92,14.36,39.6,0,normal,
W001554,2026-09-07T09:00:00,guest:402_NS1,guest,11.82,23.16,2.39,-0.46,35.6,37.21,0.45,0.48,1.71,11.85,40.09,0,normal,
W001550,2026-09-07T09:00:00,node:dl360-04,node,30.92,37.44,3.03,-0.56,49.11,51.08,1.0,0.24,1.19,8.81,45.64,0,normal,
W001549,2026-09-07T09:00:00,node:dl380-01,node,33.22,35.31,2.3,-2.32,56.05,58.05,-0.14,0.11,0.91,9.66,46.57,0,normal,
W001551,2026-09-07T09:00:00,node:srvzy,node,14.31,27.45,3.1,1.97,41.89,42.25,-0.44,0.38,1.27,11.26,43.98,0,normal,
W001559,2026-09-07T09:30:00,guest:101_win11,guest,21.41,30.14,2.32,2.64,57.6,60.76,0.25,0.38,1.27,9.29,36.9,0,normal,
W001558,2026-09-07T09:30:00,guest:100_AD-Zentyal,guest,20.13,20.21,4.0,2.59,65.82,68.49,0.43,0.04,1.21,10.01,44.21,0,normal,
W001560,2026-09-07T09:30:00,guest:402_NS1,guest,17.83,22.36,3.67,0.42,37.68,40.48,-0.99,0.42,1.09,14.79,41.66,0,normal,
W001556,2026-09-07T09:30:00,node:dl360-04,node,22.95,28.26,1.18,0.38,49.15,50.57,-0.28,0.18,0.65,12.04,49.54,0,normal,
W001555,2026-09-07T09:30:00,node:dl380-01,node,27.04,31.76,3.97,1.2,55.35,56.43,0.62,0.33,1.08,15.94,46.01,0,normal,
W001557,2026-09-07T09:30:00,node:srvzy,node,17.24,30.3,2.34,0.73,43.81,45.75,0.11,0.3,1.19,9.53,44.04,0,normal,
W001561,2026-09-07T10:00:00,node:dl380-01,node,31.11,36.29,1.59,-0.52,52.76,54.17,-0.59,0.01,0.86,14.1,47.45,0,normal,
W001562,2026-09-07T10:00:00,node:dl360-04,node,24.25,27.41,2.18,-0.99,50.89,51.37,0.28,0.19,1.14,15.16,50.99,0,normal,
W001563,2026-09-07T10:00:00,node:srvzy,node,21.8,22.0,2.01,1.32,43.92,47.77,0.68,0.36,1.06,9.62,44.79,0,normal,
W001564,2026-09-07T10:00:00,guest:100_AD-Zentyal,guest,20.57,24.79,1.58,0.48,69.05,71.99,-0.13,0.5,1.44,12.38,41.35,0,normal,
W001565,2026-09-07T10:00:00,guest:101_win11,guest,23.3,31.25,2.64,-0.87,57.6,59.91,0.17,0.24,0.58,16.25,43.06,0,normal,
W001566,2026-09-07T10:00:00,guest:402_NS1,guest,9.04,19.06,2.29,0.23,38.05,41.7,0.4,0.35,0.6,6.42,42.82,0,normal,
W001571,2026-09-07T10:30:00,guest:101_win11,guest,27.9,31.0,4.79,-1.13,56.46,60.15,0.53,0.26,1.22,13.72,41.71,0,normal,
W001570,2026-09-07T10:30:00,guest:100_AD-Zentyal,guest,20.98,23.84,2.3,-0.82,69.1,71.86,-0.31,0.09,0.58,10.82,41.25,0,normal,
W001572,2026-09-07T10:30:00,guest:402_NS1,guest,11.46,12.91,1.66,2.18,39.34,41.08,-0.38,0.36,1.33,14.3,37.71,0,normal,
W001568,2026-09-07T10:30:00,node:dl360-04,node,22.33,27.86,2.65,1.01,50.53,52.16,-0.11,0.08,1.14,13.34,51.15,0,normal,
W001567,2026-09-07T10:30:00,node:dl380-01,node,33.7,37.25,2.23,-0.67,54.95,58.02,0.09,0.25,2.12,8.2,48.32,0,normal,
W001569,2026-09-07T10:30:00,node:srvzy,node,18.76,24.18,3.68,1.23,45.55,47.92,0.54,0.22,0.94,16.09,46.77,0,normal,
W001573,2026-09-07T11:00:00,node:dl380-01,node,41.71,51.11,2.3,-0.86,58.19,60.69,0.04,0.39,1.15,14.74,49.21,0,normal,
W001574,2026-09-07T11:00:00,node:dl360-04,node,28.86,35.73,3.89,-1.92,49.98,52.0,-0.29,0.22,1.54,13.09,48.38,0,normal,
W001575,2026-09-07T11:00:00,node:srvzy,node,19.18,25.35,2.54,0.67,44.27,46.13,-0.48,0.21,0.76,12.68,47.16,0,normal,
W001576,2026-09-07T11:00:00,guest:100_AD-Zentyal,guest,25.07,33.54,2.12,1.81,67.63,69.74,0.24,0.16,0.21,11.72,43.24,0,normal,
W001577,2026-09-07T11:00:00,guest:101_win11,guest,25.94,31.53,1.65,-2.35,61.98,63.77,-0.17,0.17,1.47,16.18,40.67,0,normal,
W001578,2026-09-07T11:00:00,guest:402_NS1,guest,21.73,27.3,1.89,-0.35,35.0,35.68,0.31,0.26,1.3,14.4,42.94,0,normal,
W001583,2026-09-07T11:30:00,guest:101_win11,guest,25.04,35.4,1.08,-1.92,59.81,63.2,0.13,0.08,0.21,13.83,40.35,0,normal,
W001582,2026-09-07T11:30:00,guest:100_AD-Zentyal,guest,20.19,31.98,3.61,-0.43,65.89,68.1,0.24,0.52,0.78,14.85,38.95,0,normal,
W001584,2026-09-07T11:30:00,guest:402_NS1,guest,18.14,24.72,2.01,2.18,37.48,40.69,0.37,0.27,0.99,12.64,43.14,0,normal,
W001580,2026-09-07T11:30:00,node:dl360-04,node,34.03,48.43,2.98,-1.64,52.2,55.79,-0.07,0.51,0.97,14.65,47.39,0,normal,
W001579,2026-09-07T11:30:00,node:dl380-01,node,23.5,26.9,3.07,-1.53,57.09,57.7,0.01,0.62,1.73,7.98,49.39,0,normal,
W001581,2026-09-07T11:30:00,node:srvzy,node,17.33,23.31,2.14,-1.56,42.51,44.84,-0.03,0.31,1.4,12.51,48.16,0,normal,
W001589,2026-09-07T12:00:00,guest:101_win11,guest,20.11,31.06,1.91,1.16,56.85,57.8,0.27,0.28,1.29,14.29,42.29,0,normal,
W001588,2026-09-07T12:00:00,guest:100_AD-Zentyal,guest,25.13,33.51,2.47,2.09,66.81,67.11,0.26,0.38,1.19,13.55,39.43,0,normal,
W001590,2026-09-07T12:00:00,guest:402_NS1,guest,16.55,18.97,3.9,1.88,34.86,35.76,-0.14,0.37,1.1,15.83,42.52,0,normal,
W001586,2026-09-07T12:00:00,node:dl360-04,node,28.57,31.22,2.08,0.73,53.58,55.6,0.02,0.23,0.83,11.57,49.26,0,normal,
W001585,2026-09-07T12:00:00,node:dl380-01,node,29.65,40.83,1.75,0.26,56.32,57.87,0.87,0.21,0.89,12.34,48.66,0,normal,
W001587,2026-09-07T12:00:00,node:srvzy,node,19.47,28.18,2.08,-0.42,43.07,46.32,-0.37,0.36,1.13,14.53,46.96,0,normal,
W001591,2026-09-07T12:30:00,node:dl380-01,node,31.53,44.77,1.97,1.97,59.34,61.84,-0.77,0.31,0.9,14.39,47.0,0,normal,
W001592,2026-09-07T12:30:00,node:dl360-04,node,31.58,40.53,3.67,-0.46,49.83,52.18,0.7,0.31,1.29,13.63,50.84,0,normal,
W001593,2026-09-07T12:30:00,node:srvzy,node,24.23,29.91,2.9,0.61,44.36,46.92,-0.34,0.12,0.9,14.27,45.81,0,normal,
W001594,2026-09-07T12:30:00,guest:100_AD-Zentyal,guest,25.77,34.5,3.69,1.69,64.37,65.2,-0.12,0.32,1.02,12.67,42.14,0,normal,
W001595,2026-09-07T12:30:00,guest:101_win11,guest,28.62,30.63,4.84,0.03,61.62,63.04,0.23,0.32,1.46,13.73,44.93,0,normal,
W001596,2026-09-07T12:30:00,guest:402_NS1,guest,13.71,22.55,2.62,-1.22,40.25,44.09,-0.83,0.34,1.42,15.66,44.87,0,normal,
W001601,2026-09-07T13:00:00,guest:101_win11,guest,30.03,38.72,3.44,0.59,61.67,62.1,-0.04,0.02,0.67,19.68,44.54,0,normal,
W001600,2026-09-07T13:00:00,guest:100_AD-Zentyal,guest,28.95,35.5,2.31,1.09,68.16,70.58,0.41,0.34,0.48,13.7,40.19,0,normal,
W001602,2026-09-07T13:00:00,guest:402_NS1,guest,22.05,27.5,1.51,0.22,38.93,41.34,-0.63,0.32,0.36,17.24,41.86,0,normal,
W001598,2026-09-07T13:00:00,node:dl360-04,node,29.05,31.1,3.66,-0.49,55.57,57.87,0.51,0.43,1.75,16.54,52.25,0,normal,
W001599,2026-09-07T13:00:00,node:srvzy,node,26.55,40.01,2.23,0.95,43.92,46.43,0.02,0.13,0.85,17.83,45.75,0,normal,
W001597,2026-09-07T13:00:00,node:dl380-01,node,37.3,44.1,4.78,1.12,56.3,57.75,0.5,0.14,0.78,14.11,49.43,0,normal,
W001603,2026-09-07T13:30:00,node:dl380-01,node,28.45,36.9,3.06,0.28,60.88,63.51,-0.26,0.4,1.09,18.63,49.32,0,normal,
W001604,2026-09-07T13:30:00,node:dl360-04,node,31.06,32.73,2.56,-0.07,50.09,51.87,0.17,0.3,0.53,14.01,51.2,0,normal,
W001605,2026-09-07T13:30:00,node:srvzy,node,23.4,29.66,2.09,-0.54,44.05,47.02,0.11,0.58,1.84,19.32,48.95,0,normal,
W001606,2026-09-07T13:30:00,guest:100_AD-Zentyal,guest,31.2,33.74,3.15,1.46,69.45,70.68,0.26,0.32,1.85,10.67,41.74,0,normal,
W001607,2026-09-07T13:30:00,guest:101_win11,guest,21.39,27.82,4.76,-0.05,60.11,62.66,-0.05,0.37,1.33,12.29,42.76,0,normal,
W001608,2026-09-07T13:30:00,guest:402_NS1,guest,22.32,31.11,3.8,0.4,37.57,40.32,-0.24,0.17,0.92,11.0,43.51,0,normal,
W001609,2026-09-07T14:00:00,node:dl380-01,node,36.67,40.54,2.94,-0.75,55.17,59.23,-0.4,0.04,0.93,15.81,50.0,0,normal,
W001610,2026-09-07T14:00:00,node:dl360-04,node,37.0,40.67,1.92,1.93,53.69,56.49,-0.24,0.53,1.65,15.57,51.12,0,normal,
W001611,2026-09-07T14:00:00,node:srvzy,node,23.37,34.32,1.41,-0.96,42.87,44.46,-0.01,0.49,1.48,15.18,47.42,0,normal,
W001612,2026-09-07T14:00:00,guest:100_AD-Zentyal,guest,28.18,29.14,3.57,-0.99,66.2,68.54,-0.03,0.4,1.25,14.13,45.29,0,normal,
W001613,2026-09-07T14:00:00,guest:101_win11,guest,30.48,37.38,3.19,-0.85,63.91,64.83,0.05,0.24,0.91,13.64,41.84,0,normal,
W001614,2026-09-07T14:00:00,guest:402_NS1,guest,24.16,26.55,3.48,0.78,36.31,38.85,-0.06,0.08,0.44,16.97,43.91,0,normal,
W001620,2026-09-07T14:30:00,guest:402_NS1,guest,20.1,24.08,3.05,-0.53,35.49,36.63,0.13,0.34,1.75,14.13,42.54,0,normal,
W001618,2026-09-07T14:30:00,guest:100_AD-Zentyal,guest,23.67,29.2,1.98,-0.82,68.02,70.49,0.08,0.46,1.0,11.72,42.22,0,normal,
W001619,2026-09-07T14:30:00,guest:101_win11,guest,25.93,26.08,1.95,1.33,61.44,63.97,0.05,0.59,0.97,12.11,44.69,0,normal,
W001617,2026-09-07T14:30:00,node:srvzy,node,29.17,35.96,0.5,0.34,43.65,44.55,0.14,0.48,1.01,10.07,43.98,0,normal,
W001615,2026-09-07T14:30:00,node:dl380-01,node,33.85,38.67,2.31,-0.39,53.86,55.92,0.21,0.31,1.82,11.99,48.01,0,normal,
W001616,2026-09-07T14:30:00,node:dl360-04,node,30.47,37.2,0.6,0.72,52.45,52.57,-0.05,0.14,0.76,10.99,52.62,0,normal,
W001621,2026-09-07T15:00:00,node:dl380-01,node,37.77,46.72,2.64,-1.87,55.47,56.42,0.01,0.2,1.64,10.12,47.16,0,normal,
W001622,2026-09-07T15:00:00,node:dl360-04,node,30.58,38.15,0.5,-2.08,51.46,54.81,0.76,0.22,0.95,12.32,52.85,0,normal,
W001623,2026-09-07T15:00:00,node:srvzy,node,28.08,37.85,2.47,-1.01,43.95,47.33,-0.16,0.06,0.72,13.99,44.17,0,normal,
W001624,2026-09-07T15:00:00,guest:100_AD-Zentyal,guest,26.54,34.06,4.36,-1.6,68.25,71.21,0.21,0.1,0.47,15.12,43.03,0,normal,
W001625,2026-09-07T15:00:00,guest:101_win11,guest,25.77,35.64,2.1,-2.27,59.53,62.01,0.14,0.37,1.76,11.49,42.26,0,normal,
W001626,2026-09-07T15:00:00,guest:402_NS1,guest,25.14,25.23,2.45,1.47,39.12,41.78,0.27,0.09,1.44,11.23,41.19,0,normal,
W001627,2026-09-07T15:30:00,node:dl380-01,node,34.08,38.61,2.71,0.52,60.13,62.57,-0.25,0.44,0.9,17.57,48.99,0,normal,
W001628,2026-09-07T15:30:00,node:dl360-04,node,31.13,31.79,0.5,-1.8,55.07,55.93,0.29,0.17,0.88,14.7,54.36,0,normal,
W001629,2026-09-07T15:30:00,node:srvzy,node,24.77,31.93,3.8,-0.76,45.85,48.76,0.36,0.27,0.89,12.22,45.69,0,normal,
W001630,2026-09-07T15:30:00,guest:100_AD-Zentyal,guest,22.52,29.62,2.27,0.52,67.81,68.75,-0.44,0.25,0.74,12.19,45.44,0,normal,
W001631,2026-09-07T15:30:00,guest:101_win11,guest,22.36,34.43,2.79,1.18,61.49,64.11,0.66,0.08,0.82,12.27,40.35,0,normal,
W001632,2026-09-07T15:30:00,guest:402_NS1,guest,17.41,29.03,2.33,2.38,40.69,45.68,0.76,0.77,1.7,15.51,43.34,0,normal,
W001637,2026-09-07T16:00:00,guest:101_win11,guest,26.2,33.07,2.6,0.73,57.71,60.1,-0.3,0.27,1.75,10.14,42.18,0,normal,
W001638,2026-09-07T16:00:00,guest:402_NS1,guest,14.47,20.93,3.55,0.2,36.52,39.85,0.13,0.46,1.55,5.7,42.48,0,normal,
W001636,2026-09-07T16:00:00,guest:100_AD-Zentyal,guest,27.21,29.67,2.42,0.41,67.03,67.32,0.05,0.43,1.86,12.32,41.78,0,normal,
W001634,2026-09-07T16:00:00,node:dl360-04,node,28.34,37.83,2.71,-0.11,52.02,52.73,0.14,0.47,1.67,10.27,49.32,0,normal,
W001635,2026-09-07T16:00:00,node:srvzy,node,20.05,30.2,2.72,-0.93,41.12,42.43,-0.3,0.49,1.69,11.18,47.73,0,normal,
W001633,2026-09-07T16:00:00,node:dl380-01,node,31.93,38.38,3.25,-0.56,54.25,56.62,-0.28,0.18,0.93,13.21,50.26,0,normal,
W001639,2026-09-07T16:30:00,node:dl380-01,node,28.15,31.67,3.97,-0.45,60.14,60.73,-0.43,0.45,1.12,15.25,48.43,0,normal,
W001640,2026-09-07T16:30:00,node:dl360-04,node,28.43,33.52,2.68,0.77,54.64,56.44,-0.16,0.2,1.58,16.4,48.75,0,normal,
W001641,2026-09-07T16:30:00,node:srvzy,node,15.13,18.64,2.73,-0.04,44.66,46.48,0.56,0.45,1.29,17.77,44.12,0,normal,
W001642,2026-09-07T16:30:00,guest:100_AD-Zentyal,guest,24.63,31.04,3.1,-2.06,66.26,68.66,0.19,0.54,1.64,14.15,43.61,0,normal,
W001643,2026-09-07T16:30:00,guest:101_win11,guest,26.22,32.66,3.29,-0.05,60.38,63.34,0.28,0.55,2.28,16.44,41.91,0,normal,
W001644,2026-09-07T16:30:00,guest:402_NS1,guest,20.72,28.13,3.11,1.79,33.7,37.21,0.74,0.41,1.45,13.61,42.61,0,normal,
W001645,2026-09-07T17:00:00,node:dl380-01,node,33.1,41.0,3.22,0.75,58.03,60.82,-0.41,0.47,2.01,13.46,50.37,0,normal,
W001646,2026-09-07T17:00:00,node:dl360-04,node,24.45,30.36,1.86,1.66,54.37,56.27,0.47,0.63,1.42,13.92,52.22,0,normal,
W001647,2026-09-07T17:00:00,node:srvzy,node,17.71,24.04,4.64,-0.6,44.95,47.47,-0.07,0.34,1.85,15.2,47.19,0,normal,
W001648,2026-09-07T17:00:00,guest:100_AD-Zentyal,guest,29.26,34.39,1.45,2.12,66.66,69.55,-0.3,0.38,0.74,13.73,41.15,0,normal,
W001649,2026-09-07T17:00:00,guest:101_win11,guest,22.59,27.68,0.5,-1.39,60.82,63.17,-0.43,0.41,0.86,15.7,41.95,0,normal,
W001650,2026-09-07T17:00:00,guest:402_NS1,guest,16.52,22.25,5.06,-0.91,36.82,39.6,-0.38,0.02,0.58,15.81,41.61,0,normal,
W001656,2026-09-07T17:30:00,guest:402_NS1,guest,21.12,27.93,3.35,-0.39,36.85,38.64,0.58,0.32,1.13,12.16,41.35,0,normal,
W001655,2026-09-07T17:30:00,guest:101_win11,guest,30.38,31.86,2.16,-0.71,63.02,64.49,-0.19,0.09,0.9,14.35,40.79,0,normal,
W001654,2026-09-07T17:30:00,guest:100_AD-Zentyal,guest,17.55,22.53,2.39,-0.42,67.32,70.04,-0.31,0.14,0.92,8.9,41.41,0,normal,
W001651,2026-09-07T17:30:00,node:dl380-01,node,29.85,38.58,1.69,-0.11,53.69,56.01,0.09,0.46,0.8,12.96,46.2,0,normal,
W001652,2026-09-07T17:30:00,node:dl360-04,node,26.8,37.24,2.18,-1.64,50.19,50.58,-0.52,0.43,0.66,14.47,51.16,0,normal,
W001653,2026-09-07T17:30:00,node:srvzy,node,18.8,25.48,1.56,1.01,42.16,43.77,-0.2,0.44,1.46,5.67,46.5,0,normal,
W001657,2026-09-07T18:00:00,node:dl380-01,node,29.83,38.29,1.82,0.15,56.33,58.69,-0.68,0.12,0.37,12.6,46.15,0,normal,
W001658,2026-09-07T18:00:00,node:dl360-04,node,24.26,26.68,2.1,-1.35,52.36,54.84,0.06,0.24,0.25,11.13,49.36,0,normal,
W001659,2026-09-07T18:00:00,node:srvzy,node,19.87,27.72,2.82,1.52,41.98,43.37,0.42,0.33,1.03,18.04,46.37,0,normal,
W001660,2026-09-07T18:00:00,guest:100_AD-Zentyal,guest,21.33,25.28,3.83,0.25,66.04,68.72,0.35,0.41,1.56,13.85,42.33,0,normal,
W001661,2026-09-07T18:00:00,guest:101_win11,guest,21.44,32.87,1.27,0.37,56.59,58.5,-0.23,0.33,1.26,9.63,41.46,0,normal,
W001662,2026-09-07T18:00:00,guest:402_NS1,guest,20.88,22.94,1.65,1.03,36.14,38.29,0.41,0.14,0.73,10.57,40.98,0,normal,
W001667,2026-09-07T18:30:00,guest:101_win11,guest,20.9,27.02,3.59,0.14,55.85,58.3,-0.39,0.05,0.15,16.07,40.25,0,normal,
W001668,2026-09-07T18:30:00,guest:402_NS1,guest,17.17,24.9,2.66,0.36,36.69,38.82,-0.3,0.13,0.89,12.12,42.14,0,normal,
W001666,2026-09-07T18:30:00,guest:100_AD-Zentyal,guest,15.36,18.44,3.17,0.66,64.09,66.65,0.53,0.29,0.69,15.12,44.08,0,normal,
W001665,2026-09-07T18:30:00,node:srvzy,node,26.12,28.84,3.27,1.57,41.25,42.68,-0.23,0.27,0.93,11.91,46.76,0,normal,
W001664,2026-09-07T18:30:00,node:dl360-04,node,25.62,26.93,2.17,0.18,49.21,51.87,0.35,0.19,1.28,12.17,52.22,0,normal,
W001663,2026-09-07T18:30:00,node:dl380-01,node,33.69,34.59,1.31,-1.64,58.52,59.91,-0.13,0.02,0.72,15.1,47.88,0,normal,
W001669,2026-09-07T19:00:00,node:dl380-01,node,30.93,37.96,1.69,-2.62,54.13,54.79,-0.29,0.35,1.18,16.87,47.5,0,normal,
W001670,2026-09-07T19:00:00,node:dl360-04,node,30.75,38.9,3.59,-0.43,48.58,50.13,-0.0,0.17,0.57,12.54,48.27,0,normal,
W001671,2026-09-07T19:00:00,node:srvzy,node,11.7,14.34,2.27,-1.19,42.11,44.71,0.23,0.17,0.45,9.57,45.76,0,normal,
W001672,2026-09-07T19:00:00,guest:100_AD-Zentyal,guest,23.18,30.24,3.7,2.08,64.65,68.13,-0.1,0.5,1.59,5.36,39.33,0,normal,
W001673,2026-09-07T19:00:00,guest:101_win11,guest,17.8,18.45,3.38,2.48,58.05,60.91,0.59,0.34,1.13,10.56,41.58,0,normal,
W001674,2026-09-07T19:00:00,guest:402_NS1,guest,17.13,24.52,2.93,-0.06,32.65,35.55,-0.51,0.42,1.53,7.87,39.86,0,normal,
W001680,2026-09-07T19:30:00,guest:402_NS1,guest,8.21,8.83,2.54,-3.04,35.8,38.4,0.49,0.18,1.04,13.25,39.01,0,normal,
W001679,2026-09-07T19:30:00,guest:101_win11,guest,24.59,32.13,0.76,-0.02,56.8,60.08,0.45,0.11,0.89,12.04,42.13,0,normal,
W001678,2026-09-07T19:30:00,guest:100_AD-Zentyal,guest,20.92,26.17,0.94,1.22,65.81,68.2,0.17,0.04,0.96,14.02,42.49,0,normal,
W001675,2026-09-07T19:30:00,node:dl380-01,node,34.5,40.26,1.28,0.96,54.13,54.21,0.21,0.12,1.05,8.86,47.84,0,normal,
W001676,2026-09-07T19:30:00,node:dl360-04,node,24.71,26.48,2.88,-0.35,53.07,55.46,0.3,0.16,0.64,11.22,49.24,0,normal,
W001677,2026-09-07T19:30:00,node:srvzy,node,21.75,27.29,1.28,-0.99,44.25,46.09,-0.09,0.51,0.95,4.59,43.5,0,normal,
W001685,2026-09-07T20:00:00,guest:101_win11,guest,12.05,19.71,2.02,-0.13,60.64,61.38,0.11,0.46,1.33,5.16,42.03,0,normal,
W001686,2026-09-07T20:00:00,guest:402_NS1,guest,11.26,15.68,2.19,-0.46,32.86,35.02,-0.24,0.43,1.44,14.88,39.68,0,normal,
W001684,2026-09-07T20:00:00,guest:100_AD-Zentyal,guest,13.43,17.67,2.5,0.89,69.38,72.08,-0.4,0.28,1.15,8.44,40.71,0,normal,
W001681,2026-09-07T20:00:00,node:dl380-01,node,28.2,35.03,1.89,0.17,54.75,57.53,-0.14,0.35,0.9,7.19,46.26,0,normal,
W001682,2026-09-07T20:00:00,node:dl360-04,node,18.86,27.26,3.09,-0.92,50.38,51.62,-0.64,0.18,0.96,11.56,49.22,0,normal,
W001683,2026-09-07T20:00:00,node:srvzy,node,18.18,21.23,2.12,1.97,38.52,40.07,-0.43,0.26,0.89,11.81,44.38,0,normal,
W001687,2026-09-07T20:30:00,node:dl380-01,node,22.19,23.78,4.69,0.79,53.75,57.45,0.54,0.03,0.53,9.6,44.39,0,normal,
W001688,2026-09-07T20:30:00,node:dl360-04,node,21.66,29.8,1.13,0.35,52.1,54.5,-0.03,0.17,1.3,6.47,49.36,0,normal,
W001689,2026-09-07T20:30:00,node:srvzy,node,15.09,24.47,1.92,-0.6,39.76,42.2,-0.17,0.13,0.62,11.61,42.35,0,normal,
W001690,2026-09-07T20:30:00,guest:100_AD-Zentyal,guest,14.45,23.14,2.33,1.15,64.35,66.35,0.06,0.58,1.9,13.46,39.06,0,normal,
W001691,2026-09-07T20:30:00,guest:101_win11,guest,16.55,24.83,3.88,1.4,58.02,60.75,0.3,0.33,1.21,10.29,38.82,0,normal,
W001692,2026-09-07T20:30:00,guest:402_NS1,guest,9.6,13.49,0.9,0.17,34.93,37.69,0.5,0.56,1.93,7.73,37.85,0,normal,
W001696,2026-09-07T21:00:00,guest:100_AD-Zentyal,guest,12.86,16.9,2.14,-0.8,63.01,63.85,0.33,0.54,1.24,8.65,37.53,0,normal,
W001697,2026-09-07T21:00:00,guest:101_win11,guest,18.18,24.87,2.28,0.48,58.04,58.98,0.48,0.26,1.73,9.97,42.18,0,normal,
W001698,2026-09-07T21:00:00,guest:402_NS1,guest,14.04,20.72,1.78,-0.84,35.44,37.58,-0.24,0.47,1.28,11.22,37.76,0,normal,
W001695,2026-09-07T21:00:00,node:srvzy,node,11.13,20.47,1.72,0.54,39.16,41.64,-0.9,0.72,1.46,0.32,42.15,0,normal,
W001693,2026-09-07T21:00:00,node:dl380-01,node,26.19,36.33,4.06,0.58,50.89,53.25,0.22,0.55,1.92,11.43,44.34,0,normal,
W001694,2026-09-07T21:00:00,node:dl360-04,node,16.33,23.93,1.71,1.77,46.41,48.98,0.13,0.26,0.69,2.52,47.43,0,normal,
W001699,2026-09-07T21:30:00,node:dl380-01,node,26.43,33.93,3.7,1.17,54.33,56.16,0.71,0.24,1.34,7.56,42.43,0,normal,
W001700,2026-09-07T21:30:00,node:dl360-04,node,15.63,22.85,3.2,0.49,51.55,53.94,-0.31,0.42,1.29,6.98,48.93,0,normal,
W001701,2026-09-07T21:30:00,node:srvzy,node,13.21,17.39,2.32,1.7,43.97,46.16,0.02,0.01,1.5,11.81,44.35,0,normal,
W001702,2026-09-07T21:30:00,guest:100_AD-Zentyal,guest,7.97,14.09,2.37,0.82,63.67,65.44,0.25,0.15,0.72,9.29,41.23,0,normal,
W001703,2026-09-07T21:30:00,guest:101_win11,guest,20.76,29.99,2.56,1.79,54.35,58.37,0.86,0.39,1.52,8.59,38.91,0,normal,
W001704,2026-09-07T21:30:00,guest:402_NS1,guest,7.79,13.64,3.06,0.5,38.06,40.16,-0.6,0.63,0.94,7.03,39.63,0,normal,
W001705,2026-09-07T22:00:00,node:dl380-01,node,22.46,24.12,1.75,-1.78,55.12,58.3,-0.49,0.5,1.67,5.52,41.53,0,normal,
W001706,2026-09-07T22:00:00,node:dl360-04,node,14.25,18.46,4.04,-0.14,47.19,49.34,-0.52,0.4,0.81,5.0,48.06,0,normal,
W001707,2026-09-07T22:00:00,node:srvzy,node,17.13,29.72,1.46,-0.72,41.93,45.1,-0.87,0.32,0.92,1.73,40.49,0,normal,
W001708,2026-09-07T22:00:00,guest:100_AD-Zentyal,guest,12.01,18.19,3.51,0.43,65.71,67.73,-0.28,0.26,1.34,10.6,38.28,0,normal,
W001709,2026-09-07T22:00:00,guest:101_win11,guest,12.75,19.76,2.98,1.48,55.78,57.11,0.3,0.22,0.84,11.26,36.44,0,normal,
W001710,2026-09-07T22:00:00,guest:402_NS1,guest,15.2,19.36,3.37,-0.13,34.49,36.23,0.34,0.23,0.8,12.94,38.54,0,normal,
W001716,2026-09-07T22:30:00,guest:402_NS1,guest,2.91,15.31,2.74,0.55,33.24,33.68,-0.03,0.24,1.32,10.22,39.65,0,normal,
W001715,2026-09-07T22:30:00,guest:101_win11,guest,15.96,18.39,4.72,1.65,57.64,58.78,-0.09,0.16,1.0,8.43,37.99,0,normal,
W001714,2026-09-07T22:30:00,guest:100_AD-Zentyal,guest,13.73,18.03,4.08,-1.29,62.31,62.98,-0.38,0.55,1.86,7.28,39.24,0,normal,
W001712,2026-09-07T22:30:00,node:dl360-04,node,17.07,22.43,2.65,-0.32,49.34,51.32,-0.53,0.38,1.46,5.87,50.3,0,normal,
W001713,2026-09-07T22:30:00,node:srvzy,node,15.67,24.21,3.33,0.04,43.05,46.63,0.32,0.19,0.97,9.22,43.76,0,normal,
W001711,2026-09-07T22:30:00,node:dl380-01,node,18.64,20.16,4.37,-0.66,57.71,60.11,0.06,0.33,2.02,0.92,44.82,0,normal,
W001717,2026-09-07T23:00:00,node:dl380-01,node,22.8,34.21,2.89,1.32,54.47,54.57,-0.06,0.13,1.02,4.09,44.79,0,normal,
W001718,2026-09-07T23:00:00,node:dl360-04,node,19.78,29.39,4.12,-2.01,46.43,51.36,0.4,0.34,1.16,6.29,43.98,0,normal,
W001719,2026-09-07T23:00:00,node:srvzy,node,6.64,12.3,1.78,-0.7,45.19,46.94,0.11,0.35,1.38,5.03,43.75,0,normal,
W001720,2026-09-07T23:00:00,guest:100_AD-Zentyal,guest,13.9,16.03,2.39,-0.21,63.19,65.7,0.25,0.4,1.34,6.72,34.65,0,normal,
W001721,2026-09-07T23:00:00,guest:101_win11,guest,17.07,24.53,1.52,0.34,57.75,60.92,0.2,0.36,1.54,5.54,38.5,0,normal,
W001722,2026-09-07T23:00:00,guest:402_NS1,guest,4.17,13.5,0.89,0.98,33.62,36.58,-0.31,0.32,1.14,7.77,36.31,0,normal,
W001728,2026-09-07T23:30:00,guest:402_NS1,guest,3.83,12.83,3.33,2.07,36.18,38.17,1.24,0.57,1.59,3.47,35.58,0,normal,
W001726,2026-09-07T23:30:00,guest:100_AD-Zentyal,guest,9.52,17.7,1.86,-1.08,62.52,64.42,-0.04,0.26,0.65,8.78,39.87,0,normal,
W001727,2026-09-07T23:30:00,guest:101_win11,guest,7.66,9.0,3.5,1.88,52.75,55.57,0.66,0.13,1.56,5.93,38.35,0,normal,
W001725,2026-09-07T23:30:00,node:srvzy,node,6.91,12.19,2.28,-0.94,41.02,42.97,-0.29,0.33,1.12,9.25,39.87,0,normal,
W001723,2026-09-07T23:30:00,node:dl380-01,node,21.57,22.03,1.83,-1.88,55.08,57.48,0.18,0.59,1.27,8.29,43.98,0,normal,
W001724,2026-09-07T23:30:00,node:dl360-04,node,16.04,25.96,4.58,-0.52,50.09,52.41,0.13,0.35,1.02,4.29,49.18,0,normal,
W001729,2026-09-08T00:00:00,node:dl380-01,node,13.01,16.21,3.88,0.58,52.16,54.03,-0.1,0.46,0.91,6.72,43.85,0,normal,
W001730,2026-09-08T00:00:00,node:dl360-04,node,12.1,22.86,2.2,-1.19,49.8,51.86,0.16,0.06,1.19,12.19,44.51,0,normal,
W001731,2026-09-08T00:00:00,node:srvzy,node,9.31,12.96,5.19,1.49,40.78,41.55,-0.39,0.45,0.7,1.68,41.42,0,normal,
W001732,2026-09-08T00:00:00,guest:100_AD-Zentyal,guest,11.54,18.68,2.06,1.1,61.72,64.34,0.09,0.42,1.69,4.3,36.41,0,normal,
W001733,2026-09-08T00:00:00,guest:101_win11,guest,7.16,7.22,2.32,-0.13,54.31,55.44,0.61,0.48,0.77,4.34,38.01,0,normal,
W001734,2026-09-08T00:00:00,guest:402_NS1,guest,2.88,6.45,2.16,1.31,35.39,36.66,0.18,0.3,0.7,4.78,35.51,0,normal,
W001739,2026-09-08T00:30:00,guest:101_win11,guest,6.82,16.58,3.49,0.63,50.19,51.93,-0.51,0.52,1.75,6.83,35.6,0,normal,
W001738,2026-09-08T00:30:00,guest:100_AD-Zentyal,guest,9.81,11.25,2.59,-1.33,64.92,66.19,-0.12,0.73,1.41,4.35,38.28,0,normal,
W001740,2026-09-08T00:30:00,guest:402_NS1,guest,10.3,15.52,4.31,0.32,34.18,35.72,0.56,0.42,1.8,6.2,37.33,0,normal,
W001736,2026-09-08T00:30:00,node:dl360-04,node,12.62,17.0,2.4,-1.79,44.57,47.48,-0.3,0.73,2.32,4.15,49.91,0,normal,
W001735,2026-09-08T00:30:00,node:dl380-01,node,22.14,32.8,2.09,-0.78,55.17,58.38,-0.45,0.27,1.05,3.36,43.98,0,normal,
W001737,2026-09-08T00:30:00,node:srvzy,node,11.35,15.42,0.5,0.83,40.32,42.76,-0.09,0.07,0.7,7.79,40.87,0,normal,
W001745,2026-09-08T01:00:00,guest:101_win11,guest,9.83,18.04,3.27,-0.48,53.97,56.51,0.03,0.0,0.91,3.26,34.83,0,normal,
W001744,2026-09-08T01:00:00,guest:100_AD-Zentyal,guest,15.07,21.25,1.63,-1.35,62.68,65.8,-0.33,0.42,1.26,11.15,37.69,0,normal,
W001746,2026-09-08T01:00:00,guest:402_NS1,guest,3.04,12.89,3.71,1.14,33.55,36.15,0.04,0.08,0.52,3.35,39.2,0,normal,
W001742,2026-09-08T01:00:00,node:dl360-04,node,21.81,26.87,3.27,2.83,49.62,50.98,0.09,0.4,1.77,8.81,41.95,0,normal,
W001741,2026-09-08T01:00:00,node:dl380-01,node,19.36,29.68,3.52,0.17,49.73,52.54,-0.58,0.31,1.06,0.92,43.66,0,normal,
W001743,2026-09-08T01:00:00,node:srvzy,node,4.28,10.07,1.48,-4.44,38.76,40.76,-0.21,0.1,0.92,6.2,40.4,0,normal,
W001747,2026-09-08T01:30:00,node:dl380-01,node,21.04,23.8,2.55,-0.48,52.79,54.25,0.56,0.3,1.18,5.84,41.56,0,normal,
W001748,2026-09-08T01:30:00,node:dl360-04,node,14.65,23.84,3.97,-1.38,45.33,47.4,0.44,0.37,1.44,1.09,45.24,0,normal,
W001749,2026-09-08T01:30:00,node:srvzy,node,2.0,7.57,0.5,1.6,42.87,45.01,-0.61,0.38,1.92,6.6,42.88,0,normal,
W001750,2026-09-08T01:30:00,guest:100_AD-Zentyal,guest,8.57,11.96,2.43,-2.31,67.14,69.28,0.35,0.21,0.39,9.45,35.42,0,normal,
W001751,2026-09-08T01:30:00,guest:101_win11,guest,13.49,20.82,2.57,-0.94,55.8,56.85,0.32,0.41,1.21,3.47,40.26,0,normal,
W001752,2026-09-08T01:30:00,guest:402_NS1,guest,2.0,3.37,2.42,-0.31,35.04,37.69,0.01,0.4,1.39,11.48,37.48,0,normal,
W001757,2026-09-08T02:00:00,guest:101_win11,guest,8.26,17.56,2.19,-2.51,57.83,58.89,0.71,0.53,1.24,6.38,40.64,0,normal,
W001756,2026-09-08T02:00:00,guest:100_AD-Zentyal,guest,11.38,20.4,4.0,0.24,64.11,66.48,-0.14,0.02,0.9,9.14,37.87,0,normal,
W001758,2026-09-08T02:00:00,guest:402_NS1,guest,7.5,14.21,5.39,0.14,34.05,35.11,-0.67,0.24,1.06,5.99,34.87,0,normal,
W001754,2026-09-08T02:00:00,node:dl360-04,node,12.89,13.83,3.48,0.62,48.27,49.59,0.39,0.25,1.03,4.83,46.67,0,normal,
W001753,2026-09-08T02:00:00,node:dl380-01,node,14.62,21.21,0.5,-0.04,54.97,57.57,0.12,0.43,1.67,9.28,43.67,0,normal,
W001755,2026-09-08T02:00:00,node:srvzy,node,2.98,10.67,1.78,-0.82,41.59,42.6,0.35,0.32,0.46,9.09,41.47,0,normal,
W001764,2026-09-08T02:30:00,guest:402_NS1,guest,4.61,10.33,2.25,-1.01,32.44,34.78,0.57,0.49,0.8,7.97,37.71,0,normal,
W001763,2026-09-08T02:30:00,guest:101_win11,guest,4.44,6.79,2.14,1.79,55.8,56.33,-0.1,0.06,0.3,11.0,36.47,0,normal,
W001762,2026-09-08T02:30:00,guest:100_AD-Zentyal,guest,14.57,24.58,2.5,-0.59,62.79,63.81,-0.03,0.3,1.77,6.78,40.54,0,normal,
W001760,2026-09-08T02:30:00,node:dl360-04,node,11.83,14.82,2.39,0.93,50.5,52.53,0.49,0.26,0.74,1.08,45.24,0,normal,
W001759,2026-09-08T02:30:00,node:dl380-01,node,19.31,22.82,3.11,1.12,52.29,53.32,0.62,0.47,1.34,9.41,43.12,0,normal,
W001761,2026-09-08T02:30:00,node:srvzy,node,2.56,14.59,2.94,-0.11,43.1,43.8,-0.05,0.7,1.44,12.34,42.18,0,normal,
W001765,2026-09-08T03:00:00,node:dl380-01,node,15.09,21.63,3.07,0.06,53.93,55.07,0.8,0.09,1.12,6.27,44.07,0,normal,
W001766,2026-09-08T03:00:00,node:dl360-04,node,11.79,21.3,2.39,-1.42,46.1,48.22,-0.64,0.66,1.88,10.65,48.68,0,normal,
W001767,2026-09-08T03:00:00,node:srvzy,node,6.04,9.43,0.5,-0.49,43.25,44.42,-0.08,0.19,1.14,9.03,38.79,0,normal,
W001768,2026-09-08T03:00:00,guest:100_AD-Zentyal,guest,5.56,16.02,3.23,-0.31,66.14,66.78,0.37,0.29,1.33,1.99,36.71,0,normal,
W001769,2026-09-08T03:00:00,guest:101_win11,guest,14.85,20.66,3.76,1.47,54.34,57.17,-0.4,0.31,1.37,2.66,38.28,0,normal,
W001770,2026-09-08T03:00:00,guest:402_NS1,guest,2.5,6.76,3.21,-1.0,31.47,34.51,0.04,0.01,1.15,3.95,35.0,0,normal,
W001775,2026-09-08T03:30:00,guest:101_win11,guest,11.26,17.92,0.67,-0.47,52.92,56.96,0.08,0.33,1.22,6.98,38.57,0,normal,
W001774,2026-09-08T03:30:00,guest:100_AD-Zentyal,guest,11.23,13.99,2.89,0.66,64.31,65.59,0.37,0.04,0.66,4.34,35.21,0,normal,
W001776,2026-09-08T03:30:00,guest:402_NS1,guest,2.0,11.93,3.75,-0.08,32.85,33.96,-0.5,0.4,1.68,7.36,36.99,0,normal,
W001772,2026-09-08T03:30:00,node:dl360-04,node,15.37,20.04,2.44,0.53,45.8,47.04,-0.57,0.35,1.18,3.21,47.33,0,normal,
W001771,2026-09-08T03:30:00,node:dl380-01,node,8.5,17.21,1.64,-1.49,54.22,57.02,-0.31,0.48,2.1,9.21,44.89,0,normal,
W001773,2026-09-08T03:30:00,node:srvzy,node,3.62,7.55,3.28,1.11,38.64,40.87,-0.31,0.26,1.12,6.85,41.58,0,normal,
W001781,2026-09-08T04:00:00,guest:101_win11,guest,15.35,18.87,2.95,1.0,52.5,53.57,0.15,0.08,0.18,4.86,38.14,0,normal,
W001780,2026-09-08T04:00:00,guest:100_AD-Zentyal,guest,15.85,24.5,2.22,0.42,63.97,68.31,0.35,0.47,1.28,4.37,39.48,0,normal,
W001782,2026-09-08T04:00:00,guest:402_NS1,guest,6.95,17.7,2.58,-0.45,30.91,32.53,0.28,0.45,1.36,7.31,39.32,0,normal,
W001778,2026-09-08T04:00:00,node:dl360-04,node,15.04,21.22,0.5,-1.82,47.57,48.73,-0.09,0.58,1.35,1.7,45.21,0,normal,
W001777,2026-09-08T04:00:00,node:dl380-01,node,24.81,33.83,2.11,2.62,51.29,51.82,-0.17,0.15,0.8,8.06,43.35,0,normal,
W001779,2026-09-08T04:00:00,node:srvzy,node,14.06,24.66,3.1,-1.87,40.82,43.2,0.01,0.19,0.84,3.75,39.68,0,normal,
W001783,2026-09-08T04:30:00,node:dl380-01,node,18.34,28.44,1.77,-0.09,52.4,55.2,-0.41,0.24,0.29,7.45,45.27,0,normal,
W001784,2026-09-08T04:30:00,node:dl360-04,node,18.26,26.7,3.34,0.84,49.37,52.05,-0.26,0.26,1.09,4.66,44.05,0,normal,
W001785,2026-09-08T04:30:00,node:srvzy,node,3.75,10.44,3.41,0.01,45.24,46.32,0.18,0.56,1.78,7.64,43.01,0,normal,
W001786,2026-09-08T04:30:00,guest:100_AD-Zentyal,guest,11.27,22.25,3.78,-1.02,63.85,64.3,0.61,0.34,1.68,5.34,34.62,0,normal,
W001787,2026-09-08T04:30:00,guest:101_win11,guest,22.3,28.7,1.5,1.37,59.93,61.73,-0.04,0.35,0.7,3.6,40.07,0,normal,
W001788,2026-09-08T04:30:00,guest:402_NS1,guest,4.61,8.1,2.05,1.29,29.71,31.97,0.98,0.71,1.74,9.62,39.36,0,normal,
W001794,2026-09-08T05:00:00,guest:402_NS1,guest,6.19,14.33,1.51,-1.44,36.26,37.52,0.14,0.26,1.0,10.76,37.75,0,normal,
W001793,2026-09-08T05:00:00,guest:101_win11,guest,18.81,21.3,2.04,1.04,54.37,58.14,-0.09,0.47,1.62,6.01,37.16,0,normal,
W001792,2026-09-08T05:00:00,guest:100_AD-Zentyal,guest,11.69,11.77,3.16,-2.31,63.06,66.17,-0.21,0.12,1.24,5.72,37.27,0,normal,
W001790,2026-09-08T05:00:00,node:dl360-04,node,18.01,23.48,1.66,-0.57,49.06,50.35,0.38,0.39,1.64,4.55,45.63,0,normal,
W001789,2026-09-08T05:00:00,node:dl380-01,node,18.9,27.68,4.29,-1.52,54.62,56.99,0.04,0.3,1.2,7.41,45.56,0,normal,
W001791,2026-09-08T05:00:00,node:srvzy,node,13.32,19.71,2.3,0.84,41.78,42.52,0.55,0.22,1.7,2.46,42.35,0,normal,
W001795,2026-09-08T05:30:00,node:dl380-01,node,18.09,23.29,2.0,-0.8,52.69,56.35,0.28,0.23,1.42,1.7,45.94,0,normal,
W001796,2026-09-08T05:30:00,node:dl360-04,node,20.88,33.59,3.51,0.52,50.91,52.28,-0.16,0.29,1.63,3.9,45.44,0,normal,
W001797,2026-09-08T05:30:00,node:srvzy,node,10.17,18.32,1.8,0.8,43.05,46.25,0.14,0.28,1.78,6.51,43.29,0,normal,
W001798,2026-09-08T05:30:00,guest:100_AD-Zentyal,guest,19.2,27.7,1.5,-1.49,63.05,65.76,0.18,0.74,1.72,5.48,36.18,0,normal,
W001799,2026-09-08T05:30:00,guest:101_win11,guest,18.47,24.46,0.99,0.03,54.79,56.37,0.0,0.12,0.72,4.23,36.8,0,normal,
W001800,2026-09-08T05:30:00,guest:402_NS1,guest,2.82,7.37,1.61,0.7,33.95,37.14,0.75,0.44,1.42,8.69,38.58,0,normal,
W001806,2026-09-08T06:00:00,guest:402_NS1,guest,16.72,21.34,4.5,2.4,30.84,34.31,-0.11,0.19,1.2,4.48,39.25,0,normal,
W001804,2026-09-08T06:00:00,guest:100_AD-Zentyal,guest,8.9,16.83,2.92,1.01,63.51,63.82,0.21,0.3,1.65,7.59,38.43,0,normal,
W001805,2026-09-08T06:00:00,guest:101_win11,guest,17.46,21.67,1.85,-0.12,55.34,57.11,0.78,0.51,1.43,12.16,37.26,0,normal,
W001802,2026-09-08T06:00:00,node:dl360-04,node,13.32,20.8,2.93,1.35,48.41,48.55,-0.13,0.26,0.28,7.64,45.89,0,normal,
W001801,2026-09-08T06:00:00,node:dl380-01,node,21.18,27.09,1.48,1.01,53.94,57.39,0.37,0.17,1.47,0.18,47.4,0,normal,
W001803,2026-09-08T06:00:00,node:srvzy,node,13.27,18.53,4.46,-0.31,41.77,43.56,-0.65,0.26,1.36,9.31,42.06,0,normal,
W001807,2026-09-08T06:30:00,node:dl380-01,node,17.71,24.24,3.84,0.46,53.35,55.89,-0.56,0.13,0.76,9.86,45.11,0,normal,
W001808,2026-09-08T06:30:00,node:dl360-04,node,19.87,25.79,1.71,1.79,47.74,50.16,-0.04,0.41,0.97,10.66,49.57,0,normal,
W001809,2026-09-08T06:30:00,node:srvzy,node,14.47,20.94,2.06,3.39,39.22,42.1,0.13,0.29,1.16,5.97,43.14,0,normal,
W001810,2026-09-08T06:30:00,guest:100_AD-Zentyal,guest,15.11,29.14,3.57,0.62,65.04,68.88,-0.39,0.26,0.3,9.18,39.77,0,normal,
W001811,2026-09-08T06:30:00,guest:101_win11,guest,12.52,22.82,1.78,-0.41,57.22,60.81,-0.34,0.36,1.47,9.21,39.41,0,normal,
W001812,2026-09-08T06:30:00,guest:402_NS1,guest,10.67,15.0,4.19,-0.13,33.56,36.91,-0.25,0.36,0.87,15.06,41.96,0,normal,
W001817,2026-09-08T07:00:00,guest:101_win11,guest,21.06,24.12,3.26,0.7,58.95,61.74,0.62,0.29,1.3,6.5,37.78,0,normal,
W001813,2026-09-08T07:00:00,node:dl380-01,node,22.54,30.1,2.51,-0.42,54.7,56.66,-0.61,0.35,1.14,9.64,45.11,0,normal,
W001814,2026-09-08T07:00:00,node:dl360-04,node,18.67,27.29,3.03,1.68,50.37,52.18,0.25,0.1,1.74,9.53,51.5,0,normal,
W001815,2026-09-08T07:00:00,node:srvzy,node,9.89,12.53,2.87,0.44,42.09,44.28,-0.25,0.0,0.92,4.86,41.16,0,normal,
W001816,2026-09-08T07:00:00,guest:100_AD-Zentyal,guest,14.6,21.89,4.49,1.18,67.06,69.72,0.15,0.8,1.07,7.47,38.72,0,normal,
W001818,2026-09-08T07:00:00,guest:402_NS1,guest,16.11,19.67,3.14,0.64,36.6,36.94,0.36,0.29,0.85,7.95,40.78,0,normal,
W001823,2026-09-08T07:30:00,guest:101_win11,guest,18.08,23.29,3.9,1.77,56.68,57.68,0.53,0.01,0.17,8.2,39.38,0,normal,
W001824,2026-09-08T07:30:00,guest:402_NS1,guest,6.22,12.89,2.77,-0.58,38.14,40.57,0.45,0.01,0.22,10.09,42.01,0,normal,
W001822,2026-09-08T07:30:00,guest:100_AD-Zentyal,guest,12.99,18.32,3.8,1.34,65.96,67.92,0.49,0.29,1.36,11.74,41.92,0,normal,
W001821,2026-09-08T07:30:00,node:srvzy,node,9.92,15.26,3.97,1.62,39.12,40.75,0.77,0.29,1.2,12.09,41.38,0,normal,
W001820,2026-09-08T07:30:00,node:dl360-04,node,15.63,24.02,2.22,1.41,49.74,55.3,-0.19,0.38,0.86,12.1,49.03,0,normal,
W001819,2026-09-08T07:30:00,node:dl380-01,node,25.49,31.11,1.36,-1.28,55.84,56.56,-0.05,0.84,1.82,10.93,43.63,0,normal,
W001825,2026-09-08T08:00:00,node:dl380-01,node,21.47,27.9,1.26,-0.86,55.35,56.85,-0.52,0.03,0.08,11.43,46.9,0,normal,
W001826,2026-09-08T08:00:00,node:dl360-04,node,24.07,27.35,3.51,0.85,50.01,51.86,-0.26,0.34,1.79,13.41,48.62,0,normal,
W001827,2026-09-08T08:00:00,node:srvzy,node,16.89,19.58,3.23,-1.0,43.24,48.21,-0.23,0.88,1.88,7.75,42.81,0,normal,
W001828,2026-09-08T08:00:00,guest:100_AD-Zentyal,guest,26.28,33.76,1.93,-0.24,65.78,67.77,0.14,0.65,1.0,11.93,39.89,0,normal,
W001829,2026-09-08T08:00:00,guest:101_win11,guest,18.25,27.47,1.04,-2.84,58.4,60.27,-0.54,0.04,1.61,11.39,40.03,0,normal,
W001830,2026-09-08T08:00:00,guest:402_NS1,guest,19.68,28.75,4.27,-1.42,32.81,35.43,0.17,0.55,0.7,12.11,41.48,0,normal,
W001836,2026-09-08T08:30:00,guest:402_NS1,guest,7.56,13.27,1.15,-0.18,36.17,39.16,0.19,0.55,1.46,9.3,41.31,0,normal,
W001835,2026-09-08T08:30:00,guest:101_win11,guest,18.77,25.25,2.71,-1.93,57.21,57.97,-0.16,0.14,1.35,13.07,40.84,0,normal,
W001834,2026-09-08T08:30:00,guest:100_AD-Zentyal,guest,19.91,29.61,5.09,1.0,63.02,65.07,0.55,0.25,1.65,9.8,40.5,0,normal,
W001831,2026-09-08T08:30:00,node:dl380-01,node,28.28,33.06,3.02,-0.93,54.47,55.43,-0.3,0.25,0.86,7.72,44.05,0,normal,
W001832,2026-09-08T08:30:00,node:dl360-04,node,28.86,33.36,2.83,-2.11,52.44,54.61,-0.18,0.21,1.36,1.14,47.76,0,normal,
W001833,2026-09-08T08:30:00,node:srvzy,node,14.58,20.19,5.01,-0.41,43.78,47.59,0.27,0.17,0.45,12.24,46.47,0,normal,
W001841,2026-09-08T09:00:00,guest:101_win11,guest,22.62,27.2,1.04,-0.33,58.72,60.61,0.24,0.01,0.74,17.28,42.27,0,normal,
W001842,2026-09-08T09:00:00,guest:402_NS1,guest,16.23,23.4,2.13,-2.1,36.34,36.79,-0.13,0.3,0.92,17.81,43.51,0,normal,
W001840,2026-09-08T09:00:00,guest:100_AD-Zentyal,guest,25.56,28.54,2.65,0.19,66.7,69.88,-0.16,0.5,1.83,16.65,41.53,0,normal,
W001837,2026-09-08T09:00:00,node:dl380-01,node,30.24,34.67,2.88,-0.35,51.9,54.34,-0.52,0.37,0.55,9.14,46.13,0,normal,
W001838,2026-09-08T09:00:00,node:dl360-04,node,28.28,32.68,1.43,0.44,50.13,52.92,-0.4,0.34,2.13,10.58,50.06,0,normal,
W001839,2026-09-08T09:00:00,node:srvzy,node,11.26,14.7,2.96,-0.4,43.62,46.05,-0.53,0.5,0.81,9.0,45.12,0,normal,
W001843,2026-09-08T09:30:00,node:dl380-01,node,30.69,33.91,4.42,0.74,53.82,55.85,0.38,0.18,1.04,12.24,45.13,0,normal,
W001844,2026-09-08T09:30:00,node:dl360-04,node,23.13,26.05,3.37,-1.09,51.04,51.65,-0.45,0.06,0.75,11.84,50.32,0,normal,
W001845,2026-09-08T09:30:00,node:srvzy,node,10.87,16.36,1.75,0.64,42.04,43.96,-0.3,0.64,0.93,10.09,44.94,0,normal,
W001846,2026-09-08T09:30:00,guest:100_AD-Zentyal,guest,19.19,22.9,0.69,-0.83,63.79,67.47,0.91,0.29,0.53,13.51,39.3,0,normal,
W001847,2026-09-08T09:30:00,guest:101_win11,guest,20.15,24.26,2.0,-0.43,56.15,57.45,0.41,0.29,1.14,4.6,42.2,0,normal,
W001848,2026-09-08T09:30:00,guest:402_NS1,guest,11.67,21.04,2.65,-0.67,32.5,36.67,0.32,0.47,2.0,11.97,42.81,0,normal,
W001853,2026-09-08T10:00:00,guest:101_win11,guest,27.31,31.97,2.59,-0.35,61.34,65.44,-0.48,0.11,1.13,15.71,44.44,0,normal,
W001854,2026-09-08T10:00:00,guest:402_NS1,guest,18.58,28.77,4.16,1.76,37.59,38.3,-0.0,0.36,1.12,12.39,43.85,0,normal,
W001852,2026-09-08T10:00:00,guest:100_AD-Zentyal,guest,20.68,23.43,1.15,-0.9,63.74,67.34,-0.6,0.33,1.3,13.57,42.17,0,normal,
W001851,2026-09-08T10:00:00,node:srvzy,node,20.61,23.59,2.82,-1.89,44.99,47.52,0.65,0.08,1.33,15.31,45.23,0,normal,
W001850,2026-09-08T10:00:00,node:dl360-04,node,28.98,35.84,3.95,0.62,50.0,51.94,-0.14,0.4,1.22,10.61,50.51,0,normal,
W001849,2026-09-08T10:00:00,node:dl380-01,node,27.32,35.54,1.87,-0.6,56.17,56.91,0.13,0.24,0.24,11.13,46.98,0,normal,
W001855,2026-09-08T10:30:00,node:dl380-01,node,26.35,34.75,2.82,-1.03,54.06,54.36,0.19,0.29,0.76,6.87,48.15,0,normal,
W001856,2026-09-08T10:30:00,node:dl360-04,node,25.39,29.25,1.54,-0.29,51.85,53.52,-0.48,0.29,1.51,12.62,50.6,0,normal,
W001857,2026-09-08T10:30:00,node:srvzy,node,17.86,21.19,1.58,-1.99,45.13,47.59,0.03,0.36,1.29,10.3,45.01,0,normal,
W001858,2026-09-08T10:30:00,guest:100_AD-Zentyal,guest,20.34,33.87,3.52,0.2,68.46,71.7,-0.55,0.26,1.05,14.33,41.16,0,normal,
W001859,2026-09-08T10:30:00,guest:101_win11,guest,23.66,28.27,3.55,-1.73,58.23,58.39,-0.41,0.36,1.3,11.56,43.19,0,normal,
W001860,2026-09-08T10:30:00,guest:402_NS1,guest,20.74,26.53,2.75,-0.54,37.13,37.93,0.72,0.53,0.85,10.13,42.13,0,normal,
W001865,2026-09-08T11:00:00,guest:101_win11,guest,25.93,32.24,3.15,-1.65,54.83,57.75,-0.43,0.18,0.25,16.6,42.65,0,normal,
W001864,2026-09-08T11:00:00,guest:100_AD-Zentyal,guest,22.37,26.52,3.86,1.17,66.91,69.68,-0.46,0.28,1.6,11.5,40.62,0,normal,
W001866,2026-09-08T11:00:00,guest:402_NS1,guest,18.74,25.65,0.5,-1.18,35.6,36.85,-0.11,0.35,1.55,9.09,42.11,0,normal,
W001862,2026-09-08T11:00:00,node:dl360-04,node,29.92,32.35,0.7,-0.05,53.9,56.29,0.68,0.56,1.37,17.09,53.41,0,normal,
W001861,2026-09-08T11:00:00,node:dl380-01,node,29.47,37.11,2.14,1.83,56.43,60.85,0.24,0.03,1.66,16.83,48.69,0,normal,
W001863,2026-09-08T11:00:00,node:srvzy,node,20.38,25.73,2.64,-2.89,43.92,46.64,0.06,0.37,1.15,7.54,48.62,0,normal,
W001871,2026-09-08T11:30:00,guest:101_win11,guest,23.32,33.05,2.18,1.7,58.83,60.81,-0.06,0.35,0.98,13.82,44.42,0,normal,
W001870,2026-09-08T11:30:00,guest:100_AD-Zentyal,guest,18.74,19.73,1.8,-1.3,66.9,67.1,-0.18,0.27,1.05,14.73,41.63,0,normal,
W001872,2026-09-08T11:30:00,guest:402_NS1,guest,21.33,30.5,1.16,-1.42,36.81,39.58,-0.21,0.16,1.52,15.59,43.71,0,normal,
W001868,2026-09-08T11:30:00,node:dl360-04,node,24.18,31.93,3.77,-0.79,50.1,51.34,-0.67,0.7,1.32,10.96,49.43,0,normal,
W001867,2026-09-08T11:30:00,node:dl380-01,node,33.15,36.38,2.31,0.56,56.43,59.11,0.04,0.24,0.57,14.28,48.27,0,normal,
W001869,2026-09-08T11:30:00,node:srvzy,node,19.3,23.21,3.94,-1.5,40.64,43.2,-0.04,0.26,1.28,13.95,46.05,0,normal,
W001873,2026-09-08T12:00:00,node:dl380-01,node,30.38,34.82,3.45,-0.32,55.63,56.72,-0.2,0.48,0.67,16.22,47.54,0,normal,
W001874,2026-09-08T12:00:00,node:dl360-04,node,28.19,33.75,2.28,-0.34,50.93,52.36,0.53,0.31,1.05,12.4,50.99,0,normal,
W001875,2026-09-08T12:00:00,node:srvzy,node,19.68,27.98,1.75,-2.7,43.84,45.56,-0.23,0.48,0.78,19.06,48.18,0,normal,
W001876,2026-09-08T12:00:00,guest:100_AD-Zentyal,guest,22.73,27.38,3.0,0.64,65.59,65.97,0.85,0.49,1.35,14.86,43.53,0,normal,
W001877,2026-09-08T12:00:00,guest:101_win11,guest,29.52,29.78,2.15,-0.55,59.44,62.21,-0.72,0.03,0.56,14.79,43.85,0,normal,
W001878,2026-09-08T12:00:00,guest:402_NS1,guest,24.64,29.78,3.33,0.85,37.71,39.68,-0.16,0.09,0.43,15.37,42.52,0,normal,
W001883,2026-09-08T12:30:00,guest:101_win11,guest,27.9,33.2,1.64,-0.29,59.14,61.92,0.29,0.19,0.97,15.16,43.24,0,normal,
W001882,2026-09-08T12:30:00,guest:100_AD-Zentyal,guest,23.49,24.28,2.1,-0.69,68.43,70.37,0.05,0.3,0.35,8.34,42.12,0,normal,
W001884,2026-09-08T12:30:00,guest:402_NS1,guest,24.71,30.63,3.67,-1.39,35.58,35.72,0.06,0.43,0.65,14.89,43.5,0,normal,
W001880,2026-09-08T12:30:00,node:dl360-04,node,23.43,29.76,1.14,1.29,51.57,52.99,0.46,0.09,0.59,8.84,53.56,0,normal,
W001879,2026-09-08T12:30:00,node:dl380-01,node,30.47,38.47,2.3,-1.1,56.25,59.07,-0.41,0.34,1.12,12.05,48.16,0,normal,
W001881,2026-09-08T12:30:00,node:srvzy,node,28.48,29.46,1.68,0.08,42.8,44.77,-0.05,0.38,0.8,14.91,44.92,0,normal,
W001885,2026-09-08T13:00:00,node:dl380-01,node,34.64,37.06,3.27,0.01,58.0,59.87,0.15,0.52,1.24,15.68,50.77,0,normal,
W001886,2026-09-08T13:00:00,node:dl360-04,node,29.26,31.88,3.18,1.72,54.25,56.97,-0.94,0.17,0.74,14.96,54.43,0,normal,
W001887,2026-09-08T13:00:00,node:srvzy,node,18.95,31.67,2.12,-0.92,45.45,48.38,0.26,0.15,1.15,11.73,45.7,0,normal,
W001888,2026-09-08T13:00:00,guest:100_AD-Zentyal,guest,25.4,28.94,3.55,-0.69,66.54,67.65,0.42,0.17,1.42,18.04,42.23,0,normal,
W001889,2026-09-08T13:00:00,guest:101_win11,guest,27.83,32.41,3.05,-0.23,59.18,61.23,-0.63,0.28,1.34,15.24,44.33,0,normal,
W001890,2026-09-08T13:00:00,guest:402_NS1,guest,18.41,23.03,1.38,-0.49,40.47,42.75,-0.23,0.1,0.26,12.34,44.04,0,normal,
W001895,2026-09-08T13:30:00,guest:101_win11,guest,31.04,39.46,3.09,-0.39,59.73,62.7,-0.39,0.09,0.73,16.8,41.6,0,normal,
W001894,2026-09-08T13:30:00,guest:100_AD-Zentyal,guest,28.58,34.42,3.32,0.76,68.45,69.97,0.16,0.45,0.63,19.93,46.3,0,normal,
W001896,2026-09-08T13:30:00,guest:402_NS1,guest,18.94,24.62,1.49,-2.93,35.08,37.35,0.19,0.4,1.44,12.95,41.64,0,normal,
W001892,2026-09-08T13:30:00,node:dl360-04,node,29.2,33.26,3.04,1.27,52.52,53.65,-0.26,0.42,1.51,15.25,52.09,0,normal,
W001891,2026-09-08T13:30:00,node:dl380-01,node,31.23,34.36,1.65,0.78,56.79,58.16,-0.12,0.74,2.03,19.24,46.27,0,normal,
W001893,2026-09-08T13:30:00,node:srvzy,node,22.9,29.71,3.22,0.76,43.97,45.93,-0.03,0.14,0.63,16.46,45.83,0,normal,
W001901,2026-09-08T14:00:00,guest:101_win11,guest,30.85,39.96,3.58,1.77,60.53,63.76,0.65,0.08,0.63,10.51,44.59,0,normal,
W001900,2026-09-08T14:00:00,guest:100_AD-Zentyal,guest,25.18,28.46,3.09,0.29,66.22,68.26,-0.09,0.53,1.15,16.91,41.94,0,normal,
W001902,2026-09-08T14:00:00,guest:402_NS1,guest,14.72,15.38,1.4,-2.09,37.49,38.41,-0.68,0.29,1.1,9.39,41.93,0,normal,
W001898,2026-09-08T14:00:00,node:dl360-04,node,33.13,42.52,2.01,0.7,52.5,54.9,0.32,0.4,1.15,17.5,53.67,0,normal,
W001897,2026-09-08T14:00:00,node:dl380-01,node,34.31,39.68,3.41,0.46,59.31,60.85,0.43,0.71,1.53,16.5,47.6,0,normal,
W001899,2026-09-08T14:00:00,node:srvzy,node,21.06,27.05,0.73,0.7,46.2,47.94,0.05,0.26,0.9,15.7,45.82,0,normal,
W001903,2026-09-08T14:30:00,node:dl380-01,node,32.74,37.67,2.17,1.42,60.86,62.55,-0.53,0.25,1.13,14.84,49.92,0,normal,
W001904,2026-09-08T14:30:00,node:dl360-04,node,37.74,38.6,1.99,1.85,51.06,53.85,0.25,0.55,2.11,16.0,49.38,0,normal,
W001905,2026-09-08T14:30:00,node:srvzy,node,20.55,33.11,1.09,0.6,39.47,40.12,0.35,0.31,0.96,12.56,44.01,0,normal,
W001906,2026-09-08T14:30:00,guest:100_AD-Zentyal,guest,28.43,33.58,0.98,0.04,68.05,69.85,0.05,0.31,0.82,15.16,44.1,0,normal,
W001907,2026-09-08T14:30:00,guest:101_win11,guest,31.62,39.99,1.82,0.76,60.84,62.13,-0.19,0.44,1.79,9.56,45.46,0,normal,
W001908,2026-09-08T14:30:00,guest:402_NS1,guest,24.07,30.67,2.26,0.47,35.85,37.67,-0.59,0.05,1.78,15.19,43.31,0,normal,
W001913,2026-09-08T15:00:00,guest:101_win11,guest,28.31,32.69,2.46,0.41,59.92,62.78,0.13,0.4,1.89,17.31,45.51,0,normal,
W001914,2026-09-08T15:00:00,guest:402_NS1,guest,17.38,18.6,2.36,-0.27,39.56,40.43,-0.03,0.38,1.22,14.32,43.44,0,normal,
W001912,2026-09-08T15:00:00,guest:100_AD-Zentyal,guest,24.84,25.39,1.44,-0.88,69.73,72.44,-0.14,0.39,0.41,13.13,43.5,0,normal,
W001911,2026-09-08T15:00:00,node:srvzy,node,17.09,22.83,0.61,0.32,42.78,45.6,-0.01,0.57,1.2,10.02,47.25,0,normal,
W001910,2026-09-08T15:00:00,node:dl360-04,node,29.14,39.58,1.56,-2.25,52.93,54.3,-0.43,0.48,1.22,11.04,54.8,0,normal,
W001909,2026-09-08T15:00:00,node:dl380-01,node,32.62,36.14,2.19,0.11,56.58,57.83,0.19,0.34,1.29,16.94,48.64,0,normal,
W001915,2026-09-08T15:30:00,node:dl380-01,node,36.5,47.11,2.53,-0.98,59.69,60.62,0.72,0.57,1.96,16.89,45.73,0,normal,
W001916,2026-09-08T15:30:00,node:dl360-04,node,26.09,33.01,1.82,-0.38,53.03,54.86,-0.49,0.48,1.48,14.08,52.96,0,normal,
W001917,2026-09-08T15:30:00,node:srvzy,node,23.06,33.05,2.65,1.59,40.56,43.02,-0.16,0.13,1.39,17.5,43.89,0,normal,
W001918,2026-09-08T15:30:00,guest:100_AD-Zentyal,guest,28.23,36.01,1.78,-1.0,64.07,65.73,-0.07,0.46,1.37,11.65,43.26,0,normal,
W001919,2026-09-08T15:30:00,guest:101_win11,guest,26.84,30.03,0.91,0.75,60.74,63.29,-0.29,0.33,0.58,11.87,42.95,0,normal,
W001920,2026-09-08T15:30:00,guest:402_NS1,guest,20.65,21.76,1.44,-0.44,38.66,39.84,0.06,0.35,1.05,15.63,40.88,0,normal,
W001925,2026-09-08T16:00:00,guest:101_win11,guest,30.7,37.37,1.45,0.85,61.03,61.22,0.57,0.2,1.41,12.43,43.66,0,normal,
W001924,2026-09-08T16:00:00,guest:100_AD-Zentyal,guest,15.31,26.15,2.83,1.6,64.62,64.86,0.71,0.11,0.79,15.91,43.76,0,normal,
W001926,2026-09-08T16:00:00,guest:402_NS1,guest,20.71,26.6,2.95,-0.1,38.02,42.2,-0.54,0.34,0.97,12.88,42.03,0,normal,
W001922,2026-09-08T16:00:00,node:dl360-04,node,30.25,37.32,2.48,-1.44,46.87,50.15,-0.25,0.07,1.05,15.59,52.75,0,normal,
W001921,2026-09-08T16:00:00,node:dl380-01,node,29.63,39.94,4.0,1.01,58.71,58.89,-0.38,0.24,2.0,13.39,49.72,0,normal,
W001923,2026-09-08T16:00:00,node:srvzy,node,25.83,29.08,1.63,-0.38,45.21,45.31,0.05,0.49,1.64,16.46,48.19,0,normal,
W001931,2026-09-08T16:30:00,guest:101_win11,guest,23.96,29.25,4.01,0.65,59.44,60.41,-0.29,0.3,1.21,16.03,43.18,0,normal,
W001930,2026-09-08T16:30:00,guest:100_AD-Zentyal,guest,19.98,24.63,2.71,0.77,66.69,68.93,-0.5,0.12,0.89,15.86,42.95,0,normal,
W001932,2026-09-08T16:30:00,guest:402_NS1,guest,17.63,22.1,4.55,-0.67,34.41,34.77,-0.14,0.49,1.06,18.76,42.59,0,normal,
W001928,2026-09-08T16:30:00,node:dl360-04,node,31.03,39.7,0.79,-0.22,49.81,52.38,0.29,0.25,0.75,16.12,51.4,0,normal,
W001927,2026-09-08T16:30:00,node:dl380-01,node,28.69,37.3,1.12,0.54,57.88,60.2,0.19,0.49,1.31,13.29,49.33,0,normal,
W001929,2026-09-08T16:30:00,node:srvzy,node,26.92,38.24,3.5,0.28,47.02,49.26,-0.19,0.16,0.68,14.31,47.29,0,normal,
W001933,2026-09-08T17:00:00,node:dl380-01,node,34.54,38.27,1.76,0.11,57.28,59.1,0.12,0.42,0.65,12.51,47.34,0,normal,
W001934,2026-09-08T17:00:00,node:dl360-04,node,26.01,33.23,2.0,-2.41,50.99,51.92,0.2,0.46,0.53,11.21,51.65,0,normal,
W001935,2026-09-08T17:00:00,node:srvzy,node,15.73,24.07,3.55,-0.19,42.02,42.33,0.33,0.7,2.22,12.95,44.48,0,normal,
W001936,2026-09-08T17:00:00,guest:100_AD-Zentyal,guest,26.59,32.21,2.98,0.36,66.58,69.61,0.43,0.2,0.63,6.04,41.6,0,normal,
W001937,2026-09-08T17:00:00,guest:101_win11,guest,21.83,29.09,2.16,-0.27,60.88,63.27,-0.05,0.64,1.73,12.29,41.56,0,normal,
W001938,2026-09-08T17:00:00,guest:402_NS1,guest,20.42,27.02,1.38,1.07,38.68,41.86,0.62,0.71,2.21,14.56,41.81,0,normal,
W001943,2026-09-08T17:30:00,guest:101_win11,guest,24.55,30.41,2.41,1.35,62.72,64.24,-0.45,0.38,1.83,12.33,43.4,0,normal,
W001942,2026-09-08T17:30:00,guest:100_AD-Zentyal,guest,22.44,31.64,3.49,-1.97,63.9,67.93,0.37,0.05,0.22,14.16,40.41,0,normal,
W001944,2026-09-08T17:30:00,guest:402_NS1,guest,14.73,20.79,1.34,0.01,36.2,38.81,0.71,0.22,0.22,12.93,42.57,0,normal,
W001940,2026-09-08T17:30:00,node:dl360-04,node,33.65,38.52,2.68,0.26,52.58,55.12,0.57,0.17,1.13,15.0,50.77,0,normal,
W001939,2026-09-08T17:30:00,node:dl380-01,node,24.25,30.29,3.02,0.05,53.02,54.73,0.26,0.09,0.96,14.83,49.8,0,normal,
W001941,2026-09-08T17:30:00,node:srvzy,node,12.73,18.55,1.79,2.01,44.09,45.29,-0.82,0.42,1.5,12.89,47.03,0,normal,
W001945,2026-09-08T18:00:00,node:dl380-01,node,29.71,35.23,3.99,0.16,55.81,57.03,-0.7,0.37,1.26,9.32,47.43,0,normal,
W001946,2026-09-08T18:00:00,node:dl360-04,node,25.5,29.62,1.71,0.49,50.59,52.0,-0.34,0.27,1.44,13.12,50.14,0,normal,
W001947,2026-09-08T18:00:00,node:srvzy,node,20.08,30.17,2.99,0.31,44.15,45.99,0.07,0.2,0.38,13.53,46.02,0,normal,
W001948,2026-09-08T18:00:00,guest:100_AD-Zentyal,guest,20.99,30.1,1.78,-2.13,64.75,65.2,0.14,0.15,1.34,15.39,40.11,0,normal,
W001949,2026-09-08T18:00:00,guest:101_win11,guest,21.17,28.77,3.48,-2.42,59.51,59.7,-0.22,0.52,2.52,11.78,39.63,0,normal,
W001950,2026-09-08T18:00:00,guest:402_NS1,guest,14.2,20.4,1.83,-1.11,35.23,37.63,-0.07,0.12,0.66,11.26,40.0,0,normal,
W001955,2026-09-08T18:30:00,guest:101_win11,guest,23.13,32.43,2.11,1.08,58.55,61.01,0.96,0.49,1.48,10.18,41.78,0,normal,
W001954,2026-09-08T18:30:00,guest:100_AD-Zentyal,guest,21.75,25.77,1.45,-0.17,68.71,71.4,0.07,0.62,1.98,13.5,45.66,0,normal,
W001956,2026-09-08T18:30:00,guest:402_NS1,guest,12.47,21.13,3.36,-0.22,38.99,42.52,0.06,0.41,0.98,11.68,39.88,0,normal,
W001952,2026-09-08T18:30:00,node:dl360-04,node,25.75,31.18,1.02,1.69,52.19,53.44,0.08,0.49,1.32,17.17,54.88,0,normal,
W001951,2026-09-08T18:30:00,node:dl380-01,node,26.52,34.46,2.27,-2.1,57.84,60.26,-0.55,0.23,0.71,14.53,46.94,0,normal,
W001953,2026-09-08T18:30:00,node:srvzy,node,18.56,22.81,1.51,-2.66,45.25,46.89,0.35,0.52,0.88,9.71,48.12,0,normal,
W001961,2026-09-08T19:00:00,guest:101_win11,guest,15.86,18.93,1.77,0.26,57.09,60.61,0.2,0.16,1.36,10.11,39.89,0,normal,
W001960,2026-09-08T19:00:00,guest:100_AD-Zentyal,guest,17.25,21.08,3.82,-1.16,63.83,64.71,1.1,0.27,1.28,7.87,42.22,0,normal,
W001962,2026-09-08T19:00:00,guest:402_NS1,guest,17.21,18.56,3.23,-0.86,34.23,38.19,-0.21,0.49,1.4,12.44,40.4,0,normal,
W001958,2026-09-08T19:00:00,node:dl360-04,node,15.55,19.1,3.33,-0.84,49.12,53.15,0.15,0.49,1.48,11.78,51.67,0,normal,
W001957,2026-09-08T19:00:00,node:dl380-01,node,25.4,31.08,0.84,0.69,57.36,59.35,-1.08,0.25,0.49,9.47,48.95,0,normal,
W001959,2026-09-08T19:00:00,node:srvzy,node,23.74,24.69,2.46,-0.05,41.74,44.73,0.1,0.69,1.93,15.39,42.98,0,normal,
W001963,2026-09-08T19:30:00,node:dl380-01,node,26.01,36.6,3.43,-0.6,53.64,55.05,0.39,0.54,1.56,6.44,47.91,0,normal,
W001964,2026-09-08T19:30:00,node:dl360-04,node,28.63,35.15,4.48,-1.59,51.75,52.73,0.42,0.42,1.94,12.79,49.17,0,normal,
W001965,2026-09-08T19:30:00,node:srvzy,node,15.35,20.6,1.99,1.62,44.81,45.32,0.02,0.31,0.8,12.61,46.97,0,normal,
W001966,2026-09-08T19:30:00,guest:100_AD-Zentyal,guest,23.19,33.23,1.78,0.04,64.14,66.38,0.13,0.49,1.82,13.36,39.49,0,normal,
W001967,2026-09-08T19:30:00,guest:101_win11,guest,17.34,24.9,4.0,-0.03,55.77,59.85,0.2,0.33,0.67,11.34,41.81,0,normal,
W001968,2026-09-08T19:30:00,guest:402_NS1,guest,15.83,19.79,2.44,-0.74,38.51,41.41,-0.21,0.07,0.98,9.82,40.15,0,normal,
W001973,2026-09-08T20:00:00,guest:101_win11,guest,17.76,25.52,2.64,-0.66,56.59,59.21,-0.09,0.45,1.6,9.06,41.42,0,normal,
W001972,2026-09-08T20:00:00,guest:100_AD-Zentyal,guest,16.07,23.14,1.67,-1.82,65.64,67.53,-0.05,0.4,1.47,9.52,38.32,0,normal,
W001974,2026-09-08T20:00:00,guest:402_NS1,guest,12.48,19.29,0.5,-1.17,33.35,35.03,0.05,0.33,1.25,7.95,41.04,0,normal,
W001970,2026-09-08T20:00:00,node:dl360-04,node,22.99,23.04,1.48,-0.81,50.8,51.74,0.06,0.03,0.84,11.11,51.19,0,normal,
W001971,2026-09-08T20:00:00,node:srvzy,node,15.86,19.41,3.99,-0.22,43.39,44.78,0.04,0.14,1.07,12.41,43.26,0,normal,
W001969,2026-09-08T20:00:00,node:dl380-01,node,21.03,23.99,2.66,-0.32,59.49,62.09,-0.46,0.01,0.97,8.81,48.0,0,normal,
W001975,2026-09-08T20:30:00,node:dl380-01,node,31.33,36.27,1.84,-0.82,55.15,56.63,-0.69,0.01,1.22,13.85,48.4,0,normal,
W001976,2026-09-08T20:30:00,node:dl360-04,node,22.79,25.82,2.06,-1.79,47.25,49.5,0.22,0.69,1.46,5.93,48.82,0,normal,
W001977,2026-09-08T20:30:00,node:srvzy,node,14.01,18.54,2.84,-1.46,42.24,44.89,0.57,0.36,1.58,8.67,43.54,0,normal,
W001978,2026-09-08T20:30:00,guest:100_AD-Zentyal,guest,22.72,24.6,2.1,1.35,64.62,66.33,-0.11,0.32,1.56,12.77,40.02,0,normal,
W001979,2026-09-08T20:30:00,guest:101_win11,guest,23.82,30.85,3.36,-1.23,61.13,63.35,-1.1,0.63,1.43,8.81,39.09,0,normal,
W001980,2026-09-08T20:30:00,guest:402_NS1,guest,13.54,16.87,1.92,-0.66,34.47,35.96,0.34,0.35,1.31,11.83,39.86,0,normal,
W001981,2026-09-08T21:00:00,node:dl380-01,node,19.36,30.77,3.43,1.94,56.34,57.88,-0.94,0.05,1.11,8.4,44.59,0,normal,
W001982,2026-09-08T21:00:00,node:dl360-04,node,11.2,17.16,1.42,-0.87,51.01,51.98,-0.37,0.34,1.49,7.5,50.42,0,normal,
W001983,2026-09-08T21:00:00,node:srvzy,node,8.45,10.09,0.96,-1.98,42.09,43.11,-0.56,0.38,1.51,11.86,44.54,0,normal,
W001984,2026-09-08T21:00:00,guest:100_AD-Zentyal,guest,12.72,19.54,3.0,-0.57,64.78,65.53,-0.25,0.37,1.78,12.16,40.21,0,normal,
W001985,2026-09-08T21:00:00,guest:101_win11,guest,18.21,23.98,1.05,-1.0,56.04,58.61,0.38,0.45,1.72,8.92,37.75,0,normal,
W001986,2026-09-08T21:00:00,guest:402_NS1,guest,9.75,13.58,3.16,-0.43,34.31,37.0,-0.3,0.49,0.75,9.63,39.09,0,normal,
W001992,2026-09-08T21:30:00,guest:402_NS1,guest,12.17,16.47,2.39,0.44,33.0,34.49,0.19,0.19,1.38,5.75,37.74,0,normal,
W001990,2026-09-08T21:30:00,guest:100_AD-Zentyal,guest,16.98,24.83,2.22,1.07,63.05,64.65,-0.12,0.19,0.22,8.63,39.05,0,normal,
W001991,2026-09-08T21:30:00,guest:101_win11,guest,21.7,23.85,1.86,1.44,58.01,60.56,0.18,0.39,1.92,8.98,37.71,0,normal,
W001989,2026-09-08T21:30:00,node:srvzy,node,13.55,16.43,2.61,-2.11,42.52,43.42,0.47,0.19,1.66,3.79,41.42,0,normal,
W001987,2026-09-08T21:30:00,node:dl380-01,node,25.83,27.7,0.97,0.9,53.78,55.69,-0.26,0.48,1.4,9.43,43.47,0,normal,
W001988,2026-09-08T21:30:00,node:dl360-04,node,21.68,24.71,1.84,-1.64,49.2,52.27,0.09,0.21,1.06,9.02,48.32,0,normal,
W001993,2026-09-08T22:00:00,node:dl380-01,node,27.67,29.08,2.47,2.22,53.95,57.3,0.26,0.3,1.05,1.14,44.02,0,normal,
W001994,2026-09-08T22:00:00,node:dl360-04,node,18.81,25.51,4.97,0.34,50.13,53.3,0.22,0.28,1.05,6.45,48.17,0,normal,
W001995,2026-09-08T22:00:00,node:srvzy,node,10.4,18.28,1.49,0.18,43.79,45.57,0.74,0.33,1.11,7.85,42.03,0,normal,
W001996,2026-09-08T22:00:00,guest:100_AD-Zentyal,guest,7.07,15.71,4.69,0.58,64.97,66.79,0.46,0.29,1.2,2.8,37.71,0,normal,
W001997,2026-09-08T22:00:00,guest:101_win11,guest,17.29,26.01,3.43,-1.9,54.34,56.92,-0.3,0.48,0.63,7.2,38.45,0,normal,
W001998,2026-09-08T22:00:00,guest:402_NS1,guest,9.68,12.59,0.53,0.21,34.95,37.96,-0.14,0.46,1.45,11.47,38.42,0,normal,
W001999,2026-09-08T22:30:00,node:dl380-01,node,14.95,20.74,2.59,0.62,51.24,52.93,0.35,0.28,0.96,13.22,42.89,0,normal,
W002000,2026-09-08T22:30:00,node:dl360-04,node,22.32,31.38,2.27,-0.04,48.93,51.12,-0.24,0.21,0.87,6.53,47.03,0,normal,
W002001,2026-09-08T22:30:00,node:srvzy,node,3.16,9.45,1.97,-2.24,40.37,41.99,0.51,0.19,1.26,11.65,41.56,0,normal,
W002002,2026-09-08T22:30:00,guest:100_AD-Zentyal,guest,13.83,25.02,2.73,0.45,63.27,65.95,-0.02,0.07,0.72,3.95,38.67,0,normal,
W002003,2026-09-08T22:30:00,guest:101_win11,guest,12.79,20.23,2.54,-1.5,56.11,58.73,0.46,0.12,0.48,13.35,38.49,0,normal,
W002004,2026-09-08T22:30:00,guest:402_NS1,guest,8.32,12.1,2.72,2.06,34.46,37.52,0.01,0.09,0.62,4.15,38.83,0,normal,
W002008,2026-09-08T23:00:00,guest:100_AD-Zentyal,guest,15.78,21.19,4.11,1.02,63.66,65.92,-0.05,0.31,1.09,7.61,40.49,0,normal,
W002007,2026-09-08T23:00:00,node:srvzy,node,13.22,17.77,2.63,-2.47,40.2,41.1,-0.39,0.78,1.68,10.14,43.16,0,normal,
W002009,2026-09-08T23:00:00,guest:101_win11,guest,10.12,19.55,2.13,1.52,55.99,58.4,-0.06,0.05,1.54,3.64,38.0,0,normal,
W002005,2026-09-08T23:00:00,node:dl380-01,node,23.63,30.11,2.19,-0.95,54.23,54.99,-0.45,0.48,1.17,5.57,43.63,0,normal,
W002006,2026-09-08T23:00:00,node:dl360-04,node,18.88,25.38,1.76,-0.85,48.23,50.54,-0.01,0.28,1.09,6.36,45.71,0,normal,
W002010,2026-09-08T23:00:00,guest:402_NS1,guest,2.66,4.65,2.3,-0.71,31.48,33.45,-0.59,0.33,1.07,0.98,37.09,0,normal,
W002016,2026-09-08T23:30:00,guest:402_NS1,guest,4.83,17.05,2.68,2.55,32.83,36.36,0.05,0.47,0.78,7.51,36.27,0,normal,
W002015,2026-09-08T23:30:00,guest:101_win11,guest,4.97,10.62,3.3,-0.29,55.52,57.23,0.49,0.29,1.83,4.75,38.2,0,normal,
W002014,2026-09-08T23:30:00,guest:100_AD-Zentyal,guest,12.87,19.6,2.48,-1.36,65.92,67.34,0.37,0.53,1.57,4.39,37.37,0,normal,
W002013,2026-09-08T23:30:00,node:srvzy,node,8.21,15.85,2.88,-0.54,42.52,43.92,0.48,0.56,1.78,5.92,45.7,0,normal,
W002012,2026-09-08T23:30:00,node:dl360-04,node,17.95,20.71,2.34,0.54,44.26,45.72,0.17,0.35,0.94,3.15,47.82,0,normal,
W002011,2026-09-08T23:30:00,node:dl380-01,node,20.98,23.79,3.01,0.52,51.75,53.74,0.33,0.12,0.84,9.92,42.59,0,normal,
W002017,2026-09-09T00:00:00,node:dl380-01,node,18.97,20.42,2.41,1.31,54.25,55.02,-0.76,0.4,1.83,2.78,46.55,0,normal,
W002018,2026-09-09T00:00:00,node:dl360-04,node,15.05,15.17,0.94,0.92,48.5,51.98,-0.48,0.32,1.13,5.24,45.83,0,normal,
W002019,2026-09-09T00:00:00,node:srvzy,node,6.8,13.33,2.8,0.3,42.44,43.24,-0.72,0.5,0.93,4.53,40.48,0,normal,
W002020,2026-09-09T00:00:00,guest:100_AD-Zentyal,guest,8.85,10.48,1.93,0.78,63.26,65.77,-0.2,0.48,1.08,0.66,37.88,0,normal,
W002021,2026-09-09T00:00:00,guest:101_win11,guest,15.76,20.08,3.7,-1.02,57.48,61.22,0.01,0.25,1.01,10.55,38.01,0,normal,
W002022,2026-09-09T00:00:00,guest:402_NS1,guest,12.58,19.41,1.85,-0.7,33.38,33.42,-0.19,0.21,1.11,11.5,37.48,0,normal,
W002027,2026-09-09T00:30:00,guest:101_win11,guest,13.38,17.52,2.92,0.8,56.99,59.06,0.12,0.06,0.85,3.28,38.95,0,normal,
W002026,2026-09-09T00:30:00,guest:100_AD-Zentyal,guest,12.23,16.31,2.21,1.27,59.16,60.8,0.29,0.07,1.04,6.8,35.22,0,normal,
W002028,2026-09-09T00:30:00,guest:402_NS1,guest,7.46,15.5,4.21,-0.4,32.28,33.93,-0.64,0.0,1.05,1.48,35.79,0,normal,
W002024,2026-09-09T00:30:00,node:dl360-04,node,14.08,15.74,3.09,1.68,47.54,51.1,-0.66,0.06,0.8,4.56,45.4,0,normal,
W002023,2026-09-09T00:30:00,node:dl380-01,node,11.34,14.6,2.76,0.11,56.19,59.15,0.37,0.26,1.5,2.98,44.85,0,normal,
W002025,2026-09-09T00:30:00,node:srvzy,node,8.54,12.95,2.14,0.33,39.07,40.96,-0.26,0.06,1.16,10.79,43.0,0,normal,
W002033,2026-09-09T01:00:00,guest:101_win11,guest,6.27,11.96,4.13,0.84,56.83,57.78,-0.29,0.57,1.56,7.84,37.21,0,normal,
W002032,2026-09-09T01:00:00,guest:100_AD-Zentyal,guest,8.25,10.85,4.16,-0.57,63.12,65.21,0.44,0.11,1.38,1.33,38.85,0,normal,
W002034,2026-09-09T01:00:00,guest:402_NS1,guest,3.29,11.59,2.76,-0.2,30.52,33.48,0.18,0.18,1.45,5.9,37.5,0,normal,
W002030,2026-09-09T01:00:00,node:dl360-04,node,20.82,27.19,2.28,0.1,49.64,50.94,-0.21,0.43,0.62,8.14,43.69,0,normal,
W002029,2026-09-09T01:00:00,node:dl380-01,node,16.92,21.68,3.39,0.07,51.63,54.6,0.29,0.02,0.92,3.03,41.99,0,normal,
W002031,2026-09-09T01:00:00,node:srvzy,node,6.41,7.62,1.44,1.56,41.95,45.1,-0.58,0.09,1.03,7.32,39.9,0,normal,
W002035,2026-09-09T01:30:00,node:dl380-01,node,20.37,28.37,2.79,-0.23,56.64,57.9,0.3,0.28,1.27,8.87,42.63,0,normal,
W002036,2026-09-09T01:30:00,node:dl360-04,node,16.38,23.18,1.86,1.51,49.35,50.91,0.44,0.13,0.92,3.88,47.23,0,normal,
W002037,2026-09-09T01:30:00,node:srvzy,node,5.59,13.87,3.09,-0.45,43.36,44.62,-0.56,0.47,0.53,9.65,41.25,0,normal,
W002038,2026-09-09T01:30:00,guest:100_AD-Zentyal,guest,5.28,8.43,0.87,0.46,60.68,63.18,-0.12,0.2,1.21,7.04,38.82,0,normal,
W002039,2026-09-09T01:30:00,guest:101_win11,guest,10.05,15.96,1.86,0.2,54.67,56.24,-0.17,0.36,1.16,6.69,36.94,0,normal,
W002040,2026-09-09T01:30:00,guest:402_NS1,guest,2.24,8.82,1.58,0.68,32.55,34.76,0.09,0.62,1.57,5.39,36.06,0,normal,
W002045,2026-09-09T02:00:00,guest:101_win11,guest,13.25,21.49,1.73,1.51,55.74,59.26,-0.36,0.59,1.03,12.65,35.57,0,normal,
W002046,2026-09-09T02:00:00,guest:402_NS1,guest,7.7,12.61,3.22,-0.05,31.04,31.83,1.0,0.31,0.69,5.91,38.03,0,normal,
W002044,2026-09-09T02:00:00,guest:100_AD-Zentyal,guest,13.24,19.79,0.55,-0.83,62.01,63.27,0.08,0.34,0.47,7.41,37.02,0,normal,
W002043,2026-09-09T02:00:00,node:srvzy,node,8.55,11.6,0.9,0.65,42.58,44.23,-0.46,0.21,1.17,4.3,43.11,0,normal,
W002042,2026-09-09T02:00:00,node:dl360-04,node,13.89,21.63,2.63,-2.07,46.1,47.57,0.4,0.02,0.48,5.49,46.71,0,normal,
W002041,2026-09-09T02:00:00,node:dl380-01,node,87.05,90.05,1.2,0.1,53.34,54.53,-0.05,0.29,1.06,8.7,41.03,0,normal,
W002047,2026-09-09T02:30:00,node:dl380-01,node,84.09,87.09,1.2,0.1,53.18,56.64,0.45,0.25,0.43,4.32,43.79,0,normal,
W002048,2026-09-09T02:30:00,node:dl360-04,node,16.22,24.81,3.03,-0.33,48.94,53.17,-0.6,0.4,1.93,1.48,47.5,0,normal,
W002049,2026-09-09T02:30:00,node:srvzy,node,10.97,12.54,3.21,-0.33,39.89,41.57,0.53,0.28,0.89,3.66,40.49,0,normal,
W002050,2026-09-09T02:30:00,guest:100_AD-Zentyal,guest,6.22,10.81,2.62,0.49,65.17,67.41,-0.19,0.1,1.02,4.65,36.87,0,normal,
W002051,2026-09-09T02:30:00,guest:101_win11,guest,12.92,20.48,2.77,-0.2,54.56,55.94,0.34,0.22,0.48,8.48,35.59,0,normal,
W002052,2026-09-09T02:30:00,guest:402_NS1,guest,4.12,11.6,2.5,-2.97,33.7,37.03,0.31,0.12,1.78,1.02,35.38,0,normal,
W002057,2026-09-09T03:00:00,guest:101_win11,guest,13.04,18.35,2.33,-0.42,59.44,61.02,0.14,0.21,1.34,8.72,35.52,0,normal,
W002056,2026-09-09T03:00:00,guest:100_AD-Zentyal,guest,12.26,18.58,1.71,-0.27,60.32,62.14,0.0,0.66,2.0,2.07,37.4,0,normal,
W002058,2026-09-09T03:00:00,guest:402_NS1,guest,2.48,9.84,2.52,0.56,32.55,36.41,-0.27,0.84,2.14,7.67,35.54,0,normal,
W002054,2026-09-09T03:00:00,node:dl360-04,node,13.19,19.24,3.22,-0.36,49.51,50.46,-0.03,0.28,1.02,2.54,47.46,0,normal,
W002053,2026-09-09T03:00:00,node:dl380-01,node,87.59,90.59,1.2,0.1,55.46,57.42,-0.63,0.55,1.43,8.52,43.96,0,normal,
W002055,2026-09-09T03:00:00,node:srvzy,node,5.51,12.11,2.46,0.6,42.64,44.84,0.34,0.33,0.93,4.75,40.68,0,normal,
W002063,2026-09-09T03:30:00,guest:101_win11,guest,5.94,15.21,2.62,0.82,55.34,55.51,-0.91,0.11,1.12,9.06,37.56,0,normal,
W002062,2026-09-09T03:30:00,guest:100_AD-Zentyal,guest,6.78,10.9,2.36,0.35,62.48,65.71,0.12,0.32,1.22,7.37,37.46,0,normal,
W002064,2026-09-09T03:30:00,guest:402_NS1,guest,2.0,5.65,3.86,-1.57,36.85,40.73,0.85,0.38,1.04,6.24,38.47,0,normal,
W002060,2026-09-09T03:30:00,node:dl360-04,node,8.25,12.76,0.78,-0.38,49.37,52.11,-0.29,0.41,1.13,9.25,45.91,0,normal,
W002059,2026-09-09T03:30:00,node:dl380-01,node,84.77,87.77,1.2,0.1,53.71,55.58,-0.21,0.52,0.96,3.8,42.13,0,normal,
W002061,2026-09-09T03:30:00,node:srvzy,node,2.0,10.68,2.04,-0.33,40.67,41.25,0.03,0.41,1.35,3.37,42.59,0,normal,
W002065,2026-09-09T04:00:00,node:dl380-01,node,15.79,18.49,2.22,-0.93,55.5,56.89,0.04,0.5,1.81,6.3,43.98,0,normal,
W002066,2026-09-09T04:00:00,node:dl360-04,node,11.51,20.58,3.76,-2.24,51.44,52.74,0.24,0.32,1.09,5.05,44.91,0,normal,
W002067,2026-09-09T04:00:00,node:srvzy,node,9.91,15.05,1.19,-1.24,37.94,39.42,0.19,0.16,1.35,5.31,40.97,0,normal,
W002068,2026-09-09T04:00:00,guest:100_AD-Zentyal,guest,11.13,21.32,1.13,1.99,65.0,66.97,0.47,0.24,1.15,4.05,38.85,0,normal,
W002069,2026-09-09T04:00:00,guest:101_win11,guest,10.6,16.44,3.18,1.26,54.79,57.54,-0.39,0.13,0.63,8.17,37.38,0,normal,
W002070,2026-09-09T04:00:00,guest:402_NS1,guest,3.2,9.37,2.52,0.75,30.37,32.26,0.05,0.03,0.28,4.58,37.41,0,normal,
W002075,2026-09-09T04:30:00,guest:101_win11,guest,14.0,19.42,0.73,-1.85,55.61,56.15,-0.14,0.44,1.01,5.92,35.8,0,normal,
W002074,2026-09-09T04:30:00,guest:100_AD-Zentyal,guest,12.69,22.88,3.13,2.22,64.27,66.79,0.27,0.6,1.89,2.42,38.6,0,normal,
W002076,2026-09-09T04:30:00,guest:402_NS1,guest,6.12,13.64,1.08,-0.9,30.99,33.5,0.07,0.29,1.04,6.64,37.92,0,normal,
W002072,2026-09-09T04:30:00,node:dl360-04,node,12.43,21.26,1.25,0.15,47.83,49.88,-0.4,0.39,1.82,2.75,46.69,0,normal,
W002071,2026-09-09T04:30:00,node:dl380-01,node,18.11,22.44,1.9,-0.47,53.81,57.05,-0.89,0.42,1.18,7.25,45.18,0,normal,
W002073,2026-09-09T04:30:00,node:srvzy,node,11.07,16.18,3.86,-0.52,40.06,41.07,0.05,0.3,1.35,3.76,40.38,0,normal,
W002077,2026-09-09T05:00:00,node:dl380-01,node,17.61,21.7,2.44,-0.23,57.3,58.91,0.12,0.39,1.75,4.03,45.89,0,normal,
W002078,2026-09-09T05:00:00,node:dl360-04,node,15.83,29.33,2.86,-1.47,48.23,51.57,0.03,0.29,1.38,5.43,46.56,0,normal,
W002079,2026-09-09T05:00:00,node:srvzy,node,6.04,17.22,1.28,0.2,41.45,43.44,-0.5,0.1,1.11,4.12,38.77,0,normal,
W002080,2026-09-09T05:00:00,guest:100_AD-Zentyal,guest,13.7,17.08,3.13,-0.24,63.14,65.19,-0.46,0.13,0.83,3.03,38.95,0,normal,
W002081,2026-09-09T05:00:00,guest:101_win11,guest,13.27,14.92,1.94,0.12,55.78,58.18,0.23,0.78,2.04,1.56,37.34,0,normal,
W002082,2026-09-09T05:00:00,guest:402_NS1,guest,5.41,13.14,1.57,-0.64,31.35,32.74,-0.23,0.24,0.56,9.41,38.59,0,normal,
W002087,2026-09-09T05:30:00,guest:101_win11,guest,16.93,22.76,1.67,-0.74,57.81,58.92,0.0,0.59,1.45,3.23,41.15,0,normal,
W002086,2026-09-09T05:30:00,guest:100_AD-Zentyal,guest,13.72,15.17,3.12,-1.06,63.73,65.64,0.46,0.35,0.91,7.54,41.09,0,normal,
W002088,2026-09-09T05:30:00,guest:402_NS1,guest,12.51,20.02,3.78,-0.32,34.89,36.47,-0.54,0.82,1.06,7.36,38.31,0,normal,
W002084,2026-09-09T05:30:00,node:dl360-04,node,19.69,28.6,2.67,-1.38,47.2,49.26,-0.48,0.36,1.48,8.1,47.64,0,normal,
W002083,2026-09-09T05:30:00,node:dl380-01,node,14.27,20.35,0.93,1.61,56.49,58.44,-0.34,0.17,0.79,6.14,45.93,0,normal,
W002085,2026-09-09T05:30:00,node:srvzy,node,2.81,12.81,0.93,-0.18,41.7,44.06,-0.51,0.08,1.0,8.0,40.22,0,normal,
W002093,2026-09-09T06:00:00,guest:101_win11,guest,18.77,20.97,3.4,-0.05,57.23,59.19,0.55,0.54,1.33,4.8,39.89,0,normal,
W002092,2026-09-09T06:00:00,guest:100_AD-Zentyal,guest,13.31,19.24,4.88,1.04,65.67,70.39,0.15,0.32,0.85,6.14,35.43,0,normal,
W002094,2026-09-09T06:00:00,guest:402_NS1,guest,4.59,5.92,3.0,1.46,33.27,35.68,-0.17,0.44,1.68,6.71,36.96,0,normal,
W002090,2026-09-09T06:00:00,node:dl360-04,node,15.81,18.8,3.36,-0.19,50.12,50.77,0.62,0.48,1.25,8.9,48.61,0,normal,
W002089,2026-09-09T06:00:00,node:dl380-01,node,22.81,28.54,2.42,0.17,54.86,56.86,-0.03,0.04,1.64,9.11,44.81,0,normal,
W002091,2026-09-09T06:00:00,node:srvzy,node,6.32,17.35,2.98,-0.84,39.03,42.01,0.08,0.4,1.21,4.49,43.26,0,normal,
W002095,2026-09-09T06:30:00,node:dl380-01,node,15.9,24.68,1.36,0.45,55.4,56.9,-0.07,0.5,0.98,4.77,44.15,0,normal,
W002096,2026-09-09T06:30:00,node:dl360-04,node,22.47,33.3,2.4,-0.85,50.92,51.25,0.1,0.29,1.61,11.69,46.09,0,normal,
W002097,2026-09-09T06:30:00,node:srvzy,node,11.59,15.88,2.21,0.74,40.4,42.59,0.38,0.6,1.52,7.85,40.84,0,normal,
W002098,2026-09-09T06:30:00,guest:100_AD-Zentyal,guest,19.55,27.04,2.64,0.1,64.65,67.42,0.36,0.62,1.52,12.76,40.09,0,normal,
W002099,2026-09-09T06:30:00,guest:101_win11,guest,15.79,16.79,2.59,1.87,55.6,57.69,0.07,0.49,1.13,4.89,39.36,0,normal,
W002100,2026-09-09T06:30:00,guest:402_NS1,guest,5.4,5.89,4.34,1.11,37.39,40.26,0.27,0.37,1.1,9.04,37.67,0,normal,
W002105,2026-09-09T07:00:00,guest:101_win11,guest,15.96,23.0,3.2,-0.65,57.76,59.47,0.29,0.4,1.05,10.14,38.6,0,normal,
W002104,2026-09-09T07:00:00,guest:100_AD-Zentyal,guest,17.73,21.9,4.26,-0.57,61.98,63.46,0.26,0.14,1.06,10.39,37.41,0,normal,
W002106,2026-09-09T07:00:00,guest:402_NS1,guest,11.53,18.94,4.87,-0.4,34.23,35.58,-0.41,0.21,1.27,10.92,39.67,0,normal,
W002102,2026-09-09T07:00:00,node:dl360-04,node,24.42,32.65,2.53,-0.03,50.16,51.84,-0.65,0.45,1.53,1.8,48.99,0,normal,
W002103,2026-09-09T07:00:00,node:srvzy,node,19.08,21.69,2.43,-0.22,44.47,47.59,-0.35,0.37,2.09,6.83,43.21,0,normal,
W002101,2026-09-09T07:00:00,node:dl380-01,node,19.19,24.19,3.79,-1.48,52.29,54.88,-0.17,0.4,1.59,10.09,44.28,0,normal,
W002107,2026-09-09T07:30:00,node:dl380-01,node,21.89,26.41,1.58,-0.67,52.15,55.51,0.73,0.09,1.0,9.52,45.54,0,normal,
W002108,2026-09-09T07:30:00,node:dl360-04,node,17.85,26.92,2.91,1.24,48.15,48.77,0.17,0.11,1.33,2.33,47.52,0,normal,
W002109,2026-09-09T07:30:00,node:srvzy,node,10.77,15.78,2.76,0.48,42.63,45.39,-0.07,0.72,2.08,7.77,43.02,0,normal,
W002110,2026-09-09T07:30:00,guest:100_AD-Zentyal,guest,14.76,21.85,1.53,-0.95,60.58,62.18,0.43,0.27,1.03,9.54,37.72,0,normal,
W002111,2026-09-09T07:30:00,guest:101_win11,guest,18.02,26.69,2.81,1.17,59.76,62.42,-0.29,0.23,1.8,9.65,39.49,0,normal,
W002112,2026-09-09T07:30:00,guest:402_NS1,guest,6.92,12.65,3.22,0.02,33.55,35.26,0.48,0.43,1.45,10.03,37.45,0,normal,
W002113,2026-09-09T08:00:00,node:dl380-01,node,25.95,35.16,2.24,1.17,55.98,58.81,0.02,0.48,0.69,10.1,47.07,0,normal,
W002114,2026-09-09T08:00:00,node:dl360-04,node,23.04,32.32,2.34,-0.66,47.05,48.78,0.21,0.45,0.69,13.53,47.54,0,normal,
W002115,2026-09-09T08:00:00,node:srvzy,node,14.58,18.87,2.92,0.11,43.22,47.06,0.16,0.18,1.17,15.84,44.98,0,normal,
W002116,2026-09-09T08:00:00,guest:100_AD-Zentyal,guest,21.31,22.53,2.89,-0.32,63.78,65.75,0.04,0.18,1.05,9.48,41.05,0,normal,
W002117,2026-09-09T08:00:00,guest:101_win11,guest,20.8,27.92,3.48,0.67,57.99,58.08,0.21,0.12,0.88,11.11,42.0,0,normal,
W002118,2026-09-09T08:00:00,guest:402_NS1,guest,18.45,21.68,1.18,0.39,35.44,36.23,-0.01,0.42,0.73,7.02,39.03,0,normal,
W002124,2026-09-09T08:30:00,guest:402_NS1,guest,5.95,6.86,2.65,0.2,31.69,34.08,0.43,0.26,1.08,11.71,40.66,0,normal,
W002122,2026-09-09T08:30:00,guest:100_AD-Zentyal,guest,12.66,19.03,1.99,-1.44,65.13,67.9,0.01,0.09,1.08,13.11,43.32,0,normal,
W002123,2026-09-09T08:30:00,guest:101_win11,guest,25.05,28.03,3.36,0.31,55.93,58.21,0.77,0.54,0.93,10.04,40.74,0,normal,
W002121,2026-09-09T08:30:00,node:srvzy,node,19.87,19.96,2.95,1.31,41.84,44.49,0.04,0.14,0.62,12.14,43.05,0,normal,
W002119,2026-09-09T08:30:00,node:dl380-01,node,24.26,32.34,2.17,0.07,59.04,60.09,-0.26,0.44,1.63,11.24,48.71,0,normal,
W002120,2026-09-09T08:30:00,node:dl360-04,node,23.11,23.18,2.6,-0.69,52.49,55.46,-0.64,0.57,1.75,9.03,48.88,0,normal,
W002125,2026-09-09T09:00:00,node:dl380-01,node,21.23,24.52,2.1,-1.03,58.16,60.79,-0.44,0.26,1.51,9.36,48.05,0,normal,
W002126,2026-09-09T09:00:00,node:dl360-04,node,28.91,38.56,2.68,1.5,49.58,54.06,0.1,0.53,1.18,12.79,50.59,0,normal,
W002127,2026-09-09T09:00:00,node:srvzy,node,13.82,16.94,2.3,1.33,39.22,40.86,0.52,0.05,1.36,7.91,43.4,0,normal,
W002128,2026-09-09T09:00:00,guest:100_AD-Zentyal,guest,19.56,31.18,1.86,-2.08,62.99,65.93,-0.54,0.54,1.37,11.2,41.22,0,normal,
W002129,2026-09-09T09:00:00,guest:101_win11,guest,19.27,25.68,1.31,1.62,56.67,59.11,-0.41,0.19,0.84,20.24,40.75,0,normal,
W002130,2026-09-09T09:00:00,guest:402_NS1,guest,11.2,15.86,1.0,-0.2,38.85,41.19,0.36,0.12,0.84,11.91,39.69,0,normal,
W002136,2026-09-09T09:30:00,guest:402_NS1,guest,17.58,25.97,2.41,1.6,35.22,37.74,-0.5,0.06,1.33,12.95,40.56,0,normal,
W002135,2026-09-09T09:30:00,guest:101_win11,guest,19.36,28.06,2.51,-0.06,56.17,59.08,-0.52,0.01,1.28,16.66,39.78,0,normal,
W002134,2026-09-09T09:30:00,guest:100_AD-Zentyal,guest,21.84,29.34,3.32,0.77,69.12,72.17,-0.08,0.39,1.76,8.44,43.8,0,normal,
W002131,2026-09-09T09:30:00,node:dl380-01,node,28.47,36.32,3.04,-0.18,57.48,59.22,-0.14,0.59,0.95,6.19,45.47,0,normal,
W002132,2026-09-09T09:30:00,node:dl360-04,node,25.43,35.28,1.84,2.18,50.57,52.45,-0.34,0.69,1.43,7.3,53.46,0,normal,
W002133,2026-09-09T09:30:00,node:srvzy,node,18.45,26.84,4.18,0.74,44.27,46.33,0.29,0.29,1.09,11.65,44.18,0,normal,
W002141,2026-09-09T10:00:00,guest:101_win11,guest,30.08,38.14,2.82,1.74,60.39,62.34,-0.39,0.2,1.48,14.55,41.22,0,normal,
W002142,2026-09-09T10:00:00,guest:402_NS1,guest,22.18,27.71,3.49,0.26,39.48,42.23,0.02,0.26,1.06,10.32,39.45,0,normal,
W002140,2026-09-09T10:00:00,guest:100_AD-Zentyal,guest,20.3,24.78,2.67,-0.44,68.7,73.38,-0.23,0.36,1.57,11.7,40.01,0,normal,
W002139,2026-09-09T10:00:00,node:srvzy,node,18.96,29.87,2.7,0.61,41.88,44.1,-0.11,0.31,1.37,11.0,44.9,0,normal,
W002138,2026-09-09T10:00:00,node:dl360-04,node,17.95,22.99,3.19,-0.87,49.05,50.98,-0.33,0.34,0.72,12.19,49.98,0,normal,
W002137,2026-09-09T10:00:00,node:dl380-01,node,35.68,47.37,2.94,-1.75,55.8,56.97,0.04,0.11,0.43,5.71,47.75,0,normal,
W002143,2026-09-09T10:30:00,node:dl380-01,node,30.08,34.48,1.96,-0.11,56.09,58.1,0.7,0.43,2.08,11.18,48.68,0,normal,
W002144,2026-09-09T10:30:00,node:dl360-04,node,24.66,28.97,4.65,-0.92,46.98,48.27,-0.8,0.11,0.57,12.61,47.43,0,normal,
W002145,2026-09-09T10:30:00,node:srvzy,node,23.19,23.56,2.37,-0.39,44.49,46.84,0.47,0.23,0.84,13.74,47.04,0,normal,
W002146,2026-09-09T10:30:00,guest:100_AD-Zentyal,guest,24.89,31.85,2.73,-0.04,66.74,70.77,-0.1,0.23,0.85,13.67,38.32,0,normal,
W002147,2026-09-09T10:30:00,guest:101_win11,guest,23.53,32.17,1.97,0.22,62.8,65.13,-0.9,0.02,0.72,10.09,41.66,0,normal,
W002148,2026-09-09T10:30:00,guest:402_NS1,guest,14.97,24.47,1.41,-0.25,36.39,38.73,0.06,0.18,1.02,12.05,42.8,0,normal,
W002149,2026-09-09T11:00:00,node:dl380-01,node,33.19,39.91,2.81,1.62,58.48,60.76,0.86,0.17,0.5,13.5,47.56,0,normal,
W002150,2026-09-09T11:00:00,node:dl360-04,node,19.03,23.07,2.84,-0.07,50.02,52.06,0.05,0.44,0.99,16.16,49.49,0,normal,
W002151,2026-09-09T11:00:00,node:srvzy,node,18.9,29.99,1.48,-0.79,41.16,42.33,0.06,0.44,1.23,12.56,44.26,0,normal,
W002152,2026-09-09T11:00:00,guest:100_AD-Zentyal,guest,21.11,22.47,3.24,0.97,66.34,68.78,0.35,0.32,1.68,10.46,41.6,0,normal,
W002153,2026-09-09T11:00:00,guest:101_win11,guest,24.02,31.96,1.07,1.74,60.43,64.18,-0.02,0.19,1.25,16.63,41.05,0,normal,
W002154,2026-09-09T11:00:00,guest:402_NS1,guest,10.67,11.19,2.76,1.85,34.07,35.8,-0.14,0.68,2.39,14.81,43.47,0,normal,
W002160,2026-09-09T11:30:00,guest:402_NS1,guest,16.01,20.19,2.78,2.67,38.81,42.75,-0.23,0.63,1.53,16.49,42.81,0,normal,
W002159,2026-09-09T11:30:00,guest:101_win11,guest,25.98,30.68,1.9,0.57,58.26,59.17,-0.01,0.29,0.93,10.86,41.53,0,normal,
W002158,2026-09-09T11:30:00,guest:100_AD-Zentyal,guest,21.75,32.97,2.93,-0.84,67.03,68.11,0.1,0.25,0.72,11.02,45.77,0,normal,
W002156,2026-09-09T11:30:00,node:dl360-04,node,31.72,41.33,2.76,0.47,53.02,55.9,-0.12,0.49,1.15,14.27,51.42,0,normal,
W002155,2026-09-09T11:30:00,node:dl380-01,node,33.7,35.86,3.2,-1.22,56.11,59.25,0.03,0.52,1.84,8.26,44.85,0,normal,
W002157,2026-09-09T11:30:00,node:srvzy,node,17.65,21.42,4.73,-1.07,44.08,46.66,-0.02,0.43,1.37,10.92,46.93,0,normal,
W002166,2026-09-09T12:00:00,guest:402_NS1,guest,17.87,28.49,4.13,0.64,36.8,38.89,0.0,0.53,0.98,13.85,42.17,0,normal,
W002161,2026-09-09T12:00:00,node:dl380-01,node,30.73,38.89,2.98,-2.12,56.51,59.38,0.11,0.39,0.89,15.1,48.45,0,normal,
W002162,2026-09-09T12:00:00,node:dl360-04,node,28.22,32.18,3.41,0.41,52.17,56.22,0.19,0.54,1.45,13.27,50.01,0,normal,
W002163,2026-09-09T12:00:00,node:srvzy,node,22.77,24.76,2.77,0.38,43.34,45.25,-0.5,0.58,1.24,11.41,47.42,0,normal,
W002164,2026-09-09T12:00:00,guest:100_AD-Zentyal,guest,25.32,30.24,2.04,-0.01,69.15,71.62,-0.01,0.47,1.28,15.53,42.82,0,normal,
W002165,2026-09-09T12:00:00,guest:101_win11,guest,28.99,33.66,1.36,1.09,62.44,63.35,0.07,0.21,1.36,15.07,47.59,0,normal,
W002167,2026-09-09T12:30:00,node:dl380-01,node,25.89,34.46,3.56,-0.76,58.59,59.0,0.01,0.27,1.11,14.58,48.48,0,normal,
W002168,2026-09-09T12:30:00,node:dl360-04,node,27.57,33.24,3.86,-0.69,55.79,57.16,0.1,0.41,1.1,18.48,52.42,0,normal,
W002169,2026-09-09T12:30:00,node:srvzy,node,21.21,31.32,1.48,-0.68,44.74,47.55,0.13,0.27,0.97,17.72,46.96,0,normal,
W002170,2026-09-09T12:30:00,guest:100_AD-Zentyal,guest,21.88,25.09,4.01,-0.86,67.22,70.57,0.22,0.15,0.54,19.94,41.04,0,normal,
W002171,2026-09-09T12:30:00,guest:101_win11,guest,24.99,32.11,2.28,0.69,57.09,58.88,0.27,0.44,1.01,11.26,42.92,0,normal,
W002172,2026-09-09T12:30:00,guest:402_NS1,guest,14.33,24.19,2.66,-0.84,34.83,36.2,-0.62,0.4,0.88,15.53,43.4,0,normal,
W002177,2026-09-09T13:00:00,guest:101_win11,guest,27.59,35.71,1.65,1.17,58.89,60.73,0.66,0.11,1.19,17.84,43.36,0,normal,
W002178,2026-09-09T13:00:00,guest:402_NS1,guest,19.32,31.69,2.49,0.24,36.33,38.48,0.39,0.24,0.29,16.37,41.28,0,normal,
W002176,2026-09-09T13:00:00,guest:100_AD-Zentyal,guest,21.44,21.8,2.54,-0.12,66.45,68.07,-0.3,0.1,1.46,12.17,42.48,0,normal,
W002173,2026-09-09T13:00:00,node:dl380-01,node,36.11,42.86,3.63,1.66,57.4,59.72,-0.22,0.1,1.42,16.65,49.93,0,normal,
W002174,2026-09-09T13:00:00,node:dl360-04,node,27.66,38.53,2.27,-0.96,50.9,54.47,-0.44,0.15,2.11,17.65,50.8,0,normal,
W002175,2026-09-09T13:00:00,node:srvzy,node,18.94,19.92,2.6,0.87,46.67,46.77,-0.53,0.28,2.19,17.49,47.46,0,normal,
W002179,2026-09-09T13:30:00,node:dl380-01,node,35.32,41.32,3.44,-1.14,55.97,57.63,-0.59,0.52,0.67,18.12,49.53,0,normal,
W002180,2026-09-09T13:30:00,node:dl360-04,node,29.03,36.07,2.82,-0.48,52.47,55.2,-0.38,0.37,0.62,9.04,52.74,0,normal,
W002181,2026-09-09T13:30:00,node:srvzy,node,21.27,24.7,2.45,-0.48,42.15,42.51,-0.79,0.45,1.08,17.74,46.25,0,normal,
W002182,2026-09-09T13:30:00,guest:100_AD-Zentyal,guest,26.97,32.59,2.54,0.11,66.13,66.9,0.31,0.62,2.08,13.17,41.8,0,normal,
W002183,2026-09-09T13:30:00,guest:101_win11,guest,25.79,31.26,2.45,-1.2,57.27,59.32,-1.41,0.28,0.7,17.17,44.47,0,normal,
W002184,2026-09-09T13:30:00,guest:402_NS1,guest,23.48,28.44,1.36,-0.98,37.45,37.8,0.56,0.23,1.23,9.49,41.51,0,normal,
W002190,2026-09-09T14:00:00,guest:402_NS1,guest,21.74,29.57,0.96,-0.75,38.71,40.17,-0.65,0.46,1.03,18.19,42.97,0,normal,
W002189,2026-09-09T14:00:00,guest:101_win11,guest,21.84,25.71,1.6,1.0,61.66,62.63,-0.3,0.0,0.86,14.87,44.18,0,normal,
W002188,2026-09-09T14:00:00,guest:100_AD-Zentyal,guest,25.91,34.38,1.63,-0.88,67.73,69.45,-0.01,0.27,1.57,18.92,42.06,0,normal,
W002185,2026-09-09T14:00:00,node:dl380-01,node,26.33,35.39,2.34,0.69,57.11,59.58,-0.13,0.26,1.02,16.22,49.65,0,normal,
W002186,2026-09-09T14:00:00,node:dl360-04,node,39.84,50.88,0.72,-0.17,51.27,54.55,-0.13,0.39,0.53,10.46,55.14,0,normal,
W002187,2026-09-09T14:00:00,node:srvzy,node,23.18,26.18,2.74,-1.26,43.49,44.04,-0.32,0.22,1.47,16.39,47.96,0,normal,
W002195,2026-09-09T14:30:00,guest:101_win11,guest,22.64,30.19,1.42,0.53,58.55,60.27,-0.22,0.6,1.56,18.78,47.34,0,normal,
W002196,2026-09-09T14:30:00,guest:402_NS1,guest,20.16,30.67,1.8,1.51,35.55,37.53,0.21,0.44,0.73,12.4,43.92,0,normal,
W002194,2026-09-09T14:30:00,guest:100_AD-Zentyal,guest,20.75,29.81,2.73,0.32,67.51,71.22,0.1,0.14,0.7,17.45,43.67,0,normal,
W002191,2026-09-09T14:30:00,node:dl380-01,node,32.03,42.12,1.2,1.72,55.85,58.01,0.07,0.21,0.71,13.89,47.48,0,normal,
W002192,2026-09-09T14:30:00,node:dl360-04,node,36.87,41.42,3.66,1.23,52.65,54.52,0.08,0.41,1.25,10.3,49.27,0,normal,
W002193,2026-09-09T14:30:00,node:srvzy,node,28.28,30.19,2.7,-0.28,44.29,45.15,0.14,0.34,2.25,15.39,49.02,0,normal,
W002197,2026-09-09T15:00:00,node:dl380-01,node,31.44,33.25,2.43,-0.14,57.25,59.78,0.19,0.15,0.78,17.61,48.08,0,normal,
W002198,2026-09-09T15:00:00,node:dl360-04,node,28.34,29.83,2.47,0.41,48.38,49.31,-0.57,0.46,0.49,14.59,52.97,0,normal,
W002199,2026-09-09T15:00:00,node:srvzy,node,23.38,28.06,2.85,1.24,43.74,43.98,0.46,0.38,1.17,8.89,46.45,0,normal,
W002200,2026-09-09T15:00:00,guest:100_AD-Zentyal,guest,22.66,25.01,2.36,-0.64,66.09,68.83,0.1,0.2,0.75,13.47,42.53,0,normal,
W002201,2026-09-09T15:00:00,guest:101_win11,guest,29.77,32.64,3.96,0.7,55.0,57.09,0.42,0.38,1.01,14.65,43.17,0,normal,
W002202,2026-09-09T15:00:00,guest:402_NS1,guest,22.42,24.18,1.89,1.97,36.99,40.52,1.19,0.2,0.52,14.03,44.55,0,normal,
W002207,2026-09-09T15:30:00,guest:101_win11,guest,25.25,29.64,2.19,-0.98,62.02,62.79,-0.2,0.53,1.2,18.05,46.19,0,normal,
W002208,2026-09-09T15:30:00,guest:402_NS1,guest,20.01,29.52,4.92,0.48,36.85,39.75,0.47,0.29,0.9,19.98,42.49,0,normal,
W002206,2026-09-09T15:30:00,guest:100_AD-Zentyal,guest,26.42,32.85,3.53,1.01,64.4,65.32,-0.09,0.37,1.72,15.02,45.45,0,normal,
W002203,2026-09-09T15:30:00,node:dl380-01,node,37.06,49.88,2.46,0.59,55.65,56.16,-0.02,0.07,1.13,9.19,47.79,0,normal,
W002204,2026-09-09T15:30:00,node:dl360-04,node,30.66,37.78,2.45,2.24,54.76,56.07,0.64,0.65,1.4,14.97,51.82,0,normal,
W002205,2026-09-09T15:30:00,node:srvzy,node,20.47,24.83,3.82,0.52,42.93,44.01,-0.3,0.27,1.43,12.25,48.25,0,normal,
W002209,2026-09-09T16:00:00,node:dl380-01,node,36.11,42.89,4.33,-1.02,55.2,58.05,-0.45,0.32,1.74,8.98,49.2,0,normal,
W002210,2026-09-09T16:00:00,node:dl360-04,node,33.17,39.09,1.57,-0.32,50.22,52.29,-0.11,0.2,1.18,19.07,52.09,0,normal,
W002211,2026-09-09T16:00:00,node:srvzy,node,26.63,37.37,1.91,0.33,42.97,43.48,0.14,0.09,1.08,9.66,46.85,0,normal,
W002212,2026-09-09T16:00:00,guest:100_AD-Zentyal,guest,19.43,27.45,2.11,-0.59,68.76,70.44,0.04,0.26,1.26,17.46,43.85,0,normal,
W002213,2026-09-09T16:00:00,guest:101_win11,guest,25.29,34.92,1.58,-0.89,59.5,62.55,-0.47,0.48,1.26,13.03,44.24,0,normal,
W002214,2026-09-09T16:00:00,guest:402_NS1,guest,16.12,28.98,2.32,0.18,39.51,41.69,0.48,0.09,0.71,15.52,44.22,0,normal,
W002219,2026-09-09T16:30:00,guest:101_win11,guest,26.9,30.89,1.5,-0.15,59.78,61.69,0.66,0.27,1.04,16.78,42.34,0,normal,
W002218,2026-09-09T16:30:00,guest:100_AD-Zentyal,guest,26.34,35.64,2.89,-2.0,65.31,67.1,-0.03,0.37,0.85,20.36,42.44,0,normal,
W002220,2026-09-09T16:30:00,guest:402_NS1,guest,20.82,22.98,1.23,0.15,36.32,37.51,0.05,0.34,0.86,12.77,42.92,0,normal,
W002216,2026-09-09T16:30:00,node:dl360-04,node,22.14,25.14,3.33,-1.74,50.15,52.57,-0.41,0.19,1.02,15.18,50.03,0,normal,
W002215,2026-09-09T16:30:00,node:dl380-01,node,34.62,42.65,3.56,0.57,52.87,56.32,-0.34,0.36,1.24,14.47,46.94,0,normal,
W002217,2026-09-09T16:30:00,node:srvzy,node,22.42,29.62,1.23,0.26,42.44,44.57,0.29,0.26,1.43,16.7,47.96,0,normal,
W002225,2026-09-09T17:00:00,guest:101_win11,guest,19.79,28.46,2.49,-0.24,60.3,60.56,-0.0,0.32,1.15,9.43,42.79,0,normal,
W002224,2026-09-09T17:00:00,guest:100_AD-Zentyal,guest,20.69,33.01,4.47,0.96,66.48,68.54,-0.13,0.26,0.34,18.13,43.89,0,normal,
W002226,2026-09-09T17:00:00,guest:402_NS1,guest,21.37,28.59,2.27,3.23,34.75,37.52,0.1,0.7,1.66,15.34,42.88,0,normal,
W002222,2026-09-09T17:00:00,node:dl360-04,node,30.13,33.86,2.5,-0.71,55.06,55.92,0.13,0.16,1.26,14.42,53.0,0,normal,
W002223,2026-09-09T17:00:00,node:srvzy,node,23.17,27.09,5.42,0.67,42.42,44.63,0.25,0.42,1.42,16.43,47.42,0,normal,
W002221,2026-09-09T17:00:00,node:dl380-01,node,27.08,31.27,3.03,-0.03,55.56,56.65,-0.41,0.27,1.88,15.23,46.12,0,normal,
W002227,2026-09-09T17:30:00,node:dl380-01,node,26.95,30.35,2.22,1.15,56.83,58.63,0.55,0.1,0.38,6.05,49.93,0,normal,
W002228,2026-09-09T17:30:00,node:dl360-04,node,27.32,36.22,2.39,1.23,51.19,53.6,0.11,0.37,1.84,8.66,51.02,0,normal,
W002229,2026-09-09T17:30:00,node:srvzy,node,21.35,27.49,2.1,-0.64,46.17,48.1,0.98,0.41,1.09,15.19,46.28,0,normal,
W002230,2026-09-09T17:30:00,guest:100_AD-Zentyal,guest,28.35,30.85,0.7,0.43,67.92,70.2,0.27,0.41,0.61,14.38,44.1,0,normal,
W002231,2026-09-09T17:30:00,guest:101_win11,guest,26.26,28.33,2.17,0.67,62.65,62.69,0.14,0.11,1.12,15.3,41.77,0,normal,
W002232,2026-09-09T17:30:00,guest:402_NS1,guest,19.87,29.29,2.34,-1.6,38.98,41.81,0.23,0.16,1.36,19.66,41.94,0,normal,
W002238,2026-09-09T18:00:00,guest:402_NS1,guest,17.02,25.43,3.03,-0.51,38.23,40.89,0.15,0.32,1.32,7.0,41.86,0,normal,
W002237,2026-09-09T18:00:00,guest:101_win11,guest,17.79,25.58,3.02,-1.59,57.26,59.87,-0.12,0.52,1.45,12.67,41.24,0,normal,
W002236,2026-09-09T18:00:00,guest:100_AD-Zentyal,guest,16.07,22.71,3.97,-1.25,67.52,70.96,-0.28,0.39,1.83,13.19,42.68,0,normal,
W002234,2026-09-09T18:00:00,node:dl360-04,node,20.29,26.74,2.22,0.22,48.03,50.68,-0.12,0.34,0.4,8.77,49.91,0,normal,
W002233,2026-09-09T18:00:00,node:dl380-01,node,29.33,32.14,1.78,-1.29,56.24,57.89,0.15,0.12,0.85,9.64,47.78,0,normal,
W002235,2026-09-09T18:00:00,node:srvzy,node,23.81,31.4,2.63,-1.11,41.01,43.29,0.28,0.34,1.83,10.45,45.77,0,normal,
W002239,2026-09-09T18:30:00,node:dl380-01,node,34.74,41.4,2.58,-0.72,56.89,58.69,0.52,0.13,0.75,10.7,50.25,0,normal,
W002240,2026-09-09T18:30:00,node:dl360-04,node,25.34,29.69,0.5,-1.09,51.95,54.47,-0.26,0.18,1.72,20.59,52.22,0,normal,
W002241,2026-09-09T18:30:00,node:srvzy,node,24.46,35.77,4.71,-0.36,41.42,45.25,-0.39,0.09,0.49,12.11,42.52,0,normal,
W002242,2026-09-09T18:30:00,guest:100_AD-Zentyal,guest,16.98,21.12,1.3,1.27,66.01,68.59,0.19,0.26,1.45,13.86,41.02,0,normal,
W002243,2026-09-09T18:30:00,guest:101_win11,guest,18.11,25.67,1.24,0.46,59.14,59.78,0.1,0.34,1.22,12.94,40.52,0,normal,
W002244,2026-09-09T18:30:00,guest:402_NS1,guest,18.07,22.01,1.43,0.81,37.69,40.29,-0.08,0.09,1.48,6.63,42.38,0,normal,
W002249,2026-09-09T19:00:00,guest:101_win11,guest,22.43,30.42,2.16,0.46,58.97,59.84,-0.19,0.37,1.68,15.14,43.92,0,normal,
W002248,2026-09-09T19:00:00,guest:100_AD-Zentyal,guest,21.13,27.6,2.76,-0.64,68.1,68.63,-0.24,0.08,0.8,15.03,40.34,0,normal,
W002250,2026-09-09T19:00:00,guest:402_NS1,guest,15.77,20.53,2.44,-0.14,34.78,37.17,0.17,0.07,1.3,5.78,40.44,0,normal,
W002246,2026-09-09T19:00:00,node:dl360-04,node,25.58,34.79,3.28,1.22,53.07,55.38,-0.18,0.33,0.99,18.86,48.98,0,normal,
W002245,2026-09-09T19:00:00,node:dl380-01,node,34.46,40.9,2.79,0.46,55.87,60.22,-0.34,0.11,0.78,16.52,45.91,0,normal,
W002247,2026-09-09T19:00:00,node:srvzy,node,18.76,20.26,2.63,-0.34,43.73,46.44,0.57,0.57,1.34,8.46,43.54,0,normal,
W002255,2026-09-09T19:30:00,guest:101_win11,guest,25.88,32.13,1.96,1.95,57.37,57.64,-0.74,0.02,1.06,17.94,37.72,0,normal,
W002254,2026-09-09T19:30:00,guest:100_AD-Zentyal,guest,25.03,29.48,1.94,-0.84,68.93,70.29,0.52,0.09,1.1,12.08,42.63,0,normal,
W002256,2026-09-09T19:30:00,guest:402_NS1,guest,11.33,17.6,4.05,-0.95,36.58,38.33,1.04,0.33,1.27,11.55,40.15,0,normal,
W002252,2026-09-09T19:30:00,node:dl360-04,node,26.1,28.63,3.36,-2.03,52.89,54.42,0.61,0.13,1.7,8.42,47.09,0,normal,
W002251,2026-09-09T19:30:00,node:dl380-01,node,31.09,38.92,2.14,2.36,54.73,54.73,0.18,0.06,0.52,13.16,46.09,0,normal,
W002253,2026-09-09T19:30:00,node:srvzy,node,17.22,26.92,3.29,1.4,43.98,45.16,0.31,0.32,0.83,11.83,44.69,0,normal,
W002257,2026-09-09T20:00:00,node:dl380-01,node,28.32,30.85,0.5,-0.18,56.47,57.89,0.07,0.06,1.28,11.96,46.03,0,normal,
W002258,2026-09-09T20:00:00,node:dl360-04,node,22.59,24.41,1.15,-0.15,50.92,53.49,-0.15,0.45,1.82,9.73,49.46,0,normal,
W002259,2026-09-09T20:00:00,node:srvzy,node,14.27,19.89,2.67,2.04,43.65,46.47,-0.18,0.12,1.08,13.73,46.59,0,normal,
W002260,2026-09-09T20:00:00,guest:100_AD-Zentyal,guest,9.42,22.75,2.92,1.09,61.87,63.63,0.33,0.07,0.42,11.01,39.93,0,normal,
W002261,2026-09-09T20:00:00,guest:101_win11,guest,25.04,30.56,2.41,0.84,59.86,61.15,0.38,0.2,1.0,12.01,41.27,0,normal,
W002262,2026-09-09T20:00:00,guest:402_NS1,guest,13.11,15.87,0.63,-0.23,36.75,39.2,0.1,0.3,1.22,7.02,41.17,0,normal,
W002267,2026-09-09T20:30:00,guest:101_win11,guest,23.79,31.49,4.04,0.75,58.01,61.03,0.09,0.45,1.82,10.28,39.36,0,normal,
W002268,2026-09-09T20:30:00,guest:402_NS1,guest,9.75,17.1,1.62,-0.42,33.26,35.77,-0.3,0.04,0.4,8.29,39.28,0,normal,
W002266,2026-09-09T20:30:00,guest:100_AD-Zentyal,guest,20.91,25.74,2.5,-0.63,67.58,69.82,-0.13,0.23,0.97,17.19,38.02,0,normal,
W002265,2026-09-09T20:30:00,node:srvzy,node,7.36,14.24,4.62,-0.22,42.0,44.42,0.2,0.22,0.61,11.96,41.14,0,normal,
W002264,2026-09-09T20:30:00,node:dl360-04,node,21.21,27.8,2.65,0.2,49.09,50.76,-0.45,0.1,0.86,7.76,50.62,0,normal,
W002263,2026-09-09T20:30:00,node:dl380-01,node,27.96,32.9,2.94,-2.06,55.32,57.19,0.5,0.26,1.41,8.83,42.57,0,normal,
W002269,2026-09-09T21:00:00,node:dl380-01,node,23.81,29.32,2.87,0.54,55.82,55.91,-0.45,0.41,1.3,11.64,42.91,0,normal,
W002270,2026-09-09T21:00:00,node:dl360-04,node,18.27,23.38,2.67,0.04,50.33,52.21,0.55,0.64,0.99,8.84,49.42,0,normal,
W002271,2026-09-09T21:00:00,node:srvzy,node,14.98,19.75,2.75,-1.9,41.45,41.99,0.2,0.08,0.94,9.66,43.34,0,normal,
W002272,2026-09-09T21:00:00,guest:100_AD-Zentyal,guest,13.72,19.09,3.68,-0.51,64.52,65.96,0.41,0.32,0.81,8.73,38.86,0,normal,
W002273,2026-09-09T21:00:00,guest:101_win11,guest,22.8,28.67,1.12,0.6,60.7,63.89,-0.44,0.25,1.03,8.65,39.79,0,normal,
W002274,2026-09-09T21:00:00,guest:402_NS1,guest,8.73,11.98,3.45,-1.35,33.04,33.91,0.24,0.32,1.47,6.35,37.34,0,normal,
W002280,2026-09-09T21:30:00,guest:402_NS1,guest,10.2,12.6,2.34,-0.05,34.99,37.31,-0.29,0.45,1.46,6.53,37.51,0,normal,
W002279,2026-09-09T21:30:00,guest:101_win11,guest,13.16,17.61,1.4,0.05,57.81,59.69,0.22,0.18,0.96,5.7,39.65,0,normal,
W002278,2026-09-09T21:30:00,guest:100_AD-Zentyal,guest,18.35,24.27,2.27,2.12,65.17,66.8,-0.23,0.06,0.84,9.63,36.35,0,normal,
W002275,2026-09-09T21:30:00,node:dl380-01,node,21.38,26.83,2.71,-2.02,55.34,56.45,-0.26,0.53,0.61,9.67,45.7,0,normal,
W002276,2026-09-09T21:30:00,node:dl360-04,node,17.06,21.72,3.72,2.36,51.4,55.28,-0.28,0.02,0.79,11.12,45.44,0,normal,
W002277,2026-09-09T21:30:00,node:srvzy,node,9.69,13.24,2.86,0.27,40.09,42.27,-0.46,0.21,0.51,8.26,42.02,0,normal,
W002285,2026-09-09T22:00:00,guest:101_win11,guest,11.75,18.21,1.26,-1.58,59.02,60.86,-0.02,0.39,1.57,6.24,37.91,0,normal,
W002286,2026-09-09T22:00:00,guest:402_NS1,guest,6.63,15.87,2.43,-0.35,34.7,38.53,0.03,0.25,1.82,11.49,40.28,0,normal,
W002284,2026-09-09T22:00:00,guest:100_AD-Zentyal,guest,12.31,18.4,3.42,1.71,63.55,65.34,-0.33,0.43,1.64,1.68,37.9,0,normal,
W002281,2026-09-09T22:00:00,node:dl380-01,node,18.73,20.32,2.71,1.42,56.56,57.47,0.31,0.32,0.48,6.5,43.83,0,normal,
W002282,2026-09-09T22:00:00,node:dl360-04,node,22.24,25.62,3.06,-0.13,46.4,47.85,0.61,0.27,1.43,10.05,46.83,0,normal,
W002283,2026-09-09T22:00:00,node:srvzy,node,6.51,9.05,3.95,0.18,37.88,40.71,-0.71,0.13,0.97,15.06,43.72,0,normal,
W002287,2026-09-09T22:30:00,node:dl380-01,node,19.25,23.45,0.67,1.16,54.14,54.34,0.48,0.23,0.95,2.96,45.24,0,normal,
W002288,2026-09-09T22:30:00,node:dl360-04,node,19.76,25.61,2.08,3.15,46.83,48.11,0.28,0.1,0.46,10.89,48.41,0,normal,
W002289,2026-09-09T22:30:00,node:srvzy,node,12.69,19.24,1.81,-0.3,40.86,43.7,0.17,0.11,1.23,2.46,42.02,0,normal,
W002290,2026-09-09T22:30:00,guest:100_AD-Zentyal,guest,10.0,13.43,4.43,-1.76,62.53,65.04,-0.19,0.33,1.7,9.46,37.8,0,normal,
W002291,2026-09-09T22:30:00,guest:101_win11,guest,15.53,23.12,3.13,0.02,57.65,60.01,-0.04,0.18,1.28,8.38,35.38,0,normal,
W002292,2026-09-09T22:30:00,guest:402_NS1,guest,5.11,9.67,2.3,1.44,39.76,40.22,0.12,0.31,1.04,9.13,38.72,0,normal,
W002297,2026-09-09T23:00:00,guest:101_win11,guest,20.16,24.36,2.37,-1.1,56.65,58.92,0.01,0.21,0.81,7.5,37.64,0,normal,
W002298,2026-09-09T23:00:00,guest:402_NS1,guest,2.31,2.62,1.9,-1.66,32.08,33.66,-0.06,0.17,1.84,2.68,39.69,0,normal,
W002296,2026-09-09T23:00:00,guest:100_AD-Zentyal,guest,6.68,12.87,3.57,0.85,66.27,67.6,0.34,0.08,1.16,11.4,38.63,0,normal,
W002295,2026-09-09T23:00:00,node:srvzy,node,8.02,9.78,2.8,1.62,39.55,41.63,-0.17,0.17,1.05,4.47,40.67,0,normal,
W002294,2026-09-09T23:00:00,node:dl360-04,node,16.98,17.24,1.78,-0.88,47.5,48.44,0.02,0.58,1.43,2.92,45.33,0,normal,
W002293,2026-09-09T23:00:00,node:dl380-01,node,18.08,24.17,3.06,0.55,53.93,55.34,1.13,0.37,1.48,4.94,44.16,0,normal,
W002299,2026-09-09T23:30:00,node:dl380-01,node,18.77,22.8,3.09,-0.54,52.13,55.92,-0.88,0.25,1.13,10.69,43.28,0,normal,
W002300,2026-09-09T23:30:00,node:dl360-04,node,25.66,33.93,0.5,-1.74,49.01,49.87,0.22,0.21,0.53,3.57,48.16,0,normal,
W002301,2026-09-09T23:30:00,node:srvzy,node,2.26,11.4,3.57,-0.4,38.06,40.61,-0.19,0.0,1.57,3.81,39.67,0,normal,
W002302,2026-09-09T23:30:00,guest:100_AD-Zentyal,guest,13.34,19.14,3.99,-0.46,62.92,65.26,0.08,0.35,1.25,6.96,37.25,0,normal,
W002303,2026-09-09T23:30:00,guest:101_win11,guest,17.26,22.18,3.3,1.67,55.37,59.77,-0.29,0.16,1.17,7.79,37.99,0,normal,
W002304,2026-09-09T23:30:00,guest:402_NS1,guest,9.21,15.96,4.57,-0.06,32.05,33.5,0.19,0.4,1.28,3.92,39.54,0,normal,
W002309,2026-09-10T00:00:00,guest:101_win11,guest,16.04,24.84,3.02,-0.06,55.15,57.06,0.66,0.35,1.11,7.36,37.48,0,normal,
W002308,2026-09-10T00:00:00,guest:100_AD-Zentyal,guest,7.6,12.56,1.31,-1.85,61.16,63.24,-0.29,0.2,1.16,1.02,37.52,0,normal,
W002310,2026-09-10T00:00:00,guest:402_NS1,guest,5.86,11.12,2.09,1.2,29.76,32.24,-0.19,0.08,0.49,5.56,37.55,0,normal,
W002306,2026-09-10T00:00:00,node:dl360-04,node,17.94,23.85,2.7,0.91,49.57,52.32,0.14,0.14,0.67,7.05,47.65,0,normal,
W002305,2026-09-10T00:00:00,node:dl380-01,node,24.85,30.94,4.31,1.04,57.26,59.73,0.05,0.47,1.1,6.89,45.4,0,normal,
W002307,2026-09-10T00:00:00,node:srvzy,node,10.53,14.5,2.35,-1.41,37.76,39.84,0.54,0.32,1.88,5.18,41.45,0,normal,
W002315,2026-09-10T00:30:00,guest:101_win11,guest,19.69,23.06,1.7,-2.33,57.83,59.74,-0.14,0.24,1.28,4.23,34.42,0,normal,
W002314,2026-09-10T00:30:00,guest:100_AD-Zentyal,guest,14.3,22.19,2.1,0.34,65.78,68.25,-0.59,0.17,0.7,3.41,34.23,0,normal,
W002316,2026-09-10T00:30:00,guest:402_NS1,guest,2.0,3.97,2.78,1.12,35.91,36.27,0.25,0.18,2.15,9.82,39.95,0,normal,
W002312,2026-09-10T00:30:00,node:dl360-04,node,22.85,25.02,4.06,-0.73,49.82,51.52,0.05,0.42,0.97,8.07,46.0,0,normal,
W002311,2026-09-10T00:30:00,node:dl380-01,node,20.66,29.09,0.95,0.45,54.58,56.8,0.2,0.09,0.49,9.77,42.98,0,normal,
W002313,2026-09-10T00:30:00,node:srvzy,node,8.69,10.63,2.16,1.52,41.52,44.4,0.02,0.64,1.55,3.69,42.68,0,normal,
W002317,2026-09-10T01:00:00,node:dl380-01,node,20.08,27.23,2.1,-0.72,51.63,54.25,0.62,0.23,0.74,0.72,43.47,0,normal,
W002318,2026-09-10T01:00:00,node:dl360-04,node,18.58,28.41,3.88,0.5,48.23,51.51,-0.44,0.21,1.7,1.95,46.05,0,normal,
W002319,2026-09-10T01:00:00,node:srvzy,node,9.48,15.73,3.65,1.83,40.93,44.32,-0.37,0.27,2.03,11.0,39.19,0,normal,
W002320,2026-09-10T01:00:00,guest:100_AD-Zentyal,guest,10.23,16.64,2.92,1.53,66.38,68.42,0.45,0.43,1.22,0.1,38.63,0,normal,
W002321,2026-09-10T01:00:00,guest:101_win11,guest,14.39,21.56,1.52,2.35,56.34,57.2,-0.52,0.44,1.52,3.78,37.8,0,normal,
W002322,2026-09-10T01:00:00,guest:402_NS1,guest,6.61,13.03,1.8,1.15,34.58,37.14,-0.33,0.03,0.86,7.96,38.66,0,normal,
W002327,2026-09-10T01:30:00,guest:101_win11,guest,16.44,22.93,2.53,-2.06,58.63,60.28,-0.06,0.49,1.37,8.18,38.01,0,normal,
W002326,2026-09-10T01:30:00,guest:100_AD-Zentyal,guest,13.61,18.97,3.43,1.99,60.6,62.73,0.78,0.05,0.81,3.83,38.68,0,normal,
W002328,2026-09-10T01:30:00,guest:402_NS1,guest,4.99,11.92,1.38,-0.18,35.02,36.12,-0.29,0.12,0.99,9.38,37.92,0,normal,
W002324,2026-09-10T01:30:00,node:dl360-04,node,19.41,22.05,2.07,-0.38,47.93,50.55,0.04,0.42,1.06,6.29,46.22,0,normal,
W002323,2026-09-10T01:30:00,node:dl380-01,node,19.32,23.97,1.7,-0.02,53.05,56.16,-0.19,0.22,1.84,9.82,41.78,0,normal,
W002325,2026-09-10T01:30:00,node:srvzy,node,2.41,9.86,2.6,-0.86,39.3,40.9,-0.1,0.65,2.29,3.01,41.83,0,normal,
W002329,2026-09-10T02:00:00,node:dl380-01,node,9.38,17.33,2.06,0.61,52.73,53.87,-0.03,0.21,1.13,2.34,41.31,0,normal,
W002330,2026-09-10T02:00:00,node:dl360-04,node,16.56,25.89,3.08,-0.78,46.67,47.99,0.36,0.13,1.29,6.91,47.86,0,normal,
W002331,2026-09-10T02:00:00,node:srvzy,node,10.72,18.35,1.03,0.73,40.21,41.83,0.54,0.27,0.86,8.37,40.39,0,normal,
W002332,2026-09-10T02:00:00,guest:100_AD-Zentyal,guest,7.97,10.59,1.68,-0.88,64.12,65.1,-0.74,0.36,0.91,4.95,38.92,0,normal,
W002333,2026-09-10T02:00:00,guest:101_win11,guest,12.25,22.78,2.43,1.21,55.01,57.12,-0.37,0.14,0.85,1.01,37.24,0,normal,
W002334,2026-09-10T02:00:00,guest:402_NS1,guest,2.94,9.64,1.19,0.84,36.06,39.54,0.76,0.31,0.97,6.46,36.64,0,normal,
W002339,2026-09-10T02:30:00,guest:101_win11,guest,18.93,27.69,0.65,1.6,54.86,58.18,-0.29,0.4,0.94,3.91,37.93,0,normal,
W002338,2026-09-10T02:30:00,guest:100_AD-Zentyal,guest,8.21,15.69,1.02,1.3,63.12,64.84,0.85,0.51,0.9,4.67,41.1,0,normal,
W002340,2026-09-10T02:30:00,guest:402_NS1,guest,2.0,15.12,1.47,-1.3,34.13,37.42,-0.13,0.09,0.52,1.91,37.46,0,normal,
W002336,2026-09-10T02:30:00,node:dl360-04,node,10.92,20.69,1.94,-0.41,49.89,53.21,0.59,0.03,1.02,5.81,45.92,0,normal,
W002335,2026-09-10T02:30:00,node:dl380-01,node,10.91,19.37,2.27,-1.76,52.09,53.87,0.0,0.3,1.65,1.13,42.77,0,normal,
W002337,2026-09-10T02:30:00,node:srvzy,node,7.23,17.09,3.54,1.08,40.37,44.64,-0.16,0.02,0.72,5.17,42.95,0,normal,
W002345,2026-09-10T03:00:00,guest:101_win11,guest,17.77,26.43,2.56,0.98,58.42,59.8,0.01,0.08,0.83,9.8,38.72,0,normal,
W002344,2026-09-10T03:00:00,guest:100_AD-Zentyal,guest,9.56,15.65,1.65,0.54,63.18,66.11,0.64,0.33,0.8,1.76,39.65,0,normal,
W002346,2026-09-10T03:00:00,guest:402_NS1,guest,4.75,6.82,1.84,0.12,32.68,34.71,0.1,0.19,0.99,4.72,36.05,0,normal,
W002342,2026-09-10T03:00:00,node:dl360-04,node,10.15,14.83,3.63,-1.36,49.96,50.55,-0.63,0.0,0.85,7.36,48.04,0,normal,
W002341,2026-09-10T03:00:00,node:dl380-01,node,17.03,24.31,2.86,0.99,52.33,53.59,0.06,0.29,1.19,3.04,44.07,0,normal,
W002343,2026-09-10T03:00:00,node:srvzy,node,11.52,20.11,1.67,-1.01,41.49,44.91,-0.41,0.56,0.59,6.34,40.95,0,normal,
W002347,2026-09-10T03:30:00,node:dl380-01,node,23.73,28.31,0.5,2.14,51.54,54.44,-0.27,0.41,1.19,8.17,42.78,0,normal,
W002348,2026-09-10T03:30:00,node:dl360-04,node,11.98,18.75,2.12,-2.32,46.99,51.85,-0.73,0.35,1.05,10.68,44.44,0,normal,
W002349,2026-09-10T03:30:00,node:srvzy,node,7.63,15.69,2.32,-0.92,40.03,41.72,-0.12,0.49,1.45,6.83,41.6,0,normal,
W002350,2026-09-10T03:30:00,guest:100_AD-Zentyal,guest,13.63,23.54,2.21,0.98,60.74,60.99,0.73,0.23,1.13,1.49,35.2,0,normal,
W002351,2026-09-10T03:30:00,guest:101_win11,guest,9.78,17.71,1.98,-0.4,54.73,57.89,0.35,0.2,1.28,4.43,36.6,0,normal,
W002352,2026-09-10T03:30:00,guest:402_NS1,guest,4.1,12.03,1.61,0.6,37.56,39.75,0.01,0.28,1.27,0.34,39.65,0,normal,
W002357,2026-09-10T04:00:00,guest:101_win11,guest,18.51,20.2,1.68,-1.51,58.61,61.03,-0.19,0.19,1.06,1.93,37.97,0,normal,
W002356,2026-09-10T04:00:00,guest:100_AD-Zentyal,guest,9.46,14.26,0.69,-1.46,62.97,63.21,-0.8,0.23,0.98,4.73,33.83,0,normal,
W002358,2026-09-10T04:00:00,guest:402_NS1,guest,3.15,10.71,2.99,-0.71,29.57,31.33,-0.58,0.32,1.01,3.91,35.46,0,normal,
W002354,2026-09-10T04:00:00,node:dl360-04,node,5.82,11.37,4.91,1.02,47.22,49.17,0.27,0.05,0.51,6.86,48.79,0,normal,
W002355,2026-09-10T04:00:00,node:srvzy,node,6.53,17.24,1.75,-4.06,41.61,44.15,0.29,0.44,1.32,4.89,41.07,0,normal,
W002353,2026-09-10T04:00:00,node:dl380-01,node,21.51,25.57,2.53,-0.67,53.81,55.87,0.09,0.09,0.7,9.11,42.6,0,normal,
W002359,2026-09-10T04:30:00,node:dl380-01,node,22.23,26.86,4.85,0.04,53.9,55.94,0.14,0.52,1.76,0.37,44.69,0,normal,
W002360,2026-09-10T04:30:00,node:dl360-04,node,16.81,22.92,4.21,2.1,49.9,51.35,-0.48,0.45,1.79,0.42,48.03,0,normal,
W002361,2026-09-10T04:30:00,node:srvzy,node,7.18,7.75,2.97,1.09,39.64,40.58,0.68,0.17,1.43,1.13,42.03,0,normal,
W002362,2026-09-10T04:30:00,guest:100_AD-Zentyal,guest,12.43,21.05,3.99,-0.98,64.21,64.84,-0.55,0.18,1.15,10.7,40.19,0,normal,
W002363,2026-09-10T04:30:00,guest:101_win11,guest,11.83,18.75,3.44,0.92,55.96,58.04,-0.04,0.26,0.92,5.31,36.79,0,normal,
W002364,2026-09-10T04:30:00,guest:402_NS1,guest,2.0,10.59,3.02,2.25,33.93,35.52,-0.25,0.31,1.33,4.94,35.2,0,normal,
W002365,2026-09-10T05:00:00,node:dl380-01,node,16.76,22.81,3.24,-1.78,54.06,56.28,-0.18,0.18,0.69,6.89,45.57,0,normal,
W002366,2026-09-10T05:00:00,node:dl360-04,node,20.54,23.16,2.31,-2.63,48.78,51.38,0.63,0.06,0.42,6.9,44.45,0,normal,
W002367,2026-09-10T05:00:00,node:srvzy,node,9.95,17.81,1.22,0.16,38.4,41.78,0.08,0.17,0.48,7.63,43.92,0,normal,
W002368,2026-09-10T05:00:00,guest:100_AD-Zentyal,guest,9.64,14.32,1.75,1.87,60.15,63.44,-0.15,0.29,0.95,7.18,36.78,0,normal,
W002369,2026-09-10T05:00:00,guest:101_win11,guest,18.05,27.34,1.52,0.8,55.94,58.0,0.61,0.17,1.34,7.84,37.59,0,normal,
W002370,2026-09-10T05:00:00,guest:402_NS1,guest,7.63,14.37,1.34,-0.73,31.7,33.43,0.54,0.42,0.64,5.64,38.23,0,normal,
W002376,2026-09-10T05:30:00,guest:402_NS1,guest,8.21,16.66,3.49,0.1,29.77,32.93,-0.36,0.07,0.43,13.92,38.54,0,normal,
W002374,2026-09-10T05:30:00,guest:100_AD-Zentyal,guest,13.55,18.94,3.36,-1.64,60.51,63.48,0.08,0.49,0.95,10.32,38.88,0,normal,
W002375,2026-09-10T05:30:00,guest:101_win11,guest,14.23,20.86,2.85,-1.03,55.89,58.22,-0.17,0.01,0.92,8.97,39.48,0,normal,
W002373,2026-09-10T05:30:00,node:srvzy,node,7.44,9.89,2.13,-0.64,42.85,43.5,-0.22,0.34,1.65,8.6,44.31,0,normal,
W002371,2026-09-10T05:30:00,node:dl380-01,node,21.95,26.0,1.26,-0.07,54.61,56.84,-0.35,0.65,1.41,7.05,42.89,0,normal,
W002372,2026-09-10T05:30:00,node:dl360-04,node,20.22,27.93,2.81,-1.38,50.56,53.31,0.41,0.31,1.08,5.92,50.3,0,normal,
W002377,2026-09-10T06:00:00,node:dl380-01,node,17.35,21.3,2.5,0.65,54.5,55.57,0.13,0.18,1.4,7.67,43.36,0,normal,
W002378,2026-09-10T06:00:00,node:dl360-04,node,20.41,27.56,2.03,0.88,50.13,53.33,0.28,0.26,0.38,8.06,48.01,0,normal,
W002379,2026-09-10T06:00:00,node:srvzy,node,11.18,14.21,3.18,-1.09,42.23,45.93,-0.1,0.39,1.2,9.08,42.66,0,normal,
W002380,2026-09-10T06:00:00,guest:100_AD-Zentyal,guest,12.19,15.48,4.09,0.53,65.49,67.89,0.39,0.12,0.95,9.02,40.44,0,normal,
W002381,2026-09-10T06:00:00,guest:101_win11,guest,25.36,32.58,1.84,-1.43,55.37,56.6,-1.16,0.16,1.25,7.73,38.11,0,normal,
W002382,2026-09-10T06:00:00,guest:402_NS1,guest,2.32,11.47,3.01,-0.02,30.04,31.54,0.17,0.29,1.17,9.56,38.73,0,normal,
W002383,2026-09-10T06:30:00,node:dl380-01,node,23.27,26.74,1.28,0.57,55.23,57.75,0.05,0.24,1.12,8.64,45.16,0,normal,
W002384,2026-09-10T06:30:00,node:dl360-04,node,27.12,30.36,5.73,-1.51,49.69,50.5,0.12,0.5,1.31,10.42,46.86,0,normal,
W002385,2026-09-10T06:30:00,node:srvzy,node,3.83,11.71,2.53,-0.58,40.26,42.67,-0.33,0.38,1.65,13.68,44.61,0,normal,
W002386,2026-09-10T06:30:00,guest:100_AD-Zentyal,guest,14.57,21.34,2.1,-0.56,65.57,67.26,0.15,0.11,1.46,6.53,40.13,0,normal,
W002387,2026-09-10T06:30:00,guest:101_win11,guest,13.54,17.27,3.83,-0.75,54.18,55.14,0.34,0.45,0.95,5.6,39.51,0,normal,
W002388,2026-09-10T06:30:00,guest:402_NS1,guest,12.61,18.4,3.05,1.05,37.88,38.72,-0.27,0.2,1.33,6.74,38.97,0,normal,
W002394,2026-09-10T07:00:00,guest:402_NS1,guest,13.5,23.57,1.56,1.15,36.32,37.67,0.42,0.39,0.51,10.46,38.07,0,normal,
W002393,2026-09-10T07:00:00,guest:101_win11,guest,22.59,31.56,1.76,1.11,58.95,61.8,0.63,0.3,1.23,0.79,40.9,0,normal,
W002392,2026-09-10T07:00:00,guest:100_AD-Zentyal,guest,22.47,33.07,1.46,-0.17,66.01,68.93,0.24,0.21,1.24,11.49,37.83,0,normal,
W002391,2026-09-10T07:00:00,node:srvzy,node,12.57,14.7,2.68,-2.12,40.27,42.76,0.48,0.77,1.4,6.11,44.01,0,normal,
W002390,2026-09-10T07:00:00,node:dl360-04,node,18.38,23.64,4.22,-1.88,48.35,50.39,-0.25,0.4,1.18,9.47,48.4,0,normal,
W002389,2026-09-10T07:00:00,node:dl380-01,node,23.36,29.36,2.61,1.24,52.74,54.59,-0.49,0.35,1.07,11.91,45.22,0,normal,
W002395,2026-09-10T07:30:00,node:dl380-01,node,17.06,24.16,2.43,1.68,54.81,57.59,0.2,0.5,0.95,9.3,45.01,0,normal,
W002396,2026-09-10T07:30:00,node:dl360-04,node,22.22,28.98,1.89,-0.41,52.45,52.76,0.28,0.55,1.58,14.62,49.63,0,normal,
W002397,2026-09-10T07:30:00,node:srvzy,node,14.27,18.87,2.9,0.82,41.49,42.75,-0.48,0.34,0.54,7.29,39.58,0,normal,
W002398,2026-09-10T07:30:00,guest:100_AD-Zentyal,guest,18.85,28.31,2.58,2.2,66.91,69.39,-0.05,0.23,1.26,8.28,40.05,0,normal,
W002399,2026-09-10T07:30:00,guest:101_win11,guest,20.11,25.42,3.6,-0.27,57.52,58.54,-0.11,0.73,1.17,10.02,38.54,0,normal,
W002400,2026-09-10T07:30:00,guest:402_NS1,guest,2.18,9.86,1.94,0.38,36.26,38.5,0.13,0.13,1.21,8.14,36.23,0,normal,
W002405,2026-09-10T08:00:00,guest:101_win11,guest,18.75,24.16,1.97,-0.73,57.11,59.1,0.07,0.49,1.28,13.35,39.11,0,normal,
W002404,2026-09-10T08:00:00,guest:100_AD-Zentyal,guest,24.08,29.98,3.29,1.31,63.0,64.17,0.31,0.17,1.25,15.03,37.82,0,normal,
W002406,2026-09-10T08:00:00,guest:402_NS1,guest,7.8,12.88,2.96,1.03,37.63,39.92,0.3,0.57,1.06,9.37,44.16,0,normal,
W002402,2026-09-10T08:00:00,node:dl360-04,node,19.69,27.08,3.07,0.29,47.7,50.04,-0.17,0.64,1.9,8.84,51.65,0,normal,
W002401,2026-09-10T08:00:00,node:dl380-01,node,27.9,37.29,3.98,2.6,56.39,58.91,0.44,0.12,0.25,8.57,47.92,0,normal,
W002403,2026-09-10T08:00:00,node:srvzy,node,16.2,17.19,2.42,1.96,40.52,42.46,-0.54,0.06,0.53,6.32,43.07,0,normal,
W002411,2026-09-10T08:30:00,guest:101_win11,guest,17.51,23.86,1.47,2.84,61.28,64.83,0.04,0.5,1.27,13.37,39.38,0,normal,
W002410,2026-09-10T08:30:00,guest:100_AD-Zentyal,guest,15.46,23.27,3.58,1.21,64.96,68.09,-0.41,0.66,1.05,3.91,42.05,0,normal,
W002412,2026-09-10T08:30:00,guest:402_NS1,guest,17.55,22.16,2.15,-0.56,35.35,36.96,0.19,0.2,1.32,14.56,40.12,0,normal,
W002408,2026-09-10T08:30:00,node:dl360-04,node,25.1,25.81,1.77,-1.58,48.42,50.62,0.49,0.01,0.59,4.75,48.09,0,normal,
W002407,2026-09-10T08:30:00,node:dl380-01,node,28.0,35.53,3.39,-1.6,53.84,54.82,0.17,0.23,1.06,9.07,43.56,0,normal,
W002409,2026-09-10T08:30:00,node:srvzy,node,15.25,23.55,0.5,0.66,40.25,41.03,0.03,0.43,1.19,6.72,43.85,0,normal,
W002413,2026-09-10T09:00:00,node:dl380-01,node,34.83,44.22,4.64,-0.07,52.53,53.82,-0.24,0.11,0.19,14.37,43.99,0,normal,
W002414,2026-09-10T09:00:00,node:dl360-04,node,27.32,39.88,1.72,0.47,49.8,52.63,-0.48,0.27,1.52,11.15,47.33,0,normal,
W002415,2026-09-10T09:00:00,node:srvzy,node,21.42,23.53,2.58,0.7,42.73,47.27,0.29,0.26,1.3,11.92,44.84,0,normal,
W002416,2026-09-10T09:00:00,guest:100_AD-Zentyal,guest,20.92,25.62,2.71,-0.61,62.1,65.24,-0.23,0.33,0.82,9.1,39.22,0,normal,
W002417,2026-09-10T09:00:00,guest:101_win11,guest,25.39,34.96,2.53,-0.64,55.47,58.27,-0.27,0.08,0.89,10.29,38.5,0,normal,
W002418,2026-09-10T09:00:00,guest:402_NS1,guest,9.24,16.25,1.84,0.61,35.78,38.83,-0.33,0.35,1.4,9.42,42.47,0,normal,
W002423,2026-09-10T09:30:00,guest:101_win11,guest,19.25,25.4,3.19,0.25,55.3,60.12,0.08,0.03,0.96,12.58,42.27,0,normal,
W002424,2026-09-10T09:30:00,guest:402_NS1,guest,17.32,22.67,0.78,0.55,32.56,35.78,-0.29,0.43,0.96,9.82,39.58,0,normal,
W002421,2026-09-10T09:30:00,node:srvzy,node,16.2,19.51,3.36,2.36,44.05,44.42,0.3,0.38,0.8,15.16,45.43,0,normal,
W002420,2026-09-10T09:30:00,node:dl360-04,node,27.16,31.9,3.71,-1.14,49.81,51.51,0.61,0.33,0.41,14.15,52.55,0,normal,
W002419,2026-09-10T09:30:00,node:dl380-01,node,21.24,24.74,0.8,-0.88,55.24,58.07,-0.06,0.18,0.36,7.65,47.24,0,normal,
W002422,2026-09-10T09:30:00,guest:100_AD-Zentyal,guest,24.67,27.49,2.9,-1.07,65.96,69.44,-0.57,0.03,1.21,11.25,42.53,0,normal,
W002425,2026-09-10T10:00:00,node:dl380-01,node,31.51,35.64,3.27,-0.71,55.58,57.62,0.06,0.12,1.2,11.69,48.32,0,normal,
W002426,2026-09-10T10:00:00,node:dl360-04,node,25.94,33.7,2.09,-0.95,51.77,53.27,0.58,0.31,0.56,10.74,49.0,0,normal,
W002427,2026-09-10T10:00:00,node:srvzy,node,22.76,31.08,2.44,0.35,42.84,45.7,0.21,0.44,1.16,10.61,46.5,0,normal,
W002428,2026-09-10T10:00:00,guest:100_AD-Zentyal,guest,27.43,36.75,4.08,0.19,64.25,65.37,0.55,0.07,1.47,10.14,44.39,0,normal,
W002429,2026-09-10T10:00:00,guest:101_win11,guest,23.75,31.92,4.89,-0.4,58.38,59.68,-0.4,0.23,0.81,8.75,41.18,0,normal,
W002430,2026-09-10T10:00:00,guest:402_NS1,guest,17.57,20.89,2.34,1.69,33.44,37.38,-0.27,0.34,1.65,17.25,42.2,0,normal,
W002435,2026-09-10T10:30:00,guest:101_win11,guest,26.23,39.63,1.76,-0.38,57.72,60.8,0.45,0.21,1.84,10.37,43.04,0,normal,
W002436,2026-09-10T10:30:00,guest:402_NS1,guest,21.09,23.01,3.08,-3.27,37.48,38.38,0.23,0.45,1.7,15.17,41.58,0,normal,
W002434,2026-09-10T10:30:00,guest:100_AD-Zentyal,guest,23.42,25.74,2.38,1.2,65.87,68.67,-0.64,0.01,0.52,11.65,42.0,0,normal,
W002433,2026-09-10T10:30:00,node:srvzy,node,20.01,29.62,3.86,-0.49,39.02,40.13,0.31,0.72,1.5,10.68,49.1,0,normal,
W002432,2026-09-10T10:30:00,node:dl360-04,node,20.82,26.6,4.05,-1.02,52.62,54.08,-0.32,0.08,1.38,15.14,48.95,0,normal,
W002431,2026-09-10T10:30:00,node:dl380-01,node,26.57,30.22,1.93,2.27,55.31,57.63,-0.42,0.07,0.88,11.53,47.12,0,normal,
W002437,2026-09-10T11:00:00,node:dl380-01,node,29.33,35.1,1.38,-0.25,55.89,57.1,-0.7,0.04,0.5,12.61,48.66,0,normal,
W002438,2026-09-10T11:00:00,node:dl360-04,node,18.27,24.98,2.38,-1.41,50.64,53.69,-0.39,0.32,1.25,11.07,52.63,0,normal,
W002439,2026-09-10T11:00:00,node:srvzy,node,22.07,27.31,4.86,1.22,40.38,41.99,0.99,0.1,0.93,17.23,47.1,0,normal,
W002440,2026-09-10T11:00:00,guest:100_AD-Zentyal,guest,26.44,34.66,2.53,-0.95,67.2,68.79,-0.19,0.6,1.24,18.65,42.51,0,normal,
W002441,2026-09-10T11:00:00,guest:101_win11,guest,25.1,25.65,4.62,-0.01,55.33,58.31,-0.02,0.11,1.29,5.89,41.05,0,normal,
W002442,2026-09-10T11:00:00,guest:402_NS1,guest,16.61,25.17,4.74,-0.29,37.24,41.99,0.0,0.39,0.7,19.41,41.05,0,normal,
W002446,2026-09-10T11:30:00,guest:100_AD-Zentyal,guest,24.37,31.04,1.93,-0.34,63.41,65.29,-0.39,0.32,0.83,7.38,45.5,0,normal,
W002445,2026-09-10T11:30:00,node:srvzy,node,26.15,32.89,3.4,0.63,42.83,44.62,-0.16,0.35,0.97,14.84,46.72,0,normal,
W002447,2026-09-10T11:30:00,guest:101_win11,guest,24.85,35.19,1.97,2.04,57.34,59.52,-0.44,0.82,1.52,16.02,42.8,0,normal,
W002443,2026-09-10T11:30:00,node:dl380-01,node,31.6,38.32,2.59,-0.52,56.85,60.61,0.91,0.26,0.89,11.11,52.15,0,normal,
W002444,2026-09-10T11:30:00,node:dl360-04,node,28.11,37.45,3.2,2.65,50.97,51.86,0.74,0.48,1.46,18.14,51.89,0,normal,
W002448,2026-09-10T11:30:00,guest:402_NS1,guest,17.57,25.12,3.86,0.8,36.71,39.23,0.77,0.22,0.28,10.25,40.59,0,normal,
W002454,2026-09-10T12:00:00,guest:402_NS1,guest,19.61,21.49,2.58,-1.82,37.17,39.82,0.43,0.28,1.38,11.62,44.05,0,normal,
W002452,2026-09-10T12:00:00,guest:100_AD-Zentyal,guest,24.72,26.55,2.34,0.73,68.23,70.91,0.48,0.69,1.33,22.75,39.57,0,normal,
W002453,2026-09-10T12:00:00,guest:101_win11,guest,24.2,30.8,3.05,-0.22,58.84,63.04,-0.22,0.1,1.57,16.88,44.24,0,normal,
W002450,2026-09-10T12:00:00,node:dl360-04,node,33.5,40.32,3.3,0.86,51.51,53.61,-0.05,0.13,0.19,12.25,51.9,0,normal,
W002451,2026-09-10T12:00:00,node:srvzy,node,25.73,34.12,2.22,-0.82,43.41,44.43,-0.85,0.01,1.36,19.9,47.73,0,normal,
W002449,2026-09-10T12:00:00,node:dl380-01,node,28.84,32.3,2.48,0.3,57.16,58.43,0.4,0.41,1.84,16.87,48.07,0,normal,
W002455,2026-09-10T12:30:00,node:dl380-01,node,34.29,37.89,3.03,1.31,56.87,58.05,0.07,0.41,0.88,11.31,49.38,0,normal,
W002456,2026-09-10T12:30:00,node:dl360-04,node,31.81,44.26,3.17,-1.45,55.4,58.46,-0.8,0.09,0.7,16.84,48.03,0,normal,
W002457,2026-09-10T12:30:00,node:srvzy,node,21.51,29.85,0.5,0.9,45.29,46.45,-0.46,0.13,0.4,13.35,46.93,0,normal,
W002458,2026-09-10T12:30:00,guest:100_AD-Zentyal,guest,20.66,29.58,2.6,0.31,66.01,68.75,0.52,0.22,1.32,16.65,43.22,0,normal,
W002459,2026-09-10T12:30:00,guest:101_win11,guest,32.8,36.62,2.08,-0.93,61.04,62.76,-0.28,0.63,2.16,13.34,40.55,0,normal,
W002460,2026-09-10T12:30:00,guest:402_NS1,guest,25.45,32.86,2.92,0.13,35.29,36.88,0.27,0.21,1.18,14.37,41.01,0,normal,
W002465,2026-09-10T13:00:00,guest:101_win11,guest,30.26,39.71,1.91,-1.28,62.69,63.24,0.4,0.19,1.14,18.06,43.61,0,normal,
W002464,2026-09-10T13:00:00,guest:100_AD-Zentyal,guest,21.8,23.12,2.67,-0.47,66.33,69.36,-0.04,0.68,1.25,11.92,41.01,0,normal,
W002466,2026-09-10T13:00:00,guest:402_NS1,guest,18.69,28.88,2.79,4.42,33.86,34.14,0.4,0.29,1.41,11.53,42.98,0,normal,
W002462,2026-09-10T13:00:00,node:dl360-04,node,24.49,28.09,2.91,0.32,49.56,52.76,0.62,0.39,0.58,15.31,52.41,0,normal,
W002461,2026-09-10T13:00:00,node:dl380-01,node,38.4,46.18,2.83,0.67,53.7,55.21,-0.61,0.32,1.26,15.25,50.67,0,normal,
W002463,2026-09-10T13:00:00,node:srvzy,node,21.78,31.82,2.38,2.53,45.34,47.62,0.37,0.61,1.77,14.6,45.91,0,normal,
W002471,2026-09-10T13:30:00,guest:101_win11,guest,25.22,31.33,3.44,0.44,59.96,61.98,-0.62,0.12,1.37,13.31,44.61,0,normal,
W002470,2026-09-10T13:30:00,guest:100_AD-Zentyal,guest,25.13,27.76,3.08,0.48,66.65,67.26,0.48,0.35,1.6,8.52,42.98,0,normal,
W002472,2026-09-10T13:30:00,guest:402_NS1,guest,22.62,31.26,2.83,-0.52,36.66,39.3,-0.85,0.55,1.15,14.57,42.78,0,normal,
W002468,2026-09-10T13:30:00,node:dl360-04,node,29.92,34.67,3.97,1.11,52.44,52.59,0.28,0.09,0.8,14.85,54.74,0,normal,
W002467,2026-09-10T13:30:00,node:dl380-01,node,34.33,38.7,2.73,-1.63,57.64,61.09,-0.5,0.04,1.32,10.88,50.16,0,normal,
W002469,2026-09-10T13:30:00,node:srvzy,node,21.84,23.57,3.97,0.87,45.31,48.79,0.69,0.12,0.37,17.36,46.5,0,normal,
W002473,2026-09-10T14:00:00,node:dl380-01,node,32.86,34.92,2.65,0.71,53.32,54.02,0.36,0.44,1.36,12.95,50.07,0,normal,
W002474,2026-09-10T14:00:00,node:dl360-04,node,25.79,31.38,1.19,-0.19,50.15,52.9,0.17,0.19,1.42,12.13,51.95,0,normal,
W002475,2026-09-10T14:00:00,node:srvzy,node,20.85,29.08,3.14,1.56,44.15,45.11,-0.17,0.61,1.28,9.25,47.67,0,normal,
W002476,2026-09-10T14:00:00,guest:100_AD-Zentyal,guest,27.83,31.65,2.25,-1.02,67.94,70.0,-0.47,0.3,0.8,19.38,44.34,0,normal,
W002477,2026-09-10T14:00:00,guest:101_win11,guest,27.57,33.82,3.51,-0.21,61.37,64.84,-0.2,0.63,1.97,15.75,42.33,0,normal,
W002478,2026-09-10T14:00:00,guest:402_NS1,guest,20.83,26.09,1.71,0.64,35.16,36.82,-0.13,0.03,1.09,14.31,44.95,0,normal,
W002484,2026-09-10T14:30:00,guest:402_NS1,guest,11.94,15.68,2.24,-1.3,33.95,34.97,0.02,0.31,1.47,21.19,44.03,0,normal,
W002482,2026-09-10T14:30:00,guest:100_AD-Zentyal,guest,25.75,29.12,2.57,1.61,68.62,70.59,0.82,0.84,1.45,14.26,44.04,0,normal,
W002483,2026-09-10T14:30:00,guest:101_win11,guest,24.8,33.35,2.6,0.45,58.96,60.18,-0.79,0.6,1.77,17.02,43.52,0,normal,
W002480,2026-09-10T14:30:00,node:dl360-04,node,31.87,34.82,3.09,1.07,53.66,54.79,0.37,0.36,0.92,14.52,52.71,0,normal,
W002479,2026-09-10T14:30:00,node:dl380-01,node,32.14,36.92,1.6,0.05,57.08,59.82,0.03,0.72,1.7,12.04,47.39,0,normal,
W002481,2026-09-10T14:30:00,node:srvzy,node,20.65,27.55,3.95,1.16,44.15,46.38,-0.22,0.2,0.38,15.75,48.02,0,normal,
W002489,2026-09-10T15:00:00,guest:101_win11,guest,27.33,36.49,2.49,0.67,60.24,63.65,-0.12,0.24,1.34,13.88,43.65,0,normal,
W002488,2026-09-10T15:00:00,guest:100_AD-Zentyal,guest,23.72,34.0,2.29,-0.24,66.41,69.39,-0.38,0.27,0.86,13.14,42.95,0,normal,
W002490,2026-09-10T15:00:00,guest:402_NS1,guest,27.91,30.97,4.03,-0.59,39.34,42.03,0.24,0.27,0.97,12.66,42.91,0,normal,
W002486,2026-09-10T15:00:00,node:dl360-04,node,35.16,40.73,4.27,-1.07,52.82,55.04,0.35,0.35,1.54,16.49,50.26,0,normal,
W002485,2026-09-10T15:00:00,node:dl380-01,node,32.11,43.51,0.92,-2.49,55.34,58.15,0.07,0.07,0.58,11.11,47.04,0,normal,
W002487,2026-09-10T15:00:00,node:srvzy,node,25.29,30.98,1.72,0.83,45.59,47.11,-0.14,0.02,0.1,14.1,48.09,0,normal,
W002491,2026-09-10T15:30:00,node:dl380-01,node,32.08,38.66,1.09,0.03,59.2,62.15,0.01,0.81,1.38,14.57,46.72,0,normal,
W002492,2026-09-10T15:30:00,node:dl360-04,node,28.31,39.68,2.13,-1.83,53.5,55.89,0.33,0.24,0.64,14.28,52.73,0,normal,
W002493,2026-09-10T15:30:00,node:srvzy,node,22.47,29.64,1.96,0.51,43.93,45.22,0.06,0.22,1.27,17.45,47.65,0,normal,
W002494,2026-09-10T15:30:00,guest:100_AD-Zentyal,guest,20.0,23.11,1.86,-0.96,65.95,68.88,0.28,0.22,1.25,15.82,42.85,0,normal,
W002495,2026-09-10T15:30:00,guest:101_win11,guest,31.75,35.76,2.55,-1.26,58.13,58.77,-0.39,0.32,1.0,14.02,42.45,0,normal,
W002496,2026-09-10T15:30:00,guest:402_NS1,guest,25.93,28.52,1.26,-1.01,36.8,39.32,0.25,0.49,1.25,13.64,45.35,0,normal,
W002502,2026-09-10T16:00:00,guest:402_NS1,guest,18.15,25.78,2.23,3.13,37.18,37.94,-0.34,0.11,0.58,15.94,40.94,0,normal,
W002501,2026-09-10T16:00:00,guest:101_win11,guest,26.47,30.17,2.77,0.09,59.5,60.22,-0.06,0.18,0.9,16.53,41.59,0,normal,
W002500,2026-09-10T16:00:00,guest:100_AD-Zentyal,guest,36.65,45.73,2.83,0.31,66.16,68.29,0.11,0.09,0.97,14.63,45.23,0,normal,
W002498,2026-09-10T16:00:00,node:dl360-04,node,27.07,35.07,2.3,0.67,53.81,55.62,0.43,0.06,1.12,17.43,52.99,0,normal,
W002497,2026-09-10T16:00:00,node:dl380-01,node,22.18,28.37,2.93,2.25,53.74,55.32,-0.54,0.06,0.78,16.83,50.41,0,normal,
W002499,2026-09-10T16:00:00,node:srvzy,node,17.78,23.16,2.8,0.53,43.94,47.37,-0.52,0.25,0.38,16.19,47.43,0,normal,
W002503,2026-09-10T16:30:00,node:dl380-01,node,30.77,40.2,1.98,0.81,53.7,55.33,-0.35,0.36,0.75,20.54,46.14,0,normal,
W002504,2026-09-10T16:30:00,node:dl360-04,node,32.9,41.54,2.81,0.07,55.07,59.54,-0.08,0.33,0.91,10.82,52.29,0,normal,
W002505,2026-09-10T16:30:00,node:srvzy,node,22.8,23.97,2.96,0.34,42.65,43.98,0.17,0.62,1.58,16.67,45.35,0,normal,
W002506,2026-09-10T16:30:00,guest:100_AD-Zentyal,guest,23.48,31.3,1.14,0.25,67.62,69.58,0.13,0.31,0.86,10.8,42.46,0,normal,
W002507,2026-09-10T16:30:00,guest:101_win11,guest,31.49,40.57,2.15,-0.44,58.94,60.5,0.12,0.51,2.22,11.84,43.57,0,normal,
W002508,2026-09-10T16:30:00,guest:402_NS1,guest,20.83,25.84,1.47,0.33,40.55,42.82,-0.31,0.27,0.61,14.39,43.62,0,normal,
W002513,2026-09-10T17:00:00,guest:101_win11,guest,28.79,36.03,3.9,-0.08,60.35,62.17,0.41,0.16,0.29,15.5,40.59,0,normal,
W002509,2026-09-10T17:00:00,node:dl380-01,node,28.23,32.0,2.78,-0.6,55.06,56.3,0.16,0.22,1.39,16.39,47.72,0,normal,
W002510,2026-09-10T17:00:00,node:dl360-04,node,25.83,32.22,2.35,-2.1,54.86,57.57,-0.19,0.08,0.81,11.77,51.03,0,normal,
W002511,2026-09-10T17:00:00,node:srvzy,node,13.08,17.67,2.09,-0.23,42.99,45.04,0.61,0.2,0.63,8.35,45.35,0,normal,
W002512,2026-09-10T17:00:00,guest:100_AD-Zentyal,guest,18.75,27.63,2.4,1.13,69.05,70.19,-0.14,0.57,1.44,15.1,43.67,0,normal,
W002514,2026-09-10T17:00:00,guest:402_NS1,guest,13.74,23.53,3.47,-0.41,30.93,33.47,0.27,0.4,1.39,12.99,41.51,0,normal,
W002519,2026-09-10T17:30:00,guest:101_win11,guest,25.14,35.93,2.19,0.05,60.61,62.82,-0.15,0.15,0.95,15.51,44.1,0,normal,
W002520,2026-09-10T17:30:00,guest:402_NS1,guest,12.53,23.82,2.21,1.11,35.09,35.48,-0.53,0.23,1.24,13.63,41.75,0,normal,
W002518,2026-09-10T17:30:00,guest:100_AD-Zentyal,guest,22.99,29.7,2.5,-0.01,64.79,67.05,-0.13,0.28,1.55,15.05,41.27,0,normal,
W002517,2026-09-10T17:30:00,node:srvzy,node,17.63,22.99,2.62,0.7,44.49,46.66,-0.22,0.18,0.5,15.31,45.2,0,normal,
W002516,2026-09-10T17:30:00,node:dl360-04,node,31.79,35.32,4.09,0.63,49.51,53.61,0.11,0.33,1.11,14.94,51.91,0,normal,
W002515,2026-09-10T17:30:00,node:dl380-01,node,26.79,30.69,2.82,0.41,57.84,58.43,-0.66,0.22,0.62,14.09,46.16,0,normal,
W002521,2026-09-10T18:00:00,node:dl380-01,node,32.91,38.92,2.78,3.73,55.99,57.29,0.19,0.45,1.37,12.97,49.72,0,normal,
W002522,2026-09-10T18:00:00,node:dl360-04,node,30.75,36.4,1.86,0.52,49.83,52.72,0.17,0.83,2.22,9.26,49.72,0,normal,
W002523,2026-09-10T18:00:00,node:srvzy,node,12.3,12.71,2.61,-1.43,45.95,49.11,-0.11,0.23,1.63,17.64,44.1,0,normal,
W002524,2026-09-10T18:00:00,guest:100_AD-Zentyal,guest,18.29,23.38,2.93,-0.62,66.81,70.76,-0.56,0.21,0.46,9.99,41.06,0,normal,
W002525,2026-09-10T18:00:00,guest:101_win11,guest,21.45,29.01,2.65,0.36,58.45,60.23,-0.14,0.25,1.22,6.73,41.93,0,normal,
W002526,2026-09-10T18:00:00,guest:402_NS1,guest,12.96,17.94,0.94,-0.43,36.5,38.96,-0.47,0.38,1.64,11.02,41.5,0,normal,
W002527,2026-09-10T18:30:00,node:dl380-01,node,21.76,25.07,2.77,1.15,54.92,59.59,0.13,0.05,1.36,8.74,47.99,0,normal,
W002528,2026-09-10T18:30:00,node:dl360-04,node,22.75,24.68,3.46,-0.31,54.11,55.09,-0.62,0.2,2.16,15.0,51.33,0,normal,
W002529,2026-09-10T18:30:00,node:srvzy,node,21.05,25.6,5.23,0.55,43.66,46.64,-0.51,0.12,0.83,15.47,43.55,0,normal,
W002530,2026-09-10T18:30:00,guest:100_AD-Zentyal,guest,21.76,27.14,0.93,-0.61,66.98,67.49,0.56,0.39,1.33,12.52,39.86,0,normal,
W002531,2026-09-10T18:30:00,guest:101_win11,guest,21.73,28.81,1.85,0.23,57.38,59.83,0.21,0.03,0.85,7.93,38.71,0,normal,
W002532,2026-09-10T18:30:00,guest:402_NS1,guest,13.92,28.31,3.28,1.67,37.1,39.3,0.36,0.17,1.16,16.03,42.55,0,normal,
W002538,2026-09-10T19:00:00,guest:402_NS1,guest,13.48,23.41,1.5,-1.27,36.8,37.12,-0.36,0.28,1.07,7.2,41.31,0,normal,
W002537,2026-09-10T19:00:00,guest:101_win11,guest,18.7,27.01,1.32,-0.95,60.67,61.46,-0.1,0.77,1.98,9.08,39.93,0,normal,
W002536,2026-09-10T19:00:00,guest:100_AD-Zentyal,guest,21.44,24.61,0.5,0.24,67.13,69.0,0.22,0.38,1.18,11.7,42.8,0,normal,
W002534,2026-09-10T19:00:00,node:dl360-04,node,19.61,29.49,2.61,0.08,48.42,49.65,-0.89,0.62,0.86,7.27,51.9,0,normal,
W002533,2026-09-10T19:00:00,node:dl380-01,node,31.42,37.97,4.19,-0.25,59.33,61.9,-0.15,0.06,0.54,8.42,46.64,0,normal,
W002535,2026-09-10T19:00:00,node:srvzy,node,18.43,24.79,2.84,1.14,42.7,43.15,0.29,0.38,1.65,7.55,43.68,0,normal,
W002544,2026-09-10T19:30:00,guest:402_NS1,guest,12.2,23.88,3.91,-0.86,37.98,41.59,-0.22,0.09,0.16,12.44,39.32,0,normal,
W002539,2026-09-10T19:30:00,node:dl380-01,node,29.01,33.02,4.16,0.41,53.71,57.33,-0.21,0.34,0.94,13.17,46.05,0,normal,
W002540,2026-09-10T19:30:00,node:dl360-04,node,22.6,28.12,2.0,1.29,48.25,50.22,0.04,0.28,1.46,6.78,50.63,0,normal,
W002541,2026-09-10T19:30:00,node:srvzy,node,12.71,17.19,1.15,-0.4,41.48,45.12,0.1,0.39,0.74,13.51,47.23,0,normal,
W002542,2026-09-10T19:30:00,guest:100_AD-Zentyal,guest,23.12,25.18,2.04,0.13,64.48,69.01,-0.19,0.29,0.85,11.99,42.85,0,normal,
W002543,2026-09-10T19:30:00,guest:101_win11,guest,22.47,27.82,1.43,1.45,58.26,60.07,-0.94,0.27,0.91,5.82,42.26,0,normal,
W002545,2026-09-10T20:00:00,node:dl380-01,node,26.44,30.73,1.72,-0.67,52.66,54.1,-0.29,0.3,1.14,6.79,47.65,0,normal,
W002546,2026-09-10T20:00:00,node:dl360-04,node,21.44,31.95,2.74,0.08,49.12,51.73,0.01,0.47,1.91,7.82,49.92,0,normal,
W002547,2026-09-10T20:00:00,node:srvzy,node,17.05,24.42,2.07,-0.5,40.95,42.35,-0.34,0.28,0.78,11.31,44.09,0,normal,
W002548,2026-09-10T20:00:00,guest:100_AD-Zentyal,guest,18.59,23.77,2.57,-0.3,66.4,67.96,0.15,0.04,1.12,8.32,38.63,0,normal,
W002549,2026-09-10T20:00:00,guest:101_win11,guest,16.01,18.36,2.02,1.8,56.84,57.05,0.15,0.08,1.2,8.74,39.59,0,normal,
W002550,2026-09-10T20:00:00,guest:402_NS1,guest,16.19,24.04,1.25,-1.32,31.79,36.39,-0.35,0.53,1.12,6.76,40.03,0,normal,
W002555,2026-09-10T20:30:00,guest:101_win11,guest,19.65,25.54,3.13,0.0,61.11,61.8,0.34,0.28,0.63,16.74,43.58,0,normal,
W002556,2026-09-10T20:30:00,guest:402_NS1,guest,11.27,18.61,2.03,-0.37,32.96,33.68,0.74,0.29,1.11,7.57,40.28,0,normal,
W002554,2026-09-10T20:30:00,guest:100_AD-Zentyal,guest,23.19,26.47,1.6,0.19,63.41,65.27,-0.29,0.22,0.46,12.48,41.81,0,normal,
W002551,2026-09-10T20:30:00,node:dl380-01,node,23.86,32.26,3.31,-0.71,52.41,53.21,-0.91,0.25,1.04,6.57,44.1,0,normal,
W002552,2026-09-10T20:30:00,node:dl360-04,node,21.94,26.05,2.29,-0.44,50.45,51.88,-0.2,0.08,0.86,10.27,48.73,0,normal,
W002553,2026-09-10T20:30:00,node:srvzy,node,21.69,28.18,2.34,0.6,45.8,48.06,-0.89,0.39,0.83,4.23,46.55,0,normal,
W002557,2026-09-10T21:00:00,node:dl380-01,node,17.67,21.34,1.3,1.55,51.51,52.33,-0.82,0.12,0.74,11.64,44.89,0,normal,
W002558,2026-09-10T21:00:00,node:dl360-04,node,18.49,25.39,2.06,2.89,48.42,50.83,0.33,0.18,1.04,7.2,48.63,0,normal,
W002559,2026-09-10T21:00:00,node:srvzy,node,13.28,18.86,1.34,2.24,42.54,42.95,-0.17,0.01,1.12,8.64,43.23,0,normal,
W002560,2026-09-10T21:00:00,guest:100_AD-Zentyal,guest,12.98,18.03,3.29,1.27,66.01,66.45,-0.07,0.35,0.86,3.73,37.29,0,normal,
W002561,2026-09-10T21:00:00,guest:101_win11,guest,23.18,25.6,2.55,-0.19,57.21,58.89,0.32,0.31,0.86,8.86,37.31,0,normal,
W002562,2026-09-10T21:00:00,guest:402_NS1,guest,11.6,15.55,1.88,0.62,33.75,35.4,0.47,0.11,1.1,11.55,40.97,0,normal,
W002568,2026-09-10T21:30:00,guest:402_NS1,guest,4.14,7.67,1.36,-0.41,35.42,38.17,0.72,0.3,1.16,8.63,39.7,0,normal,
W002567,2026-09-10T21:30:00,guest:101_win11,guest,15.39,21.5,1.18,1.55,57.61,59.75,0.33,0.05,0.6,9.22,36.58,0,normal,
W002566,2026-09-10T21:30:00,guest:100_AD-Zentyal,guest,12.22,17.9,2.15,0.42,63.61,65.45,0.65,0.04,0.84,5.36,40.24,0,normal,
W002563,2026-09-10T21:30:00,node:dl380-01,node,30.55,34.62,1.63,0.98,56.17,57.38,0.19,0.84,1.69,11.48,47.59,0,normal,
W002564,2026-09-10T21:30:00,node:dl360-04,node,28.69,35.43,3.75,-0.95,49.53,51.08,-0.75,0.02,0.99,10.05,46.66,0,normal,
W002565,2026-09-10T21:30:00,node:srvzy,node,18.38,21.05,2.76,-0.5,41.67,44.57,0.3,0.44,1.47,4.89,44.93,0,normal,
W002573,2026-09-10T22:00:00,guest:101_win11,guest,13.79,22.12,2.93,-0.28,56.37,58.55,-0.73,0.15,0.44,7.54,40.13,0,normal,
W002574,2026-09-10T22:00:00,guest:402_NS1,guest,9.67,14.14,1.79,-0.9,37.6,39.67,0.08,0.12,0.45,7.37,37.75,0,normal,
W002572,2026-09-10T22:00:00,guest:100_AD-Zentyal,guest,17.6,26.99,3.13,0.32,64.16,65.24,0.28,0.43,1.04,9.08,37.46,0,normal,
W002569,2026-09-10T22:00:00,node:dl380-01,node,22.39,31.16,3.42,0.62,56.72,58.75,-0.24,0.21,0.97,4.25,43.58,0,normal,
W002570,2026-09-10T22:00:00,node:dl360-04,node,14.01,21.04,2.85,-2.12,47.82,51.65,0.25,0.39,0.93,8.36,47.48,0,normal,
W002571,2026-09-10T22:00:00,node:srvzy,node,8.21,12.73,2.03,-1.79,38.62,40.42,-0.34,0.24,0.4,9.9,45.62,0,normal,
W002575,2026-09-10T22:30:00,node:dl380-01,node,21.47,27.83,3.1,-2.24,52.01,53.91,-0.26,0.24,1.08,5.27,44.79,0,normal,
W002576,2026-09-10T22:30:00,node:dl360-04,node,19.9,26.1,3.22,-2.61,47.95,50.84,-0.35,0.1,0.85,7.45,46.7,0,normal,
W002577,2026-09-10T22:30:00,node:srvzy,node,17.45,24.31,1.6,-1.73,41.73,42.8,0.86,0.39,1.41,8.25,44.18,0,normal,
W002578,2026-09-10T22:30:00,guest:100_AD-Zentyal,guest,5.62,8.01,3.53,1.8,61.78,61.96,0.07,0.4,1.26,7.32,35.72,0,normal,
W002579,2026-09-10T22:30:00,guest:101_win11,guest,14.69,20.01,1.95,-2.3,58.05,60.92,-0.32,0.26,0.86,6.04,39.24,0,normal,
W002580,2026-09-10T22:30:00,guest:402_NS1,guest,9.81,19.03,3.55,-0.21,39.12,42.67,-0.26,0.33,0.33,7.58,41.01,0,normal,
W002585,2026-09-10T23:00:00,guest:101_win11,guest,11.49,18.7,2.84,-0.05,53.47,56.3,0.0,0.52,1.41,6.66,38.44,0,normal,
W002586,2026-09-10T23:00:00,guest:402_NS1,guest,2.89,13.56,2.12,-0.44,35.91,38.16,-0.09,0.38,1.43,6.11,39.26,0,normal,
W002584,2026-09-10T23:00:00,guest:100_AD-Zentyal,guest,16.33,21.41,5.35,-0.92,65.4,66.45,0.31,0.44,0.83,6.07,40.68,0,normal,
W002581,2026-09-10T23:00:00,node:dl380-01,node,29.08,34.71,2.83,0.73,57.15,58.17,1.06,0.24,0.57,5.52,42.66,0,normal,
W002582,2026-09-10T23:00:00,node:dl360-04,node,17.81,18.85,2.64,0.8,51.25,53.94,0.57,0.18,1.14,0.22,46.71,0,normal,
W002583,2026-09-10T23:00:00,node:srvzy,node,10.7,18.13,0.93,-0.47,40.13,41.71,0.29,0.26,1.1,5.0,43.48,0,normal,
W002587,2026-09-10T23:30:00,node:dl380-01,node,14.9,21.68,3.3,0.75,49.55,51.43,-0.49,0.56,1.2,9.99,42.05,0,normal,
W002588,2026-09-10T23:30:00,node:dl360-04,node,17.71,23.73,5.26,1.41,50.59,54.62,0.11,0.28,0.99,7.45,42.72,0,normal,
W002589,2026-09-10T23:30:00,node:srvzy,node,9.35,16.03,2.34,-1.84,40.32,40.78,0.71,0.25,0.27,5.84,43.22,0,normal,
W002590,2026-09-10T23:30:00,guest:100_AD-Zentyal,guest,12.96,16.22,1.82,-0.34,62.79,63.53,-0.03,0.03,1.21,9.68,36.37,0,normal,
W002591,2026-09-10T23:30:00,guest:101_win11,guest,11.83,16.57,2.47,0.31,57.42,59.86,0.62,0.31,0.59,1.64,40.33,0,normal,
W002592,2026-09-10T23:30:00,guest:402_NS1,guest,8.13,14.75,2.95,0.19,34.37,35.99,0.42,0.2,0.63,1.39,37.52,0,normal,
W002597,2026-09-11T00:00:00,guest:101_win11,guest,16.87,25.77,3.19,-0.13,57.55,60.66,0.24,0.34,1.43,4.09,39.67,0,normal,
W002596,2026-09-11T00:00:00,guest:100_AD-Zentyal,guest,9.1,10.98,3.26,0.16,62.43,65.17,0.12,0.43,0.82,8.6,37.39,0,normal,
W002598,2026-09-11T00:00:00,guest:402_NS1,guest,2.0,8.1,2.09,-0.77,33.82,34.69,0.86,0.03,0.45,2.53,37.7,0,normal,
W002594,2026-09-11T00:00:00,node:dl360-04,node,14.88,23.33,2.42,-0.62,44.3,45.63,0.22,0.03,1.34,3.92,46.69,0,normal,
W002593,2026-09-11T00:00:00,node:dl380-01,node,22.51,27.14,1.12,0.34,52.1,55.64,0.43,0.05,0.78,3.4,41.66,0,normal,
W002595,2026-09-11T00:00:00,node:srvzy,node,6.67,9.15,2.94,-0.72,38.77,39.14,0.52,0.3,1.54,7.53,43.06,0,normal,
W002603,2026-09-11T00:30:00,guest:101_win11,guest,14.85,21.23,2.78,1.71,53.13,55.85,-0.3,0.47,1.02,7.79,35.08,0,normal,
W002602,2026-09-11T00:30:00,guest:100_AD-Zentyal,guest,20.1,21.97,2.4,-1.01,62.01,62.95,-0.22,0.5,0.54,9.45,39.03,0,normal,
W002604,2026-09-11T00:30:00,guest:402_NS1,guest,2.0,7.66,3.94,0.64,34.22,37.08,-0.16,0.42,0.99,4.73,37.12,0,normal,
W002600,2026-09-11T00:30:00,node:dl360-04,node,9.45,13.37,2.6,-0.83,44.58,46.68,-0.29,0.43,0.8,12.45,47.17,0,normal,
W002601,2026-09-11T00:30:00,node:srvzy,node,8.76,16.63,0.68,-0.6,43.48,45.16,-0.03,0.21,1.59,4.94,39.52,0,normal,
W002599,2026-09-11T00:30:00,node:dl380-01,node,21.62,29.2,3.97,-0.99,54.45,56.15,0.09,0.52,0.64,11.64,43.18,0,normal,
W002605,2026-09-11T01:00:00,node:dl380-01,node,15.36,21.17,2.25,-0.85,52.82,54.97,-0.44,0.38,0.99,5.76,42.1,0,normal,
W002606,2026-09-11T01:00:00,node:dl360-04,node,17.95,26.82,1.45,0.63,50.67,51.72,-0.35,0.45,0.72,2.84,44.58,0,normal,
W002607,2026-09-11T01:00:00,node:srvzy,node,9.89,13.81,2.22,-0.9,42.14,43.28,-0.56,0.01,1.09,7.47,42.98,0,normal,
W002608,2026-09-11T01:00:00,guest:100_AD-Zentyal,guest,5.86,11.17,4.93,-0.36,62.05,64.03,0.21,0.4,0.96,3.42,36.66,0,normal,
W002609,2026-09-11T01:00:00,guest:101_win11,guest,9.72,12.01,4.31,-0.49,55.44,57.12,-0.03,0.39,1.0,8.59,38.0,0,normal,
W002610,2026-09-11T01:00:00,guest:402_NS1,guest,3.6,7.61,3.58,-0.19,30.83,33.85,-0.29,0.47,0.68,4.06,38.84,0,normal,
W002616,2026-09-11T01:30:00,guest:402_NS1,guest,2.0,7.93,3.82,-0.18,32.07,33.21,-0.01,0.58,0.84,5.02,34.53,0,normal,
W002615,2026-09-11T01:30:00,guest:101_win11,guest,13.75,16.72,3.39,0.02,54.09,54.98,-0.04,0.19,1.29,4.31,37.56,0,normal,
W002614,2026-09-11T01:30:00,guest:100_AD-Zentyal,guest,7.07,10.48,1.71,0.96,62.66,63.61,0.06,0.32,1.35,3.72,36.99,0,normal,
W002612,2026-09-11T01:30:00,node:dl360-04,node,12.62,14.03,1.23,-1.06,48.02,48.79,-0.02,0.27,0.62,9.75,44.12,0,normal,
W002611,2026-09-11T01:30:00,node:dl380-01,node,17.29,25.08,1.6,0.42,53.07,55.32,0.82,0.56,1.68,7.58,41.74,0,normal,
W002613,2026-09-11T01:30:00,node:srvzy,node,11.18,11.95,2.36,-1.44,38.89,42.7,-0.14,0.08,1.07,4.1,41.33,0,normal,
W002617,2026-09-11T02:00:00,node:dl380-01,node,80.53,83.53,1.2,0.1,53.52,55.65,0.14,0.11,1.02,3.2,44.07,0,normal,
W002618,2026-09-11T02:00:00,node:dl360-04,node,12.99,19.28,3.85,0.1,48.34,50.71,0.5,0.22,0.46,0.22,47.0,0,normal,
W002619,2026-09-11T02:00:00,node:srvzy,node,7.78,13.01,1.91,0.22,40.38,42.86,-0.44,0.05,0.49,0.95,38.9,0,normal,
W002620,2026-09-11T02:00:00,guest:100_AD-Zentyal,guest,15.49,16.3,2.97,1.09,64.78,67.05,0.53,0.66,1.34,6.34,38.91,0,normal,
W002621,2026-09-11T02:00:00,guest:101_win11,guest,8.98,14.25,1.87,0.55,52.58,56.02,0.21,0.42,0.56,1.88,39.24,0,normal,
W002622,2026-09-11T02:00:00,guest:402_NS1,guest,3.38,4.21,2.72,0.81,33.96,35.81,0.45,0.16,1.18,5.41,36.8,0,normal,
W002627,2026-09-11T02:30:00,guest:101_win11,guest,11.96,14.97,3.43,0.53,59.75,62.58,-0.16,0.36,1.33,8.49,38.98,0,normal,
W002626,2026-09-11T02:30:00,guest:100_AD-Zentyal,guest,10.02,12.29,2.88,-2.56,60.88,63.08,-0.5,0.56,1.38,8.4,37.54,0,normal,
W002628,2026-09-11T02:30:00,guest:402_NS1,guest,3.43,5.79,0.65,-1.37,31.93,35.44,0.61,0.49,1.78,2.88,34.73,0,normal,
W002624,2026-09-11T02:30:00,node:dl360-04,node,11.45,15.9,2.72,-0.05,50.13,51.67,-0.16,0.03,1.09,6.66,47.47,0,normal,
W002623,2026-09-11T02:30:00,node:dl380-01,node,84.12,87.12,1.2,0.1,54.32,55.78,0.63,0.18,1.35,7.89,43.25,0,normal,
W002625,2026-09-11T02:30:00,node:srvzy,node,10.62,18.98,3.33,0.73,41.38,41.53,-0.44,0.05,1.36,2.65,40.07,0,normal,
W002633,2026-09-11T03:00:00,guest:101_win11,guest,7.44,13.52,1.89,2.49,54.69,56.73,0.08,0.55,0.95,0.33,39.19,0,normal,
W002632,2026-09-11T03:00:00,guest:100_AD-Zentyal,guest,9.49,17.28,2.48,1.73,64.85,66.05,0.55,0.36,1.23,7.71,35.54,0,normal,
W002634,2026-09-11T03:00:00,guest:402_NS1,guest,4.55,12.98,3.36,1.24,32.39,33.74,-0.8,0.1,0.93,3.07,35.39,0,normal,
W002630,2026-09-11T03:00:00,node:dl360-04,node,14.35,22.38,1.28,0.21,49.1,49.14,0.47,0.05,0.93,10.53,47.53,0,normal,
W002629,2026-09-11T03:00:00,node:dl380-01,node,85.63,88.63,1.2,0.1,53.37,55.5,-0.28,0.41,0.95,5.2,41.44,0,normal,
W002631,2026-09-11T03:00:00,node:srvzy,node,2.06,7.52,3.73,-0.98,39.42,41.03,0.23,0.01,1.06,3.3,41.09,0,normal,
W002635,2026-09-11T03:30:00,node:dl380-01,node,82.42,85.42,1.2,0.1,55.36,56.58,0.59,0.25,1.09,9.85,41.07,0,normal,
W002636,2026-09-11T03:30:00,node:dl360-04,node,13.13,18.71,5.14,-1.07,45.72,46.78,0.09,0.4,0.92,5.23,49.02,0,normal,
W002637,2026-09-11T03:30:00,node:srvzy,node,7.4,14.36,4.39,-0.84,38.69,40.22,-0.21,0.06,0.92,5.82,40.82,0,normal,
W002638,2026-09-11T03:30:00,guest:100_AD-Zentyal,guest,11.14,17.91,1.18,0.35,64.07,64.48,0.59,0.05,0.4,5.78,37.9,0,normal,
W002639,2026-09-11T03:30:00,guest:101_win11,guest,14.99,22.68,1.98,0.13,55.5,57.67,0.03,0.2,0.86,0.39,38.35,0,normal,
W002640,2026-09-11T03:30:00,guest:402_NS1,guest,5.31,6.23,3.29,-0.06,31.38,32.36,-0.28,0.11,0.59,10.27,37.66,0,normal,
W002645,2026-09-11T04:00:00,guest:101_win11,guest,15.63,24.81,2.42,-0.08,59.89,63.58,0.29,0.52,1.66,2.05,37.34,0,normal,
W002646,2026-09-11T04:00:00,guest:402_NS1,guest,10.31,18.47,2.44,1.81,33.93,36.69,0.15,0.41,1.45,9.57,39.55,0,normal,
W002644,2026-09-11T04:00:00,guest:100_AD-Zentyal,guest,15.61,20.9,1.83,-1.32,63.21,64.41,0.56,0.13,0.65,7.41,39.18,0,normal,
W002643,2026-09-11T04:00:00,node:srvzy,node,7.56,9.12,2.84,0.27,39.85,41.75,0.06,0.54,1.21,8.71,41.35,0,normal,
W002642,2026-09-11T04:00:00,node:dl360-04,node,13.65,17.64,3.58,-0.36,48.86,50.7,0.43,0.1,1.02,1.91,46.99,0,normal,
W002641,2026-09-11T04:00:00,node:dl380-01,node,25.2,31.88,3.08,-1.06,52.97,54.88,0.25,0.29,1.23,6.62,42.95,0,normal,
W002647,2026-09-11T04:30:00,node:dl380-01,node,16.49,23.56,3.77,-0.16,50.91,52.0,-0.34,0.21,0.71,8.76,42.99,0,normal,
W002648,2026-09-11T04:30:00,node:dl360-04,node,19.49,22.09,2.15,0.13,49.73,52.87,-0.22,0.5,0.63,8.28,44.39,0,normal,
W002649,2026-09-11T04:30:00,node:srvzy,node,9.64,19.02,3.39,-1.97,39.46,42.18,0.28,0.36,0.44,9.26,43.47,0,normal,
W002650,2026-09-11T04:30:00,guest:100_AD-Zentyal,guest,11.64,18.33,3.0,1.75,63.72,65.53,0.15,0.3,1.1,0.37,38.19,0,normal,
W002651,2026-09-11T04:30:00,guest:101_win11,guest,17.17,26.23,3.45,-0.06,56.53,59.72,0.35,0.6,1.13,3.63,36.9,0,normal,
W002652,2026-09-11T04:30:00,guest:402_NS1,guest,2.0,4.04,2.97,0.48,33.71,36.06,-0.59,0.2,0.89,5.82,35.21,0,normal,
W002658,2026-09-11T05:00:00,guest:402_NS1,guest,2.61,9.69,0.68,1.12,33.94,36.4,-1.05,0.07,0.67,8.49,36.46,0,normal,
W002657,2026-09-11T05:00:00,guest:101_win11,guest,6.45,7.65,3.63,-1.9,59.01,61.1,0.29,0.25,1.26,7.41,37.82,0,normal,
W002656,2026-09-11T05:00:00,guest:100_AD-Zentyal,guest,10.9,14.9,2.22,2.19,64.7,66.62,0.5,0.34,0.48,11.46,37.64,0,normal,
W002653,2026-09-11T05:00:00,node:dl380-01,node,16.1,20.79,3.56,0.31,55.42,57.3,0.0,0.4,1.13,4.59,41.64,0,normal,
W002654,2026-09-11T05:00:00,node:dl360-04,node,14.25,22.76,3.76,-0.93,45.47,48.39,0.03,0.03,0.47,3.57,46.18,0,normal,
W002655,2026-09-11T05:00:00,node:srvzy,node,5.31,13.39,1.69,0.01,44.86,46.98,-0.05,0.28,1.35,8.1,40.37,0,normal,
W002663,2026-09-11T05:30:00,guest:101_win11,guest,13.15,18.34,2.29,0.1,57.97,58.49,0.35,0.31,1.34,13.64,37.11,0,normal,
W002664,2026-09-11T05:30:00,guest:402_NS1,guest,2.06,8.64,2.85,1.05,32.62,33.79,-0.61,0.03,0.66,6.11,40.98,0,normal,
W002662,2026-09-11T05:30:00,guest:100_AD-Zentyal,guest,15.11,21.41,2.61,-2.29,62.95,65.81,-0.31,0.44,1.35,5.87,39.92,0,normal,
W002659,2026-09-11T05:30:00,node:dl380-01,node,28.26,33.47,1.48,-0.22,51.87,52.69,0.4,0.4,1.41,10.29,44.61,0,normal,
W002660,2026-09-11T05:30:00,node:dl360-04,node,12.61,20.73,1.37,-0.57,48.5,50.36,-0.72,0.11,0.9,4.63,48.57,0,normal,
W002661,2026-09-11T05:30:00,node:srvzy,node,13.88,16.52,2.56,1.9,40.34,41.94,0.34,0.25,1.55,4.68,41.17,0,normal,
W002665,2026-09-11T06:00:00,node:dl380-01,node,15.08,22.08,1.77,0.27,53.0,56.04,0.41,0.28,1.65,9.78,46.59,0,normal,
W002666,2026-09-11T06:00:00,node:dl360-04,node,17.85,26.7,1.73,-1.04,52.92,53.84,-0.17,0.08,0.54,4.52,46.49,0,normal,
W002667,2026-09-11T06:00:00,node:srvzy,node,12.05,19.67,1.49,-0.95,42.95,46.66,0.5,0.03,1.31,13.06,39.96,0,normal,
W002668,2026-09-11T06:00:00,guest:100_AD-Zentyal,guest,17.79,24.47,2.17,0.13,64.8,67.96,0.44,0.0,0.54,7.78,40.86,0,normal,
W002669,2026-09-11T06:00:00,guest:101_win11,guest,6.45,10.62,0.97,-1.64,58.77,60.24,-0.93,0.27,1.88,2.08,39.3,0,normal,
W002670,2026-09-11T06:00:00,guest:402_NS1,guest,13.49,19.34,4.43,-0.79,36.6,39.81,-0.01,0.0,0.4,0.47,39.39,0,normal,
W002675,2026-09-11T06:30:00,guest:101_win11,guest,14.39,18.34,2.86,1.42,55.23,60.54,-0.27,0.37,1.17,7.64,37.31,0,normal,
W002676,2026-09-11T06:30:00,guest:402_NS1,guest,11.74,15.17,0.73,-1.35,36.6,39.85,-0.8,0.46,0.47,7.42,36.69,0,normal,
W002674,2026-09-11T06:30:00,guest:100_AD-Zentyal,guest,16.72,24.48,2.38,0.07,65.43,66.68,0.44,0.41,1.21,12.09,36.56,0,normal,
W002673,2026-09-11T06:30:00,node:srvzy,node,3.61,6.76,2.73,-1.02,38.05,39.23,0.37,0.37,1.48,8.86,41.12,0,normal,
W002672,2026-09-11T06:30:00,node:dl360-04,node,19.62,24.36,1.99,-0.01,51.73,54.53,-0.16,0.47,1.28,8.53,47.88,0,normal,
W002671,2026-09-11T06:30:00,node:dl380-01,node,22.66,28.9,2.38,1.63,54.54,55.98,0.06,0.71,1.76,6.33,44.43,0,normal,
W002677,2026-09-11T07:00:00,node:dl380-01,node,26.05,33.71,3.48,-0.35,54.14,54.64,-0.41,0.49,1.44,9.02,47.12,0,normal,
W002678,2026-09-11T07:00:00,node:dl360-04,node,15.38,23.54,1.32,1.77,50.46,53.43,-0.28,0.74,2.34,10.0,49.99,0,normal,
W002679,2026-09-11T07:00:00,node:srvzy,node,11.87,14.07,3.3,-1.1,43.84,46.89,0.09,0.34,1.53,9.53,42.62,0,normal,
W002680,2026-09-11T07:00:00,guest:100_AD-Zentyal,guest,10.63,19.51,2.87,3.31,64.31,66.61,0.13,0.43,0.84,8.47,40.47,0,normal,
W002681,2026-09-11T07:00:00,guest:101_win11,guest,16.76,25.14,2.6,0.48,59.55,61.33,-0.58,0.25,0.72,2.33,39.06,0,normal,
W002682,2026-09-11T07:00:00,guest:402_NS1,guest,10.63,19.69,1.36,0.11,36.51,37.94,0.21,0.62,0.67,9.52,40.97,0,normal,
W002687,2026-09-11T07:30:00,guest:101_win11,guest,21.33,27.97,3.5,-2.91,54.32,57.61,-0.29,0.01,0.73,9.43,38.99,0,normal,
W002686,2026-09-11T07:30:00,guest:100_AD-Zentyal,guest,19.92,23.04,1.68,0.79,67.02,68.43,-0.49,0.24,0.63,9.9,37.6,0,normal,
W002688,2026-09-11T07:30:00,guest:402_NS1,guest,11.57,18.56,2.78,1.62,34.46,36.41,0.32,0.41,0.85,8.43,39.88,0,normal,
W002684,2026-09-11T07:30:00,node:dl360-04,node,18.84,30.26,2.15,0.55,50.26,50.93,-0.04,0.78,1.21,10.58,46.49,0,normal,
W002683,2026-09-11T07:30:00,node:dl380-01,node,21.7,31.86,3.13,2.12,55.53,59.38,0.12,0.03,0.57,11.76,46.72,0,normal,
W002685,2026-09-11T07:30:00,node:srvzy,node,9.67,11.42,3.44,-1.05,43.76,45.23,0.05,0.38,0.54,9.32,43.75,0,normal,
W002693,2026-09-11T08:00:00,guest:101_win11,guest,23.51,26.75,1.69,-1.67,56.98,59.24,-0.72,0.21,1.26,9.69,40.11,0,normal,
W002692,2026-09-11T08:00:00,guest:100_AD-Zentyal,guest,20.34,28.06,2.7,-0.53,64.87,67.69,-0.25,0.47,0.68,10.5,40.04,0,normal,
W002694,2026-09-11T08:00:00,guest:402_NS1,guest,6.73,12.43,2.53,-0.2,35.28,36.97,-0.18,0.09,1.28,6.32,40.24,0,normal,
W002690,2026-09-11T08:00:00,node:dl360-04,node,29.62,37.24,1.05,1.27,53.06,53.28,0.26,0.47,1.19,2.73,48.56,0,normal,
W002689,2026-09-11T08:00:00,node:dl380-01,node,22.95,27.33,1.11,-3.46,54.33,56.45,-0.44,0.58,0.96,12.74,46.63,0,normal,
W002691,2026-09-11T08:00:00,node:srvzy,node,12.97,23.56,2.41,-0.49,40.94,43.27,0.02,0.14,1.05,8.33,40.11,0,normal,
W002695,2026-09-11T08:30:00,node:dl380-01,node,31.35,40.65,3.01,0.3,54.77,55.87,-0.1,0.41,1.37,12.37,47.83,0,normal,
W002696,2026-09-11T08:30:00,node:dl360-04,node,21.45,28.02,0.6,2.71,49.26,51.91,-0.17,0.21,0.92,6.26,45.28,0,normal,
W002697,2026-09-11T08:30:00,node:srvzy,node,19.06,26.7,1.58,0.54,43.48,44.79,0.16,0.5,0.73,11.6,44.55,0,normal,
W002698,2026-09-11T08:30:00,guest:100_AD-Zentyal,guest,24.58,32.25,2.09,-0.35,68.64,70.29,0.23,0.25,1.48,13.39,39.97,0,normal,
W002699,2026-09-11T08:30:00,guest:101_win11,guest,18.58,23.28,0.77,0.12,58.14,59.33,-0.73,0.34,1.27,11.18,38.52,0,normal,
W002700,2026-09-11T08:30:00,guest:402_NS1,guest,13.39,18.85,3.36,-1.17,37.07,40.58,0.05,0.38,1.49,6.92,39.27,0,normal,
W002705,2026-09-11T09:00:00,guest:101_win11,guest,24.88,30.92,3.86,0.99,60.24,61.3,0.11,0.07,1.43,9.42,40.05,0,normal,
W002704,2026-09-11T09:00:00,guest:100_AD-Zentyal,guest,22.65,26.66,2.27,-0.67,63.87,64.93,0.41,0.25,1.31,13.6,41.25,0,normal,
W002706,2026-09-11T09:00:00,guest:402_NS1,guest,9.28,15.18,2.23,2.19,37.06,38.55,-0.67,0.16,0.55,7.3,41.3,0,normal,
W002702,2026-09-11T09:00:00,node:dl360-04,node,22.22,24.16,1.98,0.68,50.9,54.63,0.82,0.27,0.8,14.77,51.67,0,normal,
W002701,2026-09-11T09:00:00,node:dl380-01,node,27.72,39.8,1.3,1.97,55.17,57.14,0.49,0.7,1.67,14.79,45.4,0,normal,
W002703,2026-09-11T09:00:00,node:srvzy,node,18.61,26.73,3.05,-1.19,40.32,42.27,-0.08,0.36,1.1,6.18,41.61,0,normal,
W002707,2026-09-11T09:30:00,node:dl380-01,node,26.56,32.62,1.55,0.18,52.96,54.87,0.33,0.23,1.2,5.36,43.69,0,normal,
W002708,2026-09-11T09:30:00,node:dl360-04,node,25.22,34.36,2.26,2.57,47.92,49.24,0.06,0.39,0.96,8.12,50.71,0,normal,
W002709,2026-09-11T09:30:00,node:srvzy,node,17.54,22.5,3.0,-0.16,42.27,44.09,-0.33,0.12,0.71,11.39,41.97,0,normal,
W002710,2026-09-11T09:30:00,guest:100_AD-Zentyal,guest,23.38,29.43,1.43,1.94,65.59,66.26,0.63,0.57,1.01,10.33,40.09,0,normal,
W002711,2026-09-11T09:30:00,guest:101_win11,guest,15.46,22.43,3.35,0.79,58.58,61.52,-0.45,0.66,1.15,9.31,39.91,0,normal,
W002712,2026-09-11T09:30:00,guest:402_NS1,guest,11.8,17.22,2.27,0.16,34.04,36.21,-0.44,0.45,1.53,11.28,39.8,0,normal,
W002717,2026-09-11T10:00:00,guest:101_win11,guest,24.62,33.58,2.19,0.53,59.52,62.39,-0.33,0.31,1.02,11.81,39.76,0,normal,
W002716,2026-09-11T10:00:00,guest:100_AD-Zentyal,guest,27.95,33.39,4.01,0.95,64.57,65.07,-0.18,0.29,1.27,9.17,41.77,0,normal,
W002718,2026-09-11T10:00:00,guest:402_NS1,guest,10.72,15.0,2.39,0.11,31.89,32.13,0.45,0.26,1.06,8.5,41.49,0,normal,
W002714,2026-09-11T10:00:00,node:dl360-04,node,22.83,25.64,3.46,-0.06,52.94,54.98,0.37,0.24,1.68,13.91,49.33,0,normal,
W002713,2026-09-11T10:00:00,node:dl380-01,node,30.09,33.43,2.53,-0.18,60.73,61.51,-1.07,0.17,0.29,10.32,45.55,0,normal,
W002715,2026-09-11T10:00:00,node:srvzy,node,21.17,27.25,2.3,0.12,44.35,44.47,-0.14,0.44,1.34,9.12,41.95,0,normal,
W002723,2026-09-11T10:30:00,guest:101_win11,guest,26.59,33.71,1.88,0.17,57.1,61.15,0.23,0.46,1.81,15.55,41.55,0,normal,
W002722,2026-09-11T10:30:00,guest:100_AD-Zentyal,guest,15.92,22.38,3.16,-3.09,65.99,67.81,0.3,0.39,0.46,9.26,40.29,0,normal,
W002724,2026-09-11T10:30:00,guest:402_NS1,guest,15.35,25.22,2.53,-0.9,39.54,40.6,-0.69,0.5,1.01,13.81,44.23,0,normal,
W002720,2026-09-11T10:30:00,node:dl360-04,node,27.31,30.94,2.11,1.29,45.89,48.2,0.22,0.15,1.01,14.01,48.65,0,normal,
W002719,2026-09-11T10:30:00,node:dl380-01,node,27.69,31.83,1.04,-1.04,59.55,61.2,0.32,0.26,0.94,10.59,49.52,0,normal,
W002721,2026-09-11T10:30:00,node:srvzy,node,21.95,28.84,2.35,0.13,44.27,48.59,0.24,0.46,1.34,18.2,43.3,0,normal,
W002725,2026-09-11T11:00:00,node:dl380-01,node,25.84,31.72,3.98,0.82,56.09,60.48,-0.04,0.38,1.84,16.48,50.1,0,normal,
W002726,2026-09-11T11:00:00,node:dl360-04,node,24.51,34.19,2.67,-0.89,51.81,54.0,0.75,0.38,0.86,10.5,51.05,0,normal,
W002727,2026-09-11T11:00:00,node:srvzy,node,15.94,19.8,2.26,-0.51,44.72,45.98,-0.99,0.04,0.83,11.78,44.27,0,normal,
W002728,2026-09-11T11:00:00,guest:100_AD-Zentyal,guest,30.51,39.0,2.44,0.28,65.94,66.68,0.41,0.47,0.48,14.21,42.63,0,normal,
W002729,2026-09-11T11:00:00,guest:101_win11,guest,24.53,36.82,4.49,-0.45,59.01,60.67,-0.24,0.12,1.12,19.42,44.45,0,normal,
W002730,2026-09-11T11:00:00,guest:402_NS1,guest,20.42,21.64,0.64,1.28,39.33,41.88,-0.12,0.57,1.67,16.95,39.34,0,normal,
W002735,2026-09-11T11:30:00,guest:101_win11,guest,30.92,38.04,1.52,-0.01,58.87,59.84,-0.2,0.4,0.96,14.41,39.46,0,normal,
W002734,2026-09-11T11:30:00,guest:100_AD-Zentyal,guest,23.74,34.94,2.66,1.68,66.77,68.28,0.77,0.18,0.72,9.77,44.02,0,normal,
W002736,2026-09-11T11:30:00,guest:402_NS1,guest,23.53,28.36,3.37,0.23,37.14,38.01,-0.3,0.15,0.96,17.51,42.77,0,normal,
W002732,2026-09-11T11:30:00,node:dl360-04,node,22.02,30.21,2.34,1.02,47.6,50.46,0.53,0.39,1.2,16.13,53.03,0,normal,
W002733,2026-09-11T11:30:00,node:srvzy,node,22.49,30.28,4.16,0.91,41.97,45.24,-0.05,0.31,1.15,16.44,48.74,0,normal,
W002731,2026-09-11T11:30:00,node:dl380-01,node,31.86,43.18,3.03,1.14,56.48,58.59,0.56,0.17,0.66,12.1,48.16,0,normal,
W002737,2026-09-11T12:00:00,node:dl380-01,node,28.78,35.04,2.42,-0.42,56.7,59.47,-0.29,0.23,1.42,15.74,50.52,0,normal,
W002738,2026-09-11T12:00:00,node:dl360-04,node,33.95,35.87,2.79,-0.61,49.57,50.79,-0.12,0.24,0.8,14.29,55.27,0,normal,
W002739,2026-09-11T12:00:00,node:srvzy,node,15.89,25.3,2.48,-0.53,40.1,42.86,-0.58,0.47,1.96,10.48,48.35,0,normal,
W002740,2026-09-11T12:00:00,guest:100_AD-Zentyal,guest,25.02,25.3,1.3,0.21,67.45,67.87,0.01,0.46,1.66,13.09,43.26,0,normal,
W002741,2026-09-11T12:00:00,guest:101_win11,guest,30.68,39.24,3.39,0.14,59.56,61.83,-0.31,0.52,0.71,12.82,42.54,0,normal,
W002742,2026-09-11T12:00:00,guest:402_NS1,guest,20.57,28.54,3.99,0.09,35.44,37.29,-0.13,0.4,0.78,13.8,45.03,0,normal,
W002743,2026-09-11T12:30:00,node:dl380-01,node,32.56,35.4,2.16,-2.68,56.63,60.27,-0.47,0.01,0.55,17.09,51.16,0,normal,
W002744,2026-09-11T12:30:00,node:dl360-04,node,30.5,32.64,2.48,2.15,51.17,53.31,0.1,0.01,1.21,16.89,48.61,0,normal,
W002745,2026-09-11T12:30:00,node:srvzy,node,17.27,20.36,3.25,-0.9,44.45,46.27,0.03,0.4,1.31,14.27,47.09,0,normal,
W002746,2026-09-11T12:30:00,guest:100_AD-Zentyal,guest,25.69,31.06,2.07,2.26,65.94,69.3,-0.27,0.46,1.98,13.32,41.6,0,normal,
W002747,2026-09-11T12:30:00,guest:101_win11,guest,25.43,31.37,2.82,-0.05,58.98,62.93,-0.08,0.18,1.31,16.87,44.72,0,normal,
W002748,2026-09-11T12:30:00,guest:402_NS1,guest,25.68,32.71,2.21,-2.28,35.04,37.25,-0.47,0.02,0.84,16.66,42.23,0,normal,
W002754,2026-09-11T13:00:00,guest:402_NS1,guest,22.82,31.72,1.56,0.09,38.65,41.77,0.5,0.32,1.74,12.86,40.66,0,normal,
W002752,2026-09-11T13:00:00,guest:100_AD-Zentyal,guest,32.92,39.67,2.36,-0.01,66.11,67.76,-0.14,0.48,1.25,18.91,42.72,0,normal,
W002753,2026-09-11T13:00:00,guest:101_win11,guest,26.44,36.28,2.52,-0.15,59.99,63.46,0.12,0.55,1.26,18.1,43.25,0,normal,
W002751,2026-09-11T13:00:00,node:srvzy,node,25.1,31.67,2.65,1.92,44.1,45.63,-0.45,0.55,1.18,13.85,48.48,0,normal,
W002749,2026-09-11T13:00:00,node:dl380-01,node,35.87,43.72,3.65,2.61,61.64,64.37,-0.18,0.31,1.74,12.15,51.07,0,normal,
W002750,2026-09-11T13:00:00,node:dl360-04,node,29.13,35.81,1.69,-1.59,51.43,54.73,-0.28,0.62,1.19,11.62,52.28,0,normal,
W002755,2026-09-11T13:30:00,node:dl380-01,node,31.76,41.34,1.41,-1.76,53.83,56.57,-0.58,0.41,1.08,12.52,47.4,0,normal,
W002756,2026-09-11T13:30:00,node:dl360-04,node,30.45,34.19,2.5,0.48,53.03,55.97,0.07,0.09,1.08,16.8,51.63,0,normal,
W002757,2026-09-11T13:30:00,node:srvzy,node,21.72,35.15,1.21,0.59,45.81,47.47,-0.07,0.22,1.02,17.53,46.6,0,normal,
W002758,2026-09-11T13:30:00,guest:100_AD-Zentyal,guest,36.61,41.26,3.88,0.65,67.13,70.6,-0.64,0.39,0.9,13.52,42.17,0,normal,
W002759,2026-09-11T13:30:00,guest:101_win11,guest,24.35,25.4,2.89,-0.08,59.39,62.15,0.18,0.25,2.27,17.88,46.56,0,normal,
W002760,2026-09-11T13:30:00,guest:402_NS1,guest,18.28,25.02,1.26,-0.4,35.88,40.88,-0.28,0.25,0.47,16.43,41.55,0,normal,
W002761,2026-09-11T14:00:00,node:dl380-01,node,36.21,36.85,2.38,-2.21,56.12,57.83,-0.24,0.2,1.39,21.52,49.51,0,normal,
W002762,2026-09-11T14:00:00,node:dl360-04,node,26.99,33.18,2.15,1.07,52.52,52.94,0.44,0.49,1.89,13.45,52.45,0,normal,
W002763,2026-09-11T14:00:00,node:srvzy,node,18.85,24.7,2.9,-0.76,44.62,46.78,-0.18,0.58,1.29,15.4,44.8,0,normal,
W002764,2026-09-11T14:00:00,guest:100_AD-Zentyal,guest,27.82,32.39,3.46,-1.57,67.78,67.96,0.25,0.27,1.22,13.2,41.58,0,normal,
W002765,2026-09-11T14:00:00,guest:101_win11,guest,26.48,33.06,3.08,0.36,58.31,62.15,0.13,0.18,1.15,15.77,42.74,0,normal,
W002766,2026-09-11T14:00:00,guest:402_NS1,guest,18.98,27.93,4.23,-2.44,39.21,41.23,0.09,0.57,0.83,17.44,44.92,0,normal,
W002772,2026-09-11T14:30:00,guest:402_NS1,guest,23.04,31.07,1.84,-0.79,40.52,41.69,0.57,0.38,0.89,11.45,41.97,0,normal,
W002771,2026-09-11T14:30:00,guest:101_win11,guest,28.13,34.56,2.47,1.67,62.24,66.38,-0.0,0.22,0.63,13.44,44.07,0,normal,
W002770,2026-09-11T14:30:00,guest:100_AD-Zentyal,guest,26.59,30.06,1.66,0.21,64.41,66.1,0.19,0.53,0.72,15.3,42.9,0,normal,
W002769,2026-09-11T14:30:00,node:srvzy,node,24.21,26.88,2.61,0.31,44.4,45.41,0.06,0.48,1.5,16.23,49.46,0,normal,
W002768,2026-09-11T14:30:00,node:dl360-04,node,27.97,34.08,0.96,0.69,47.53,49.9,0.18,0.14,0.45,13.78,52.96,0,normal,
W002767,2026-09-11T14:30:00,node:dl380-01,node,30.59,32.41,4.14,-2.11,57.75,60.78,0.16,0.41,1.11,16.39,47.94,0,normal,
W002773,2026-09-11T15:00:00,node:dl380-01,node,34.19,37.46,4.05,-0.25,58.19,60.81,0.65,0.21,1.05,10.63,49.05,0,normal,
W002774,2026-09-11T15:00:00,node:dl360-04,node,33.72,40.38,4.81,0.62,50.96,53.41,-0.59,0.14,0.45,14.88,51.81,0,normal,
W002775,2026-09-11T15:00:00,node:srvzy,node,26.95,32.65,1.5,1.87,38.63,40.67,0.09,0.3,1.3,15.16,47.65,0,normal,
W002776,2026-09-11T15:00:00,guest:100_AD-Zentyal,guest,23.62,25.24,2.45,-1.23,65.62,68.78,0.62,0.53,1.71,15.01,44.42,0,normal,
W002777,2026-09-11T15:00:00,guest:101_win11,guest,28.97,40.81,1.58,0.81,57.66,60.33,-0.69,0.06,0.34,15.59,43.43,0,normal,
W002778,2026-09-11T15:00:00,guest:402_NS1,guest,28.3,34.03,3.27,0.19,38.17,40.32,0.44,0.09,0.27,16.08,40.19,0,normal,
W002783,2026-09-11T15:30:00,guest:101_win11,guest,28.45,37.13,2.64,1.44,60.22,62.31,0.36,0.22,0.58,14.84,43.78,0,normal,
W002782,2026-09-11T15:30:00,guest:100_AD-Zentyal,guest,23.92,33.43,2.59,-2.61,69.09,72.04,0.24,0.25,1.05,17.51,43.47,0,normal,
W002784,2026-09-11T15:30:00,guest:402_NS1,guest,22.97,31.76,2.43,-0.21,35.87,38.12,-0.66,0.3,2.24,10.32,43.13,0,normal,
W002780,2026-09-11T15:30:00,node:dl360-04,node,28.7,31.94,2.55,-2.17,53.59,55.3,-0.19,0.27,1.01,18.25,50.25,0,normal,
W002779,2026-09-11T15:30:00,node:dl380-01,node,37.32,41.67,1.46,3.24,56.9,58.69,0.3,0.46,1.72,10.83,49.7,0,normal,
W002781,2026-09-11T15:30:00,node:srvzy,node,21.39,26.74,1.43,0.19,42.63,43.22,0.21,0.61,1.43,14.52,46.71,0,normal,
W002789,2026-09-11T16:00:00,guest:101_win11,guest,27.81,32.22,2.0,0.04,58.83,59.89,-0.28,0.09,1.43,14.5,45.98,0,normal,
W002788,2026-09-11T16:00:00,guest:100_AD-Zentyal,guest,20.21,21.62,2.82,0.95,65.13,67.38,-0.07,0.44,1.59,7.53,44.15,0,normal,
W002790,2026-09-11T16:00:00,guest:402_NS1,guest,20.23,27.99,1.44,-0.26,36.86,38.23,-0.19,0.38,1.36,10.32,43.02,0,normal,
W002786,2026-09-11T16:00:00,node:dl360-04,node,23.18,31.46,3.3,-0.4,51.68,53.8,0.1,0.03,1.03,10.8,52.62,0,normal,
W002785,2026-09-11T16:00:00,node:dl380-01,node,33.25,40.77,1.53,0.62,55.77,56.34,0.38,0.43,0.85,12.7,47.73,0,normal,
W002787,2026-09-11T16:00:00,node:srvzy,node,18.2,20.3,2.47,-0.06,43.92,45.03,0.08,0.36,1.63,14.89,45.7,0,normal,
W002791,2026-09-11T16:30:00,node:dl380-01,node,33.86,38.09,1.81,0.53,52.1,54.1,0.65,0.22,1.35,15.96,46.44,0,normal,
W002792,2026-09-11T16:30:00,node:dl360-04,node,30.75,39.75,1.32,-0.85,51.78,54.76,-0.22,0.29,0.83,14.4,53.17,0,normal,
W002793,2026-09-11T16:30:00,node:srvzy,node,22.3,27.23,2.47,-0.96,41.94,45.15,0.66,0.06,1.09,16.91,44.78,0,normal,
W002794,2026-09-11T16:30:00,guest:100_AD-Zentyal,guest,23.28,27.55,4.4,1.98,65.07,65.61,0.31,0.41,1.71,11.15,43.68,0,normal,
W002795,2026-09-11T16:30:00,guest:101_win11,guest,24.37,32.24,2.46,2.28,60.54,62.22,0.06,0.28,0.62,20.1,45.0,0,normal,
W002796,2026-09-11T16:30:00,guest:402_NS1,guest,18.31,26.41,4.55,1.48,36.18,38.09,-0.69,0.45,1.75,18.08,43.65,0,normal,
W002801,2026-09-11T17:00:00,guest:101_win11,guest,24.59,29.64,1.45,0.31,61.89,65.27,-0.24,0.7,1.35,10.49,40.08,0,normal,
W002802,2026-09-11T17:00:00,guest:402_NS1,guest,13.89,20.89,2.24,-0.76,34.89,35.8,-0.36,0.5,2.02,19.13,43.15,0,normal,
W002800,2026-09-11T17:00:00,guest:100_AD-Zentyal,guest,30.13,35.39,3.45,-0.19,63.1,64.83,-0.06,0.27,0.81,15.41,43.23,0,normal,
W002799,2026-09-11T17:00:00,node:srvzy,node,18.59,21.49,2.14,-0.5,46.18,47.14,0.3,0.58,1.71,14.84,45.88,0,normal,
W002798,2026-09-11T17:00:00,node:dl360-04,node,33.85,39.53,3.02,1.81,52.62,52.62,-0.29,0.45,1.09,17.86,53.91,0,normal,
W002797,2026-09-11T17:00:00,node:dl380-01,node,31.89,34.9,2.82,-0.76,57.36,58.6,0.21,0.56,1.52,14.52,49.49,0,normal,
W002803,2026-09-11T17:30:00,node:dl380-01,node,28.93,32.93,3.26,-0.3,57.16,61.09,0.09,0.76,1.1,14.88,48.59,0,normal,
W002804,2026-09-11T17:30:00,node:dl360-04,node,24.21,32.62,4.03,2.64,52.15,52.25,0.19,0.45,1.15,14.18,50.4,0,normal,
W002805,2026-09-11T17:30:00,node:srvzy,node,20.19,29.24,3.89,-1.52,42.49,42.91,0.74,0.47,0.47,13.34,45.7,0,normal,
W002806,2026-09-11T17:30:00,guest:100_AD-Zentyal,guest,21.01,30.12,3.51,0.32,65.26,66.63,0.02,0.21,1.01,15.21,39.82,0,normal,
W002807,2026-09-11T17:30:00,guest:101_win11,guest,23.0,28.9,4.07,1.01,59.41,61.81,-0.04,0.52,1.49,17.37,40.09,0,normal,
W002808,2026-09-11T17:30:00,guest:402_NS1,guest,14.84,21.66,2.99,2.88,33.16,35.13,-0.03,0.35,1.84,16.16,39.72,0,normal,
W002813,2026-09-11T18:00:00,guest:101_win11,guest,19.0,25.79,3.12,-2.42,56.69,59.72,-0.49,0.3,0.57,14.99,38.47,0,normal,
W002812,2026-09-11T18:00:00,guest:100_AD-Zentyal,guest,26.69,29.7,4.21,1.54,63.07,64.04,-0.66,0.28,1.09,12.55,38.46,0,normal,
W002814,2026-09-11T18:00:00,guest:402_NS1,guest,14.93,23.76,3.11,-0.56,34.74,36.51,-0.52,0.28,1.05,11.25,43.0,0,normal,
W002810,2026-09-11T18:00:00,node:dl360-04,node,27.51,36.95,2.96,1.16,51.26,53.74,-0.49,0.44,0.74,14.66,49.84,0,normal,
W002809,2026-09-11T18:00:00,node:dl380-01,node,34.37,44.89,2.76,-1.94,55.73,58.2,0.4,0.05,0.55,15.79,49.75,0,normal,
W002811,2026-09-11T18:00:00,node:srvzy,node,20.29,23.44,2.0,0.44,44.36,47.45,-0.46,0.0,0.41,9.3,47.85,0,normal,
W002819,2026-09-11T18:30:00,guest:101_win11,guest,20.43,21.98,2.9,-2.01,61.81,65.35,0.42,0.3,1.76,16.54,40.7,0,normal,
W002818,2026-09-11T18:30:00,guest:100_AD-Zentyal,guest,26.93,31.49,3.47,-0.24,67.78,68.98,0.29,0.28,0.61,12.04,43.48,0,normal,
W002820,2026-09-11T18:30:00,guest:402_NS1,guest,21.04,24.3,2.3,-2.15,36.26,37.97,-0.18,0.27,0.84,12.63,43.43,0,normal,
W002816,2026-09-11T18:30:00,node:dl360-04,node,26.92,31.33,3.6,0.54,48.56,49.8,-0.53,0.42,1.58,7.52,51.49,0,normal,
W002815,2026-09-11T18:30:00,node:dl380-01,node,25.25,26.14,1.97,0.15,55.81,57.66,-0.45,0.1,0.71,10.8,49.15,0,normal,
W002817,2026-09-11T18:30:00,node:srvzy,node,21.17,31.36,3.45,1.62,43.88,46.33,-0.13,0.46,0.73,12.08,46.31,0,normal,
W002821,2026-09-11T19:00:00,node:dl380-01,node,23.35,31.94,2.72,0.45,55.46,56.74,0.18,0.4,0.88,7.28,46.9,0,normal,
W002822,2026-09-11T19:00:00,node:dl360-04,node,26.71,35.73,3.7,0.45,50.04,52.04,-0.5,0.16,0.94,10.49,49.91,0,normal,
W002823,2026-09-11T19:00:00,node:srvzy,node,12.26,14.8,3.28,-1.0,41.3,43.4,-0.37,0.52,0.82,11.3,43.65,0,normal,
W002824,2026-09-11T19:00:00,guest:100_AD-Zentyal,guest,20.62,25.12,2.48,1.47,64.28,65.58,-0.13,0.59,1.36,15.0,40.51,0,normal,
W002825,2026-09-11T19:00:00,guest:101_win11,guest,26.23,33.46,3.05,-1.72,55.67,58.74,0.42,0.78,0.99,12.75,39.24,0,normal,
W002826,2026-09-11T19:00:00,guest:402_NS1,guest,11.48,15.97,2.88,-0.8,35.58,38.41,0.45,0.44,1.42,10.87,39.92,0,normal,
W002831,2026-09-11T19:30:00,guest:101_win11,guest,24.45,28.91,3.25,-0.41,58.73,60.55,-0.23,0.75,1.21,4.44,39.57,0,normal,
W002830,2026-09-11T19:30:00,guest:100_AD-Zentyal,guest,19.05,19.14,2.85,0.51,66.57,68.63,0.39,0.13,1.51,8.33,40.61,0,normal,
W002832,2026-09-11T19:30:00,guest:402_NS1,guest,14.53,19.4,3.52,1.18,34.94,35.26,-0.51,0.29,0.47,10.19,42.91,0,normal,
W002828,2026-09-11T19:30:00,node:dl360-04,node,17.76,26.17,2.65,-0.87,52.27,53.63,-0.23,0.14,1.71,12.0,50.07,0,normal,
W002827,2026-09-11T19:30:00,node:dl380-01,node,28.96,31.8,2.62,-1.29,55.44,56.39,-0.16,0.16,0.65,11.03,43.14,0,normal,
W002829,2026-09-11T19:30:00,node:srvzy,node,18.7,19.14,1.91,0.55,42.51,46.72,-0.21,0.49,1.61,11.72,45.26,0,normal,
W002833,2026-09-11T20:00:00,node:dl380-01,node,26.2,32.34,1.46,0.22,54.53,56.77,0.29,0.48,1.33,11.54,45.23,0,normal,
W002834,2026-09-11T20:00:00,node:dl360-04,node,25.96,29.3,2.29,1.48,49.13,49.79,-0.16,0.58,0.69,10.31,48.05,0,normal,
W002835,2026-09-11T20:00:00,node:srvzy,node,14.41,19.37,3.46,0.06,43.82,47.1,0.01,0.23,1.18,11.71,42.27,0,normal,
W002836,2026-09-11T20:00:00,guest:100_AD-Zentyal,guest,18.83,24.07,2.08,-0.83,63.87,67.13,-0.15,0.53,1.38,6.6,40.29,0,normal,
W002837,2026-09-11T20:00:00,guest:101_win11,guest,15.84,23.66,2.29,1.03,60.58,60.85,-0.18,0.06,1.72,8.68,38.03,0,normal,
W002838,2026-09-11T20:00:00,guest:402_NS1,guest,19.84,23.66,0.88,-1.39,35.26,37.3,-0.33,0.2,1.02,13.97,40.5,0,normal,
W002843,2026-09-11T20:30:00,guest:101_win11,guest,18.84,28.09,4.0,-1.09,58.48,62.54,0.18,0.77,1.32,15.39,40.03,0,normal,
W002842,2026-09-11T20:30:00,guest:100_AD-Zentyal,guest,19.5,24.21,1.43,1.46,65.96,66.1,-0.27,0.45,0.63,7.74,43.99,0,normal,
W002844,2026-09-11T20:30:00,guest:402_NS1,guest,10.85,18.77,2.39,-0.1,35.87,36.07,-0.32,0.44,1.64,11.07,40.41,0,normal,
W002840,2026-09-11T20:30:00,node:dl360-04,node,20.01,25.37,0.72,0.91,49.95,50.4,0.08,0.02,1.05,6.75,49.51,0,normal,
W002839,2026-09-11T20:30:00,node:dl380-01,node,23.03,28.34,3.27,2.02,53.01,56.13,-0.13,0.02,0.1,14.0,48.18,0,normal,
W002841,2026-09-11T20:30:00,node:srvzy,node,12.71,13.81,3.5,1.26,41.06,43.34,0.18,0.39,1.88,11.25,43.46,0,normal,
W002849,2026-09-11T21:00:00,guest:101_win11,guest,13.31,16.47,1.8,-0.63,56.26,57.7,0.26,0.33,1.62,9.46,38.21,0,normal,
W002848,2026-09-11T21:00:00,guest:100_AD-Zentyal,guest,10.42,15.46,4.25,2.48,63.34,64.42,-0.18,0.66,1.8,13.1,40.72,0,normal,
W002850,2026-09-11T21:00:00,guest:402_NS1,guest,10.59,12.06,0.5,0.77,36.32,38.39,-0.16,0.03,1.3,10.18,39.66,0,normal,
W002846,2026-09-11T21:00:00,node:dl360-04,node,17.6,25.18,2.17,1.06,49.08,49.97,0.57,0.55,0.97,9.89,47.73,0,normal,
W002845,2026-09-11T21:00:00,node:dl380-01,node,24.34,33.21,1.07,-0.61,54.35,56.54,-0.84,0.05,0.84,11.75,44.59,0,normal,
W002847,2026-09-11T21:00:00,node:srvzy,node,15.1,18.47,3.37,1.43,39.78,41.84,0.49,0.1,0.63,10.69,42.98,0,normal,
W002851,2026-09-11T21:30:00,node:dl380-01,node,22.91,27.5,1.39,0.3,53.51,55.09,0.69,0.29,0.47,7.1,43.72,0,normal,
W002852,2026-09-11T21:30:00,node:dl360-04,node,19.44,21.17,2.93,-0.36,48.63,50.78,-0.03,0.27,0.98,8.64,48.74,0,normal,
W002853,2026-09-11T21:30:00,node:srvzy,node,13.69,23.07,1.95,0.29,45.89,47.84,-0.0,0.05,0.56,8.39,44.02,0,normal,
W002854,2026-09-11T21:30:00,guest:100_AD-Zentyal,guest,18.2,25.18,3.3,-1.2,65.36,67.38,0.05,0.23,0.65,5.06,39.7,0,normal,
W002855,2026-09-11T21:30:00,guest:101_win11,guest,19.67,25.28,2.49,-0.86,58.39,60.45,-0.15,0.47,1.53,4.1,39.3,0,normal,
W002856,2026-09-11T21:30:00,guest:402_NS1,guest,6.58,12.99,0.65,0.24,35.76,37.65,-0.47,0.69,1.95,7.11,38.83,0,normal,
W002861,2026-09-11T22:00:00,guest:101_win11,guest,16.39,25.19,2.3,0.34,56.37,58.11,0.14,0.75,1.85,9.15,39.66,0,normal,
W002860,2026-09-11T22:00:00,guest:100_AD-Zentyal,guest,17.45,21.94,3.07,-0.89,63.56,65.32,0.19,0.14,0.35,8.91,39.15,0,normal,
W002862,2026-09-11T22:00:00,guest:402_NS1,guest,2.0,8.96,3.41,0.1,33.92,34.98,-0.17,0.13,1.33,12.01,41.4,0,normal,
W002858,2026-09-11T22:00:00,node:dl360-04,node,18.68,24.07,1.17,1.61,52.17,55.18,0.35,0.65,1.03,4.32,46.88,0,normal,
W002859,2026-09-11T22:00:00,node:srvzy,node,12.04,17.16,1.48,0.01,40.83,43.67,0.02,0.08,1.04,12.25,42.54,0,normal,
W002857,2026-09-11T22:00:00,node:dl380-01,node,14.07,21.49,1.13,0.8,55.85,57.78,-0.43,0.55,1.35,7.78,43.1,0,normal,
W002863,2026-09-11T22:30:00,node:dl380-01,node,18.03,22.02,1.75,-1.22,52.2,53.68,0.35,0.16,1.38,11.6,44.93,0,normal,
W002864,2026-09-11T22:30:00,node:dl360-04,node,22.3,24.22,1.94,0.23,49.4,52.83,-0.4,0.19,0.96,5.94,45.94,0,normal,
W002865,2026-09-11T22:30:00,node:srvzy,node,9.33,14.6,3.95,-1.22,42.47,45.74,-0.21,0.35,1.38,8.73,42.62,0,normal,
W002866,2026-09-11T22:30:00,guest:100_AD-Zentyal,guest,11.62,19.61,2.13,0.03,64.32,67.17,0.77,0.15,0.97,3.05,40.72,0,normal,
W002867,2026-09-11T22:30:00,guest:101_win11,guest,16.15,21.25,2.55,0.12,55.68,58.87,0.26,0.46,0.98,5.3,38.33,0,normal,
W002868,2026-09-11T22:30:00,guest:402_NS1,guest,10.8,18.3,1.72,0.8,32.25,33.59,0.06,0.07,0.48,12.16,40.55,0,normal,
W002869,2026-09-11T23:00:00,node:dl380-01,node,27.36,34.71,3.14,-0.19,52.95,55.83,0.54,0.46,0.92,7.64,42.72,0,normal,
W002870,2026-09-11T23:00:00,node:dl360-04,node,15.21,26.12,1.3,2.6,49.57,51.11,0.03,0.16,0.74,6.68,46.39,0,normal,
W002871,2026-09-11T23:00:00,node:srvzy,node,6.08,11.41,1.19,-1.53,38.28,41.95,0.16,0.42,1.22,7.98,43.64,0,normal,
W002872,2026-09-11T23:00:00,guest:100_AD-Zentyal,guest,13.77,24.69,2.46,0.72,64.85,65.92,0.02,0.07,0.82,5.63,37.37,0,normal,
W002873,2026-09-11T23:00:00,guest:101_win11,guest,12.92,20.45,1.61,2.23,57.61,58.8,0.26,0.5,1.45,3.45,41.23,0,normal,
W002874,2026-09-11T23:00:00,guest:402_NS1,guest,8.58,10.84,2.71,-0.26,33.6,34.4,0.02,0.13,0.79,7.63,37.16,0,normal,
W002880,2026-09-11T23:30:00,guest:402_NS1,guest,8.29,13.33,1.97,-0.78,32.18,35.11,0.04,0.5,0.58,8.06,37.15,0,normal,
W002878,2026-09-11T23:30:00,guest:100_AD-Zentyal,guest,16.97,25.89,1.08,0.21,65.43,68.36,-0.28,0.5,1.3,7.63,36.5,0,normal,
W002879,2026-09-11T23:30:00,guest:101_win11,guest,2.0,5.67,3.04,-0.25,57.76,60.86,-0.13,0.21,0.29,1.82,35.87,0,normal,
W002877,2026-09-11T23:30:00,node:srvzy,node,16.76,23.38,5.48,1.52,40.68,42.97,-0.13,0.35,1.37,5.25,39.81,0,normal,
W002875,2026-09-11T23:30:00,node:dl380-01,node,18.33,26.79,1.61,-0.78,51.33,52.5,0.05,0.43,0.91,8.29,44.04,0,normal,
W002876,2026-09-11T23:30:00,node:dl360-04,node,11.5,18.03,3.69,-2.27,52.2,53.58,-0.66,0.33,1.46,5.62,47.35,0,normal,
W002881,2026-09-12T00:00:00,node:dl380-01,node,17.09,27.15,2.11,0.59,51.44,53.47,-0.64,0.29,1.24,8.99,42.18,0,normal,
W002882,2026-09-12T00:00:00,node:dl360-04,node,13.22,17.29,2.25,-1.16,44.38,45.34,-0.02,0.27,1.29,8.2,45.73,0,normal,
W002883,2026-09-12T00:00:00,node:srvzy,node,2.52,9.73,2.49,-0.31,42.46,44.92,0.05,0.33,1.47,3.6,40.08,0,normal,
W002884,2026-09-12T00:00:00,guest:100_AD-Zentyal,guest,10.25,12.72,2.45,0.12,63.14,64.78,0.66,0.49,1.25,5.95,39.47,0,normal,
W002885,2026-09-12T00:00:00,guest:101_win11,guest,11.03,14.13,2.73,0.5,57.15,59.98,-0.29,0.02,0.58,7.42,36.02,0,normal,
W002886,2026-09-12T00:00:00,guest:402_NS1,guest,2.0,8.43,1.93,-2.07,33.4,35.02,0.67,0.32,1.35,5.62,36.51,0,normal,
W002892,2026-09-12T00:30:00,guest:402_NS1,guest,2.26,5.38,2.13,-0.52,31.38,33.48,0.06,0.39,0.86,2.84,37.22,0,normal,
W002891,2026-09-12T00:30:00,guest:101_win11,guest,8.98,18.82,2.15,0.73,55.8,58.72,-0.94,0.45,0.91,5.89,39.27,0,normal,
W002890,2026-09-12T00:30:00,guest:100_AD-Zentyal,guest,9.58,13.33,1.3,2.49,66.36,67.54,-0.7,0.33,1.07,7.55,38.68,0,normal,
W002887,2026-09-12T00:30:00,node:dl380-01,node,16.37,25.61,3.25,-1.79,51.02,51.83,0.42,0.05,1.16,6.86,43.62,0,normal,
W002888,2026-09-12T00:30:00,node:dl360-04,node,13.42,22.98,2.61,-1.73,46.09,46.44,0.48,0.58,1.82,5.24,44.26,0,normal,
W002889,2026-09-12T00:30:00,node:srvzy,node,4.38,7.42,2.45,1.66,42.76,44.27,-0.89,0.07,1.34,6.36,40.87,0,normal,
W002897,2026-09-12T01:00:00,guest:101_win11,guest,12.6,17.96,4.09,-0.95,56.53,59.04,0.18,0.24,1.59,1.1,35.46,0,normal,
W002898,2026-09-12T01:00:00,guest:402_NS1,guest,6.6,9.95,1.56,-0.56,31.65,34.29,0.36,0.32,1.54,1.01,37.22,0,normal,
W002895,2026-09-12T01:00:00,node:srvzy,node,7.14,13.26,3.97,0.2,38.21,40.55,0.2,0.27,1.05,1.97,41.25,0,normal,
W002894,2026-09-12T01:00:00,node:dl360-04,node,12.19,14.74,0.51,2.1,49.08,51.74,-0.11,0.38,1.02,7.61,46.39,0,normal,
W002896,2026-09-12T01:00:00,guest:100_AD-Zentyal,guest,6.02,11.27,1.83,1.18,65.86,66.71,-0.0,0.24,1.22,5.46,36.52,0,normal,
W002893,2026-09-12T01:00:00,node:dl380-01,node,16.41,21.74,1.79,0.4,51.37,53.25,-0.12,0.29,1.57,1.23,39.52,0,normal,
W002899,2026-09-12T01:30:00,node:dl380-01,node,21.99,30.92,3.94,-0.71,54.72,56.29,0.24,0.56,1.04,0.4,45.87,0,normal,
W002900,2026-09-12T01:30:00,node:dl360-04,node,15.98,21.66,2.34,-2.52,48.44,49.91,0.02,0.31,0.86,6.64,46.39,0,normal,
W002901,2026-09-12T01:30:00,node:srvzy,node,8.4,13.85,2.55,0.21,40.56,43.04,0.11,0.67,1.18,4.05,43.64,0,normal,
W002902,2026-09-12T01:30:00,guest:100_AD-Zentyal,guest,9.73,18.53,2.64,-0.27,64.84,67.36,-0.61,0.33,0.74,8.98,39.73,0,normal,
W002903,2026-09-12T01:30:00,guest:101_win11,guest,18.83,25.9,2.04,0.39,54.38,58.72,0.48,0.36,1.56,3.7,35.44,0,normal,
W002904,2026-09-12T01:30:00,guest:402_NS1,guest,2.0,8.25,2.29,0.62,33.09,35.57,0.32,0.01,1.16,3.95,37.88,0,normal,
W002910,2026-09-12T02:00:00,guest:402_NS1,guest,4.9,14.06,1.08,-0.39,34.4,35.31,-0.03,0.12,1.25,6.2,38.03,0,normal,
W002909,2026-09-12T02:00:00,guest:101_win11,guest,6.33,10.22,1.98,2.71,55.88,58.95,0.12,0.06,0.12,3.16,40.48,0,normal,
W002908,2026-09-12T02:00:00,guest:100_AD-Zentyal,guest,10.87,16.65,2.47,-1.45,64.85,65.56,0.3,0.01,0.81,10.41,40.54,0,normal,
W002905,2026-09-12T02:00:00,node:dl380-01,node,20.58,29.67,2.63,0.21,54.61,55.1,-0.38,0.24,0.51,4.18,42.51,0,normal,
W002906,2026-09-12T02:00:00,node:dl360-04,node,14.3,20.13,3.57,0.69,47.87,49.54,-0.02,0.29,2.1,0.63,44.61,0,normal,
W002907,2026-09-12T02:00:00,node:srvzy,node,3.24,10.05,2.73,-0.69,41.61,43.98,0.38,0.54,0.59,7.06,39.06,0,normal,
W002915,2026-09-12T02:30:00,guest:101_win11,guest,12.77,18.27,2.48,0.17,56.58,57.59,-0.09,0.16,1.37,0.78,37.24,0,normal,
W002916,2026-09-12T02:30:00,guest:402_NS1,guest,2.0,9.3,2.1,-2.18,34.7,35.21,-0.01,0.44,1.79,0.17,36.23,0,normal,
W002914,2026-09-12T02:30:00,guest:100_AD-Zentyal,guest,9.03,14.04,3.11,0.81,60.95,62.92,-0.21,0.3,1.68,6.08,40.25,0,normal,
W002911,2026-09-12T02:30:00,node:dl380-01,node,20.05,25.37,3.5,-0.71,54.13,54.16,-0.3,0.76,1.81,6.83,41.76,0,normal,
W002912,2026-09-12T02:30:00,node:dl360-04,node,10.17,15.38,2.43,2.3,49.83,51.94,0.03,0.45,0.72,0.76,47.12,0,normal,
W002913,2026-09-12T02:30:00,node:srvzy,node,7.25,9.32,0.5,1.07,39.06,41.46,-0.11,0.29,0.86,4.77,41.87,0,normal,
W002917,2026-09-12T03:00:00,node:dl380-01,node,21.07,30.52,3.78,3.07,52.15,54.52,-0.14,0.1,0.86,0.81,42.32,0,normal,
W002918,2026-09-12T03:00:00,node:dl360-04,node,9.13,16.45,1.72,-2.14,49.63,51.02,-0.17,0.1,1.36,5.98,45.18,0,normal,
W002919,2026-09-12T03:00:00,node:srvzy,node,2.0,15.53,4.48,1.73,38.8,40.3,0.16,0.12,0.53,9.55,41.02,0,normal,
W002920,2026-09-12T03:00:00,guest:100_AD-Zentyal,guest,6.35,15.21,1.93,-2.38,61.03,62.51,0.09,0.33,1.63,4.46,36.4,0,normal,
W002921,2026-09-12T03:00:00,guest:101_win11,guest,16.63,25.57,2.29,0.35,55.21,56.05,0.88,0.19,1.11,0.62,38.21,0,normal,
W002922,2026-09-12T03:00:00,guest:402_NS1,guest,2.0,13.03,4.3,0.68,33.27,35.09,-0.02,0.38,1.22,8.12,35.72,0,normal,
W002927,2026-09-12T03:30:00,guest:101_win11,guest,11.68,15.0,2.66,-1.1,54.55,57.09,0.25,0.24,0.38,8.68,36.43,0,normal,
W002928,2026-09-12T03:30:00,guest:402_NS1,guest,11.49,17.09,2.64,-0.52,33.51,38.98,-0.14,0.56,1.39,8.69,34.2,0,normal,
W002926,2026-09-12T03:30:00,guest:100_AD-Zentyal,guest,14.42,23.62,1.94,0.35,61.35,64.64,-0.43,0.44,1.69,3.7,36.02,0,normal,
W002924,2026-09-12T03:30:00,node:dl360-04,node,11.52,15.86,3.8,2.48,46.41,49.43,0.16,0.05,0.53,3.91,46.59,0,normal,
W002923,2026-09-12T03:30:00,node:dl380-01,node,22.62,27.35,1.75,0.44,53.84,54.1,-0.19,0.13,0.66,3.27,43.55,0,normal,
W002925,2026-09-12T03:30:00,node:srvzy,node,3.5,9.91,5.07,1.91,38.69,39.68,0.52,0.1,1.3,13.38,42.12,0,normal,
W002929,2026-09-12T04:00:00,node:dl380-01,node,24.88,31.9,2.23,1.08,53.53,54.38,-0.97,0.67,1.38,3.83,42.6,0,normal,
W002930,2026-09-12T04:00:00,node:dl360-04,node,20.2,24.73,3.14,-0.4,46.01,48.91,0.44,0.16,0.95,5.96,47.07,0,normal,
W002931,2026-09-12T04:00:00,node:srvzy,node,14.97,20.0,2.17,-0.21,38.57,38.85,0.05,0.41,1.21,5.48,40.05,0,normal,
W002932,2026-09-12T04:00:00,guest:100_AD-Zentyal,guest,11.96,18.46,2.97,0.39,63.98,67.3,0.23,0.4,0.5,8.83,36.96,0,normal,
W002933,2026-09-12T04:00:00,guest:101_win11,guest,13.35,15.53,4.59,-2.97,58.95,61.37,-0.76,0.71,1.71,1.41,36.77,0,normal,
W002934,2026-09-12T04:00:00,guest:402_NS1,guest,6.94,18.08,2.09,-3.18,35.89,38.39,-0.89,0.37,1.35,4.7,36.16,0,normal,
W002939,2026-09-12T04:30:00,guest:101_win11,guest,8.47,14.15,1.97,-0.69,56.55,57.1,-0.35,0.1,0.8,3.37,36.35,0,normal,
W002940,2026-09-12T04:30:00,guest:402_NS1,guest,5.55,10.21,2.5,-1.34,31.78,35.82,-0.28,0.12,1.06,3.55,37.77,0,normal,
W002938,2026-09-12T04:30:00,guest:100_AD-Zentyal,guest,5.77,11.38,1.21,-0.82,64.69,66.61,0.67,0.29,1.47,8.05,37.38,0,normal,
W002937,2026-09-12T04:30:00,node:srvzy,node,13.51,17.38,2.38,0.19,39.1,40.37,0.13,0.06,0.55,5.06,41.89,0,normal,
W002936,2026-09-12T04:30:00,node:dl360-04,node,13.79,19.54,3.27,1.54,46.8,47.75,0.11,0.08,0.1,3.21,47.03,0,normal,
W002935,2026-09-12T04:30:00,node:dl380-01,node,15.94,20.96,2.85,0.95,49.4,51.66,0.2,0.33,0.97,9.93,45.42,0,normal,
W002941,2026-09-12T05:00:00,node:dl380-01,node,19.03,26.68,2.4,-0.27,55.65,55.87,-0.53,0.13,0.26,5.03,43.01,0,normal,
W002942,2026-09-12T05:00:00,node:dl360-04,node,19.75,25.49,2.29,-0.46,46.69,49.58,0.48,0.06,1.51,4.45,45.75,0,normal,
W002943,2026-09-12T05:00:00,node:srvzy,node,11.0,18.68,2.43,-0.42,42.7,44.07,-0.03,0.64,0.9,5.09,43.42,0,normal,
W002944,2026-09-12T05:00:00,guest:100_AD-Zentyal,guest,14.19,22.87,1.18,0.39,63.07,67.34,0.32,0.3,1.21,6.63,38.93,0,normal,
W002945,2026-09-12T05:00:00,guest:101_win11,guest,11.35,21.44,1.18,0.25,55.1,57.14,0.4,0.04,0.77,2.15,37.46,0,normal,
W002946,2026-09-12T05:00:00,guest:402_NS1,guest,2.0,8.49,2.07,0.9,35.8,37.81,0.36,0.58,1.01,10.77,37.82,0,normal,
W002950,2026-09-12T05:30:00,guest:100_AD-Zentyal,guest,10.37,24.0,2.23,1.28,62.02,65.72,-0.15,0.31,0.38,9.81,39.88,0,normal,
W002949,2026-09-12T05:30:00,node:srvzy,node,9.63,18.49,2.42,1.27,43.0,45.9,-0.21,0.29,1.23,5.06,41.12,0,normal,
W002951,2026-09-12T05:30:00,guest:101_win11,guest,10.19,19.71,1.16,0.76,56.07,59.4,0.1,0.49,1.78,5.59,37.84,0,normal,
W002947,2026-09-12T05:30:00,node:dl380-01,node,15.92,22.81,2.43,-1.69,51.6,55.24,0.11,0.6,1.23,4.06,41.35,0,normal,
W002948,2026-09-12T05:30:00,node:dl360-04,node,19.73,26.96,2.09,-0.95,50.61,52.44,-0.07,0.18,0.82,8.11,44.75,0,normal,
W002952,2026-09-12T05:30:00,guest:402_NS1,guest,2.45,7.55,4.43,0.91,31.71,35.34,0.16,0.47,1.46,7.72,34.88,0,normal,
W002957,2026-09-12T06:00:00,guest:101_win11,guest,16.38,20.16,2.24,0.15,56.9,57.89,0.17,0.01,0.85,7.95,38.67,0,normal,
W002958,2026-09-12T06:00:00,guest:402_NS1,guest,10.98,19.14,4.72,-0.62,34.5,36.72,0.07,0.05,0.37,7.52,36.14,0,normal,
W002956,2026-09-12T06:00:00,guest:100_AD-Zentyal,guest,2.03,11.83,1.65,-0.43,66.77,70.22,0.2,0.45,1.64,11.79,40.84,0,normal,
W002955,2026-09-12T06:00:00,node:srvzy,node,9.44,13.2,2.18,1.66,41.84,42.95,-0.21,0.58,1.29,9.18,43.71,0,normal,
W002954,2026-09-12T06:00:00,node:dl360-04,node,20.1,22.15,1.94,0.72,51.27,52.55,0.9,0.34,1.3,3.74,49.17,0,normal,
W002953,2026-09-12T06:00:00,node:dl380-01,node,24.87,25.64,3.52,0.12,55.5,57.66,0.42,0.3,1.22,8.71,47.32,0,normal,
W002959,2026-09-12T06:30:00,node:dl380-01,node,19.83,23.89,2.2,1.36,52.06,54.93,-0.23,0.21,1.2,6.68,43.16,0,normal,
W002960,2026-09-12T06:30:00,node:dl360-04,node,16.7,17.37,2.88,-3.72,50.6,53.21,0.64,0.74,1.91,5.62,50.76,0,normal,
W002961,2026-09-12T06:30:00,node:srvzy,node,6.82,7.11,4.35,0.72,37.62,38.27,0.22,0.13,0.64,13.4,45.72,0,normal,
W002962,2026-09-12T06:30:00,guest:100_AD-Zentyal,guest,14.51,20.06,3.4,-0.67,59.99,60.75,-0.03,0.48,1.28,9.93,39.86,0,normal,
W002963,2026-09-12T06:30:00,guest:101_win11,guest,20.85,27.41,2.78,-0.04,56.53,56.96,0.47,0.22,0.85,5.88,36.49,0,normal,
W002964,2026-09-12T06:30:00,guest:402_NS1,guest,7.7,15.25,1.79,1.25,33.34,33.8,0.55,0.34,1.49,10.16,37.08,0,normal,
W002970,2026-09-12T07:00:00,guest:402_NS1,guest,10.09,17.49,1.83,-0.77,33.27,34.9,0.41,0.21,1.27,9.5,38.56,0,normal,
W002969,2026-09-12T07:00:00,guest:101_win11,guest,22.72,25.19,3.62,0.83,57.81,61.33,-0.07,0.38,1.23,8.85,39.91,0,normal,
W002968,2026-09-12T07:00:00,guest:100_AD-Zentyal,guest,11.77,15.54,1.93,0.46,64.2,65.55,-0.4,0.16,0.73,6.46,40.23,0,normal,
W002965,2026-09-12T07:00:00,node:dl380-01,node,21.1,30.21,4.34,0.08,53.35,57.04,-0.25,0.37,0.99,9.51,43.81,0,normal,
W002966,2026-09-12T07:00:00,node:dl360-04,node,18.62,22.74,3.16,0.2,51.07,52.24,-0.08,0.43,1.57,4.37,48.7,0,normal,
W002967,2026-09-12T07:00:00,node:srvzy,node,10.08,18.81,4.36,-3.13,40.3,42.57,-0.0,0.49,1.32,7.12,41.69,0,normal,
W002975,2026-09-12T07:30:00,guest:101_win11,guest,17.91,22.19,1.77,1.25,56.78,60.62,0.25,0.14,1.4,6.56,42.18,0,normal,
W002976,2026-09-12T07:30:00,guest:402_NS1,guest,10.72,18.35,2.53,0.32,34.07,35.14,0.14,0.5,0.83,13.33,40.13,0,normal,
W002974,2026-09-12T07:30:00,guest:100_AD-Zentyal,guest,14.06,21.01,2.99,-0.24,63.77,66.13,0.03,0.19,1.03,6.89,38.1,0,normal,
W002971,2026-09-12T07:30:00,node:dl380-01,node,27.51,35.72,2.5,-0.1,54.65,55.12,-0.33,0.39,0.56,6.46,44.63,0,normal,
W002972,2026-09-12T07:30:00,node:dl360-04,node,30.09,38.11,3.6,-0.97,50.13,50.37,-0.13,0.4,0.63,9.89,48.94,0,normal,
W002973,2026-09-12T07:30:00,node:srvzy,node,10.82,14.32,1.78,-0.42,40.91,43.42,-0.21,0.62,2.06,9.41,42.71,0,normal,
W002977,2026-09-12T08:00:00,node:dl380-01,node,23.47,28.11,4.36,1.13,57.05,58.8,0.22,0.37,1.1,10.33,47.67,0,normal,
W002978,2026-09-12T08:00:00,node:dl360-04,node,27.6,32.84,1.19,1.97,52.98,55.38,0.72,0.37,0.8,6.06,47.02,0,normal,
W002979,2026-09-12T08:00:00,node:srvzy,node,15.02,19.62,1.92,-0.13,43.54,45.0,-0.29,0.2,1.37,9.79,44.42,0,normal,
W002980,2026-09-12T08:00:00,guest:100_AD-Zentyal,guest,23.44,37.97,3.14,0.65,62.87,65.24,0.02,0.48,1.12,10.6,40.91,0,normal,
W002981,2026-09-12T08:00:00,guest:101_win11,guest,26.64,37.34,3.77,0.87,57.22,59.95,-0.31,0.26,1.77,11.61,40.34,0,normal,
W002982,2026-09-12T08:00:00,guest:402_NS1,guest,13.24,18.96,0.5,-1.52,36.11,37.19,-0.04,0.05,0.57,9.99,41.39,0,normal,
W002987,2026-09-12T08:30:00,guest:101_win11,guest,23.32,27.85,1.95,0.49,58.77,60.66,0.27,0.04,0.72,12.89,41.44,0,normal,
W002988,2026-09-12T08:30:00,guest:402_NS1,guest,14.93,23.99,2.13,-2.05,34.53,37.17,0.32,0.19,0.61,7.39,39.18,0,normal,
W002986,2026-09-12T08:30:00,guest:100_AD-Zentyal,guest,15.57,24.09,1.95,-0.1,64.15,65.75,-0.2,0.05,1.03,13.19,39.74,0,normal,
W002985,2026-09-12T08:30:00,node:srvzy,node,8.29,19.45,2.45,-1.33,42.23,44.15,0.17,0.23,1.16,12.83,42.02,0,normal,
W002984,2026-09-12T08:30:00,node:dl360-04,node,20.13,21.76,1.2,1.19,52.72,53.64,0.03,0.01,0.42,10.78,48.22,0,normal,
W002983,2026-09-12T08:30:00,node:dl380-01,node,28.94,32.73,2.81,-1.71,55.1,58.05,-0.03,0.56,1.7,10.72,45.63,0,normal,
W002989,2026-09-12T09:00:00,node:dl380-01,node,20.43,24.85,2.55,-0.12,54.92,56.23,-0.23,0.19,1.27,11.29,51.53,0,normal,
W002990,2026-09-12T09:00:00,node:dl360-04,node,22.91,30.22,2.19,-0.4,53.33,56.33,-0.7,0.1,0.84,9.74,47.51,0,normal,
W002991,2026-09-12T09:00:00,node:srvzy,node,17.48,17.84,2.63,0.88,44.09,45.94,0.6,0.37,1.5,9.09,47.06,0,normal,
W002992,2026-09-12T09:00:00,guest:100_AD-Zentyal,guest,20.06,30.79,3.86,0.31,66.25,68.07,-0.33,0.42,1.44,6.44,40.65,0,normal,
W002993,2026-09-12T09:00:00,guest:101_win11,guest,25.11,35.51,3.23,-1.82,56.62,58.27,0.56,0.18,1.4,9.42,41.58,0,normal,
W002994,2026-09-12T09:00:00,guest:402_NS1,guest,10.78,16.2,1.37,1.73,34.27,34.72,-0.65,0.28,0.9,13.24,40.42,0,normal,
W002999,2026-09-12T09:30:00,guest:101_win11,guest,22.34,24.27,2.07,-1.75,57.99,60.67,0.18,0.62,1.54,3.86,43.7,0,normal,
W002998,2026-09-12T09:30:00,guest:100_AD-Zentyal,guest,21.7,28.7,2.55,2.04,64.68,66.92,-0.68,0.01,1.54,13.14,40.46,0,normal,
W003000,2026-09-12T09:30:00,guest:402_NS1,guest,11.13,17.61,2.6,0.29,35.6,37.67,-0.53,0.82,1.88,11.45,43.54,0,normal,
W002996,2026-09-12T09:30:00,node:dl360-04,node,25.92,26.86,3.07,-1.45,49.48,49.59,0.26,0.04,0.36,7.91,49.58,0,normal,
W002995,2026-09-12T09:30:00,node:dl380-01,node,31.15,36.0,3.53,-1.14,52.81,53.99,-0.45,0.05,1.02,10.5,46.99,0,normal,
W002997,2026-09-12T09:30:00,node:srvzy,node,16.51,24.95,2.4,1.16,43.2,44.25,-0.27,0.6,1.89,13.77,46.21,0,normal,
W003005,2026-09-12T10:00:00,guest:101_win11,guest,19.24,19.58,3.64,1.09,60.88,62.76,0.32,0.51,1.28,11.43,40.04,0,normal,
W003004,2026-09-12T10:00:00,guest:100_AD-Zentyal,guest,19.37,20.98,2.56,-1.05,67.06,69.02,-0.13,0.13,1.5,14.71,40.48,0,normal,
W003006,2026-09-12T10:00:00,guest:402_NS1,guest,17.49,25.17,2.09,-0.35,35.61,38.4,-0.55,0.08,0.44,12.05,41.97,0,normal,
W003002,2026-09-12T10:00:00,node:dl360-04,node,25.23,30.3,4.15,2.52,50.48,54.02,0.41,0.54,1.38,10.48,48.92,0,normal,
W003001,2026-09-12T10:00:00,node:dl380-01,node,25.25,33.85,1.94,0.48,56.76,57.1,-0.57,0.62,1.32,18.5,49.47,0,normal,
W003003,2026-09-12T10:00:00,node:srvzy,node,14.44,26.17,2.51,-1.37,44.8,46.33,-0.26,0.71,0.98,13.21,44.61,0,normal,
W003007,2026-09-12T10:30:00,node:dl380-01,node,25.26,33.99,3.96,0.5,58.02,59.11,-0.36,0.4,1.19,9.82,49.64,0,normal,
W003008,2026-09-12T10:30:00,node:dl360-04,node,27.05,35.15,1.83,2.02,50.72,53.74,-0.23,0.33,1.36,18.49,49.84,0,normal,
W003009,2026-09-12T10:30:00,node:srvzy,node,19.71,27.48,1.09,-2.61,41.21,44.17,0.69,0.12,0.43,17.1,44.65,0,normal,
W003010,2026-09-12T10:30:00,guest:100_AD-Zentyal,guest,20.7,31.08,3.79,1.12,62.92,63.66,0.45,0.36,0.85,11.47,43.17,0,normal,
W003011,2026-09-12T10:30:00,guest:101_win11,guest,29.35,35.33,1.81,-0.33,61.42,64.74,0.08,0.19,1.43,17.37,39.32,0,normal,
W003012,2026-09-12T10:30:00,guest:402_NS1,guest,15.19,24.65,2.57,-0.59,36.33,38.7,-0.45,0.32,1.27,11.03,40.33,0,normal,
W003016,2026-09-12T11:00:00,guest:100_AD-Zentyal,guest,22.55,27.8,3.12,-1.2,66.9,68.79,-0.35,0.63,1.73,11.18,42.9,0,normal,
W003015,2026-09-12T11:00:00,node:srvzy,node,22.14,29.35,1.5,-0.01,47.52,51.11,0.06,0.23,0.31,12.04,46.0,0,normal,
W003017,2026-09-12T11:00:00,guest:101_win11,guest,20.79,24.8,3.83,0.42,59.9,62.89,0.24,0.25,1.42,8.47,41.12,0,normal,
W003013,2026-09-12T11:00:00,node:dl380-01,node,28.77,31.86,3.35,-1.18,56.75,58.38,-0.28,0.57,1.32,11.53,46.97,0,normal,
W003014,2026-09-12T11:00:00,node:dl360-04,node,28.84,37.32,3.77,-0.2,51.0,53.14,0.07,0.15,1.53,13.6,51.92,0,normal,
W003018,2026-09-12T11:00:00,guest:402_NS1,guest,17.32,24.96,2.18,-2.14,32.95,34.88,-0.19,0.12,0.49,13.94,44.07,0,normal,
W003023,2026-09-12T11:30:00,guest:101_win11,guest,27.83,31.8,3.77,0.98,58.61,60.48,0.24,0.51,0.71,13.75,42.07,0,normal,
W003024,2026-09-12T11:30:00,guest:402_NS1,guest,15.66,19.93,3.55,0.64,40.21,41.64,0.05,0.36,1.52,17.61,42.26,0,normal,
W003021,2026-09-12T11:30:00,node:srvzy,node,24.44,26.55,1.34,0.5,44.94,45.39,-0.71,0.14,1.21,13.97,45.0,0,normal,
W003020,2026-09-12T11:30:00,node:dl360-04,node,26.85,28.35,2.45,-0.23,51.84,53.96,0.63,0.16,0.33,10.11,50.17,0,normal,
W003022,2026-09-12T11:30:00,guest:100_AD-Zentyal,guest,26.24,32.62,2.39,-1.94,65.03,68.98,-0.13,0.11,0.76,13.89,43.45,0,normal,
W003019,2026-09-12T11:30:00,node:dl380-01,node,31.13,41.07,2.13,0.53,58.85,60.69,0.01,0.23,1.26,16.24,48.65,0,normal,
W003025,2026-09-12T12:00:00,node:dl380-01,node,28.1,31.96,2.64,1.35,54.13,54.96,0.3,0.04,0.39,17.74,48.27,0,normal,
W003026,2026-09-12T12:00:00,node:dl360-04,node,27.89,37.99,1.44,-1.52,54.66,56.9,0.27,0.24,1.0,12.22,52.08,0,normal,
W003027,2026-09-12T12:00:00,node:srvzy,node,24.84,31.43,3.56,0.79,41.84,43.7,-0.18,0.45,1.44,14.71,48.12,0,normal,
W003028,2026-09-12T12:00:00,guest:100_AD-Zentyal,guest,18.4,22.59,1.98,0.3,67.73,69.73,-0.53,0.38,1.23,9.92,42.15,0,normal,
W003029,2026-09-12T12:00:00,guest:101_win11,guest,28.24,39.2,1.41,0.95,57.79,58.52,-0.48,0.42,1.27,13.39,43.28,0,normal,
W003030,2026-09-12T12:00:00,guest:402_NS1,guest,19.07,25.4,2.2,-1.23,39.78,43.18,0.64,0.19,0.72,13.09,44.21,0,normal,
W003031,2026-09-12T12:30:00,node:dl380-01,node,31.93,36.3,2.86,-0.88,54.29,56.42,-0.21,0.3,0.57,11.65,48.53,0,normal,
W003032,2026-09-12T12:30:00,node:dl360-04,node,23.62,25.17,2.54,0.84,50.13,51.86,-0.1,0.01,1.29,13.78,51.34,0,normal,
W003033,2026-09-12T12:30:00,node:srvzy,node,23.23,24.55,3.42,1.26,43.99,46.45,-0.13,0.47,0.94,14.23,46.64,0,normal,
W003034,2026-09-12T12:30:00,guest:100_AD-Zentyal,guest,24.79,34.0,4.69,-0.13,67.58,68.78,0.41,0.2,2.25,9.32,45.82,0,normal,
W003035,2026-09-12T12:30:00,guest:101_win11,guest,30.4,33.03,4.82,-1.11,59.17,59.87,-0.06,0.29,1.42,21.65,41.83,0,normal,
W003036,2026-09-12T12:30:00,guest:402_NS1,guest,9.29,17.24,1.95,2.18,36.67,37.91,-0.41,0.42,1.11,18.73,42.28,0,normal,
W003042,2026-09-12T13:00:00,guest:402_NS1,guest,27.11,31.3,2.94,-0.68,35.06,37.63,-0.29,0.34,1.39,20.55,41.0,0,normal,
W003041,2026-09-12T13:00:00,guest:101_win11,guest,31.28,37.6,2.81,1.63,60.41,62.91,-0.57,1.04,1.21,13.21,42.04,0,normal,
W003040,2026-09-12T13:00:00,guest:100_AD-Zentyal,guest,29.32,36.1,3.19,1.22,66.33,69.8,-0.25,0.08,1.03,15.26,43.11,0,normal,
W003038,2026-09-12T13:00:00,node:dl360-04,node,32.49,42.02,2.39,1.2,50.13,52.71,0.06,0.14,1.76,15.53,51.01,0,normal,
W003037,2026-09-12T13:00:00,node:dl380-01,node,37.68,39.54,0.76,1.0,56.1,57.83,-0.4,0.08,1.14,14.77,47.31,0,normal,
W003039,2026-09-12T13:00:00,node:srvzy,node,22.8,26.19,1.34,-0.54,43.24,44.44,0.5,0.15,0.57,11.27,44.97,0,normal,
W003048,2026-09-12T13:30:00,guest:402_NS1,guest,16.22,23.02,2.34,-2.4,33.61,35.54,0.01,0.24,1.39,12.02,40.82,0,normal,
W003043,2026-09-12T13:30:00,node:dl380-01,node,32.19,37.86,2.5,3.08,56.62,57.14,-0.08,0.28,0.98,12.67,46.92,0,normal,
W003044,2026-09-12T13:30:00,node:dl360-04,node,37.29,44.24,2.31,2.55,50.37,52.97,-0.5,0.45,0.8,16.24,54.83,0,normal,
W003045,2026-09-12T13:30:00,node:srvzy,node,23.05,23.63,2.54,0.58,45.55,49.03,0.61,0.27,0.81,11.47,46.09,0,normal,
W003046,2026-09-12T13:30:00,guest:100_AD-Zentyal,guest,27.4,29.35,1.57,0.67,65.77,68.14,-0.33,0.36,0.85,9.12,44.33,0,normal,
W003047,2026-09-12T13:30:00,guest:101_win11,guest,25.29,30.55,1.81,0.65,60.53,63.07,-0.22,0.29,1.26,19.47,43.36,0,normal,
W003049,2026-09-12T14:00:00,node:dl380-01,node,30.11,34.28,2.44,-0.96,53.14,53.71,0.05,0.07,0.08,16.87,51.32,0,normal,
W003050,2026-09-12T14:00:00,node:dl360-04,node,29.67,36.47,2.78,-2.78,53.6,56.84,0.73,0.21,0.56,19.08,52.75,0,normal,
W003051,2026-09-12T14:00:00,node:srvzy,node,26.06,30.12,2.77,-1.26,43.99,45.64,0.94,0.41,0.47,15.0,47.55,0,normal,
W003052,2026-09-12T14:00:00,guest:100_AD-Zentyal,guest,24.34,27.03,3.16,-1.15,68.04,68.99,-0.21,0.49,1.49,15.09,42.96,0,normal,
W003053,2026-09-12T14:00:00,guest:101_win11,guest,28.32,31.94,0.98,0.68,62.75,65.36,0.1,0.06,1.21,16.44,44.14,0,normal,
W003054,2026-09-12T14:00:00,guest:402_NS1,guest,23.62,34.38,1.39,-1.55,37.27,38.34,-0.44,0.54,0.94,14.97,40.55,0,normal,
W003059,2026-09-12T14:30:00,guest:101_win11,guest,31.09,42.51,3.53,0.01,58.38,61.05,0.67,0.5,1.38,13.53,43.52,0,normal,
W003060,2026-09-12T14:30:00,guest:402_NS1,guest,24.04,30.74,2.4,-0.82,41.66,42.77,-0.39,0.33,1.05,18.07,44.59,0,normal,
W003058,2026-09-12T14:30:00,guest:100_AD-Zentyal,guest,19.72,24.17,3.52,1.96,68.29,69.89,-0.39,0.41,1.04,13.85,42.66,0,normal,
W003055,2026-09-12T14:30:00,node:dl380-01,node,33.22,42.77,3.71,1.25,56.86,59.97,0.17,0.21,1.16,17.66,47.01,0,normal,
W003056,2026-09-12T14:30:00,node:dl360-04,node,26.29,31.86,1.28,-1.48,51.24,54.23,0.39,0.36,1.24,21.26,51.19,0,normal,
W003057,2026-09-12T14:30:00,node:srvzy,node,23.84,28.08,1.21,1.42,43.45,46.15,-0.1,0.55,0.95,18.49,48.34,0,normal,
W003061,2026-09-12T15:00:00,node:dl380-01,node,28.48,32.21,1.62,0.94,57.7,59.33,0.09,0.07,0.58,10.93,49.12,0,normal,
W003062,2026-09-12T15:00:00,node:dl360-04,node,30.22,33.27,2.92,1.27,50.08,51.75,0.21,0.3,0.55,13.51,51.19,0,normal,
W003063,2026-09-12T15:00:00,node:srvzy,node,22.13,27.75,4.07,-0.25,40.84,42.93,0.7,0.27,0.89,13.91,47.77,0,normal,
W003064,2026-09-12T15:00:00,guest:100_AD-Zentyal,guest,24.64,26.1,1.83,-0.08,67.9,69.31,-0.12,0.31,0.8,14.55,43.6,0,normal,
W003065,2026-09-12T15:00:00,guest:101_win11,guest,23.57,30.49,1.41,-1.28,58.74,62.1,-0.69,0.21,1.0,18.33,45.82,0,normal,
W003066,2026-09-12T15:00:00,guest:402_NS1,guest,18.25,25.87,2.41,-0.12,37.42,37.84,-0.02,0.39,0.85,16.2,40.31,0,normal,
W003072,2026-09-12T15:30:00,guest:402_NS1,guest,21.8,32.87,4.16,0.19,38.77,41.04,-0.17,0.24,1.3,27.09,44.65,0,normal,
W003071,2026-09-12T15:30:00,guest:101_win11,guest,32.55,39.02,2.46,-1.46,59.21,59.44,-0.1,0.18,0.83,10.67,43.95,0,normal,
W003070,2026-09-12T15:30:00,guest:100_AD-Zentyal,guest,22.44,27.55,2.95,-1.07,66.8,68.6,0.71,0.44,1.53,17.59,42.08,0,normal,
W003067,2026-09-12T15:30:00,node:dl380-01,node,33.05,43.08,2.28,-1.17,54.37,56.76,0.37,0.29,0.9,9.04,49.08,0,normal,
W003068,2026-09-12T15:30:00,node:dl360-04,node,27.31,31.42,4.12,-2.16,48.93,51.16,-0.15,0.2,1.11,15.6,50.44,0,normal,
W003069,2026-09-12T15:30:00,node:srvzy,node,20.66,26.81,2.67,0.58,42.88,45.23,0.38,0.31,1.07,14.12,45.97,0,normal,
W003077,2026-09-12T16:00:00,guest:101_win11,guest,25.22,32.94,2.21,0.51,59.3,61.91,0.17,0.19,0.61,17.2,41.38,0,normal,
W003078,2026-09-12T16:00:00,guest:402_NS1,guest,20.68,26.77,2.04,0.52,39.19,41.82,0.05,0.62,0.75,10.99,41.9,0,normal,
W003076,2026-09-12T16:00:00,guest:100_AD-Zentyal,guest,29.21,34.89,1.01,-1.53,68.2,68.53,0.11,0.21,0.94,12.31,41.17,0,normal,
W003073,2026-09-12T16:00:00,node:dl380-01,node,32.79,40.24,2.97,-0.11,58.09,59.94,-0.4,0.4,1.44,13.89,49.06,0,normal,
W003074,2026-09-12T16:00:00,node:dl360-04,node,32.29,38.14,2.05,-0.85,51.28,54.81,-0.08,0.37,1.04,13.1,50.28,0,normal,
W003075,2026-09-12T16:00:00,node:srvzy,node,22.28,26.73,3.77,-0.13,43.65,45.47,0.15,0.6,0.98,15.16,44.24,0,normal,
W003079,2026-09-12T16:30:00,node:dl380-01,node,36.9,45.72,0.78,-0.52,54.35,56.31,0.36,0.5,1.4,13.06,48.45,0,normal,
W003080,2026-09-12T16:30:00,node:dl360-04,node,31.32,44.36,1.31,1.91,52.17,54.99,0.07,0.58,1.51,12.38,52.27,0,normal,
W003081,2026-09-12T16:30:00,node:srvzy,node,25.87,31.87,0.5,-0.14,43.91,45.86,-0.2,0.56,0.71,14.61,46.76,0,normal,
W003082,2026-09-12T16:30:00,guest:100_AD-Zentyal,guest,32.26,38.22,2.95,0.15,66.9,70.66,-0.44,0.17,1.27,15.1,42.17,0,normal,
W003083,2026-09-12T16:30:00,guest:101_win11,guest,26.68,35.42,2.99,-0.86,60.16,62.11,0.19,0.24,0.55,16.35,43.42,0,normal,
W003084,2026-09-12T16:30:00,guest:402_NS1,guest,23.88,25.93,2.43,-0.28,36.02,36.48,-0.43,0.35,0.95,11.85,44.74,0,normal,
W003089,2026-09-12T17:00:00,guest:101_win11,guest,27.83,31.7,3.37,-0.26,62.57,63.98,-0.64,0.47,1.44,17.14,42.59,0,normal,
W003090,2026-09-12T17:00:00,guest:402_NS1,guest,25.85,31.28,3.55,-0.63,37.3,39.98,0.33,0.46,0.95,13.33,41.26,0,normal,
W003088,2026-09-12T17:00:00,guest:100_AD-Zentyal,guest,18.62,25.38,2.48,-1.03,64.45,66.41,-0.54,0.27,0.97,13.18,42.73,0,normal,
W003085,2026-09-12T17:00:00,node:dl380-01,node,38.96,44.8,1.0,0.48,52.66,53.31,0.17,0.02,0.7,9.08,48.21,0,normal,
W003086,2026-09-12T17:00:00,node:dl360-04,node,31.59,35.75,2.48,-0.98,50.07,51.24,0.31,0.02,0.68,14.76,52.49,0,normal,
W003087,2026-09-12T17:00:00,node:srvzy,node,22.2,27.98,1.93,1.11,41.85,43.0,0.54,0.37,1.33,15.33,45.98,0,normal,
W003091,2026-09-12T17:30:00,node:dl380-01,node,29.33,34.48,3.48,0.24,55.5,56.03,0.61,0.17,0.92,19.95,47.19,0,normal,
W003092,2026-09-12T17:30:00,node:dl360-04,node,26.69,33.39,0.89,-2.07,50.55,52.1,0.05,0.1,1.08,7.07,51.02,0,normal,
W003093,2026-09-12T17:30:00,node:srvzy,node,21.92,28.9,2.34,-0.79,43.07,46.3,-0.24,0.5,1.75,8.33,45.93,0,normal,
W003094,2026-09-12T17:30:00,guest:100_AD-Zentyal,guest,20.23,21.73,3.29,0.57,66.89,67.8,0.08,0.04,0.87,11.55,43.7,0,normal,
W003095,2026-09-12T17:30:00,guest:101_win11,guest,24.39,31.08,2.73,-0.09,59.6,61.91,-0.36,0.38,1.53,14.73,41.59,0,normal,
W003096,2026-09-12T17:30:00,guest:402_NS1,guest,18.27,23.18,2.38,-1.43,38.9,42.83,-0.28,0.46,1.84,10.66,38.88,0,normal,
W003101,2026-09-12T18:00:00,guest:101_win11,guest,17.28,24.39,2.2,-0.5,56.97,58.93,-0.21,0.55,0.65,9.61,39.95,0,normal,
W003100,2026-09-12T18:00:00,guest:100_AD-Zentyal,guest,20.34,27.74,1.72,0.69,66.45,67.82,0.04,0.19,0.84,13.56,41.9,0,normal,
W003102,2026-09-12T18:00:00,guest:402_NS1,guest,16.91,26.42,3.0,-1.31,35.23,36.42,0.2,0.21,0.44,14.25,43.39,0,normal,
W003098,2026-09-12T18:00:00,node:dl360-04,node,24.51,30.05,0.5,-0.09,51.06,53.8,0.72,0.44,1.67,12.45,52.43,0,normal,
W003097,2026-09-12T18:00:00,node:dl380-01,node,34.31,40.28,1.98,0.06,55.34,60.3,-0.21,0.37,1.68,16.36,49.14,0,normal,
W003099,2026-09-12T18:00:00,node:srvzy,node,19.04,28.46,3.3,0.47,40.23,43.32,0.15,0.44,1.37,13.96,47.45,0,normal,
W003107,2026-09-12T18:30:00,guest:101_win11,guest,30.31,33.74,2.11,1.81,61.79,64.61,-0.43,0.32,1.12,9.93,42.55,0,normal,
W003106,2026-09-12T18:30:00,guest:100_AD-Zentyal,guest,19.38,27.57,2.07,0.35,66.92,68.43,0.07,0.62,1.17,16.45,40.61,0,normal,
W003108,2026-09-12T18:30:00,guest:402_NS1,guest,13.28,15.41,0.88,2.05,35.08,36.59,-0.41,0.57,0.82,8.89,41.02,0,normal,
W003104,2026-09-12T18:30:00,node:dl360-04,node,24.87,27.86,0.58,1.72,49.3,49.81,0.05,0.0,0.85,11.49,51.89,0,normal,
W003105,2026-09-12T18:30:00,node:srvzy,node,21.93,31.24,2.71,-1.03,41.13,42.6,0.8,0.25,1.11,17.06,45.88,0,normal,
W003103,2026-09-12T18:30:00,node:dl380-01,node,28.37,34.74,0.99,-2.47,52.67,54.63,-0.12,0.41,1.13,15.46,48.81,0,normal,
W003109,2026-09-12T19:00:00,node:dl380-01,node,27.0,34.97,1.82,1.85,54.31,55.31,-0.44,0.15,0.48,13.55,45.28,0,normal,
W003110,2026-09-12T19:00:00,node:dl360-04,node,23.61,26.52,1.33,1.33,53.4,56.67,-0.59,0.03,1.62,10.53,47.71,0,normal,
W003111,2026-09-12T19:00:00,node:srvzy,node,20.86,27.06,3.07,-2.69,41.93,44.88,-0.26,0.55,0.82,10.96,47.24,0,normal,
W003112,2026-09-12T19:00:00,guest:100_AD-Zentyal,guest,16.04,22.86,3.09,0.11,65.07,66.19,0.08,0.28,0.5,14.59,39.41,0,normal,
W003113,2026-09-12T19:00:00,guest:101_win11,guest,17.13,21.35,1.61,-0.31,56.28,58.73,0.55,0.32,0.54,8.55,41.11,0,normal,
W003114,2026-09-12T19:00:00,guest:402_NS1,guest,7.19,9.49,0.85,0.14,39.41,40.15,0.33,0.19,0.46,15.99,44.02,0,normal,
W003120,2026-09-12T19:30:00,guest:402_NS1,guest,12.74,19.98,3.24,-0.14,36.96,39.75,-0.56,0.45,1.68,12.18,38.02,0,normal,
W003119,2026-09-12T19:30:00,guest:101_win11,guest,28.68,38.51,2.36,0.7,58.92,60.21,-0.05,0.66,1.72,17.47,39.15,0,normal,
W003118,2026-09-12T19:30:00,guest:100_AD-Zentyal,guest,14.03,20.56,2.91,1.94,67.19,68.29,0.57,0.02,0.83,13.56,42.96,0,normal,
W003116,2026-09-12T19:30:00,node:dl360-04,node,32.47,41.65,3.3,1.09,52.8,57.21,-0.67,0.42,0.65,14.15,50.6,0,normal,
W003115,2026-09-12T19:30:00,node:dl380-01,node,28.51,35.6,2.56,-0.18,56.13,58.81,0.67,0.2,1.05,11.03,48.31,0,normal,
W003117,2026-09-12T19:30:00,node:srvzy,node,15.16,17.17,2.49,0.27,42.4,43.78,-0.36,0.29,0.77,13.72,44.66,0,normal,
W003121,2026-09-12T20:00:00,node:dl380-01,node,24.03,31.34,1.63,1.1,56.31,58.45,0.01,0.34,1.14,6.14,45.35,0,normal,
W003122,2026-09-12T20:00:00,node:dl360-04,node,22.25,32.51,3.19,1.77,47.47,49.11,0.83,0.15,0.65,9.18,52.03,0,normal,
W003123,2026-09-12T20:00:00,node:srvzy,node,12.65,20.32,2.89,-2.31,41.97,43.42,0.27,0.65,1.31,8.97,47.78,0,normal,
W003124,2026-09-12T20:00:00,guest:100_AD-Zentyal,guest,15.51,17.48,3.88,-0.06,65.51,69.74,-0.56,0.26,0.57,11.01,39.17,0,normal,
W003125,2026-09-12T20:00:00,guest:101_win11,guest,15.89,24.09,2.51,-1.5,55.86,58.07,-0.67,0.35,1.68,12.0,39.07,0,normal,
W003126,2026-09-12T20:00:00,guest:402_NS1,guest,12.96,15.21,2.64,-0.39,33.13,35.75,-0.79,0.06,0.44,8.49,41.95,0,normal,
W003131,2026-09-12T20:30:00,guest:101_win11,guest,18.85,22.76,1.51,-0.28,58.62,61.88,-0.48,0.29,1.57,6.46,41.9,0,normal,
W003130,2026-09-12T20:30:00,guest:100_AD-Zentyal,guest,24.9,25.62,2.77,-0.13,65.2,66.8,-0.22,0.08,0.92,12.8,39.26,0,normal,
W003132,2026-09-12T20:30:00,guest:402_NS1,guest,10.46,18.6,2.28,0.55,37.9,39.77,0.4,0.35,0.84,9.56,39.69,0,normal,
W003128,2026-09-12T20:30:00,node:dl360-04,node,27.54,29.43,3.51,-0.08,49.17,53.2,0.28,0.22,1.4,9.86,48.35,0,normal,
W003127,2026-09-12T20:30:00,node:dl380-01,node,27.64,33.96,2.56,-0.01,57.47,57.65,0.31,0.2,1.2,11.52,47.1,0,normal,
W003129,2026-09-12T20:30:00,node:srvzy,node,12.88,19.79,1.89,0.19,43.6,45.71,0.79,0.3,1.64,12.93,46.29,0,normal,
W003137,2026-09-12T21:00:00,guest:101_win11,guest,13.0,17.53,1.39,-0.06,55.2,57.28,0.45,0.54,0.84,6.71,40.5,0,normal,
W003136,2026-09-12T21:00:00,guest:100_AD-Zentyal,guest,19.65,25.72,1.3,-0.5,66.35,67.58,0.16,0.48,1.29,6.11,39.13,0,normal,
W003138,2026-09-12T21:00:00,guest:402_NS1,guest,12.39,16.55,2.01,0.1,31.18,33.71,0.43,0.22,0.45,12.94,39.55,0,normal,
W003134,2026-09-12T21:00:00,node:dl360-04,node,16.87,21.28,3.08,-2.34,45.27,47.96,-0.21,0.39,1.82,5.67,45.72,0,normal,
W003133,2026-09-12T21:00:00,node:dl380-01,node,17.99,25.37,3.16,0.97,57.06,60.01,-0.24,0.22,1.36,9.88,45.2,0,normal,
W003135,2026-09-12T21:00:00,node:srvzy,node,11.96,15.91,2.47,0.65,42.07,44.12,0.42,0.43,1.16,10.61,40.91,0,normal,
W003139,2026-09-12T21:30:00,node:dl380-01,node,25.41,27.45,1.18,0.5,56.33,57.2,-0.04,0.02,0.54,7.93,45.96,0,normal,
W003140,2026-09-12T21:30:00,node:dl360-04,node,12.56,22.52,2.33,1.55,50.74,53.59,0.81,0.14,1.0,5.73,48.07,0,normal,
W003141,2026-09-12T21:30:00,node:srvzy,node,15.45,24.83,2.12,-1.45,41.61,42.76,-0.23,0.43,1.43,11.21,42.72,0,normal,
W003142,2026-09-12T21:30:00,guest:100_AD-Zentyal,guest,19.46,25.5,2.22,-1.32,60.72,61.16,0.09,0.12,0.26,7.45,39.64,0,normal,
W003143,2026-09-12T21:30:00,guest:101_win11,guest,19.38,25.3,2.44,-0.65,58.62,60.45,-0.03,0.51,1.62,8.15,38.73,0,normal,
W003144,2026-09-12T21:30:00,guest:402_NS1,guest,8.76,8.82,3.6,-0.82,36.02,38.06,0.56,0.41,1.57,6.93,37.3,0,normal,
W003149,2026-09-12T22:00:00,guest:101_win11,guest,15.57,21.57,1.56,0.61,57.78,59.02,-0.52,0.55,2.05,8.2,37.96,0,normal,
W003150,2026-09-12T22:00:00,guest:402_NS1,guest,11.66,19.07,2.29,1.16,32.54,33.85,0.15,0.32,1.38,11.08,36.17,0,normal,
W003148,2026-09-12T22:00:00,guest:100_AD-Zentyal,guest,15.16,23.84,2.77,1.26,65.93,66.91,-0.21,0.3,0.82,6.77,38.95,0,normal,
W003147,2026-09-12T22:00:00,node:srvzy,node,10.27,17.25,3.11,0.48,44.23,47.32,0.09,0.11,0.64,3.21,42.73,0,normal,
W003146,2026-09-12T22:00:00,node:dl360-04,node,19.05,23.28,3.38,1.49,47.61,48.19,-0.49,0.17,0.94,2.61,46.87,0,normal,
W003145,2026-09-12T22:00:00,node:dl380-01,node,21.52,21.76,2.03,-1.43,52.49,55.08,0.21,0.27,1.2,5.88,48.14,0,normal,
W003151,2026-09-12T22:30:00,node:dl380-01,node,21.14,32.84,1.9,-0.86,49.97,52.07,0.23,0.42,0.8,7.47,44.83,0,normal,
W003152,2026-09-12T22:30:00,node:dl360-04,node,18.18,20.9,2.58,-0.98,45.63,48.31,0.06,0.42,1.0,9.38,49.03,0,normal,
W003153,2026-09-12T22:30:00,node:srvzy,node,17.14,25.58,2.88,-1.66,40.81,41.39,-0.33,0.69,1.08,0.47,43.72,0,normal,
W003154,2026-09-12T22:30:00,guest:100_AD-Zentyal,guest,11.64,19.95,1.33,-0.51,66.15,66.83,-0.07,0.36,0.87,8.23,38.52,0,normal,
W003155,2026-09-12T22:30:00,guest:101_win11,guest,17.87,29.4,5.18,0.56,56.8,59.24,-0.09,0.02,0.8,10.75,36.3,0,normal,
W003156,2026-09-12T22:30:00,guest:402_NS1,guest,4.55,8.81,2.87,2.85,32.54,34.63,0.0,0.24,1.02,6.11,42.61,0,normal,
W003162,2026-09-12T23:00:00,guest:402_NS1,guest,8.3,14.68,3.44,-0.5,33.69,34.71,-0.35,0.21,1.19,8.66,39.51,0,normal,
W003161,2026-09-12T23:00:00,guest:101_win11,guest,12.82,17.93,2.27,-0.4,61.5,65.16,0.28,0.35,1.6,7.2,39.1,0,normal,
W003160,2026-09-12T23:00:00,guest:100_AD-Zentyal,guest,17.15,26.65,2.3,1.31,63.02,64.54,-0.48,0.56,1.24,0.8,38.69,0,normal,
W003157,2026-09-12T23:00:00,node:dl380-01,node,21.97,26.6,3.68,0.31,53.69,55.51,-0.1,0.06,0.19,7.58,43.59,0,normal,
W003158,2026-09-12T23:00:00,node:dl360-04,node,19.41,22.74,1.4,0.93,48.05,50.91,0.01,0.68,1.78,7.69,48.08,0,normal,
W003159,2026-09-12T23:00:00,node:srvzy,node,8.39,9.46,2.86,2.33,36.46,38.93,-0.61,0.3,1.13,8.71,42.19,0,normal,
W003167,2026-09-12T23:30:00,guest:101_win11,guest,17.12,22.77,0.52,-0.68,56.07,57.94,0.57,0.42,0.67,2.0,37.48,0,normal,
W003168,2026-09-12T23:30:00,guest:402_NS1,guest,6.78,15.76,4.23,2.14,32.79,35.72,0.17,0.08,0.13,6.9,35.64,0,normal,
W003166,2026-09-12T23:30:00,guest:100_AD-Zentyal,guest,16.63,25.16,1.13,-0.14,65.46,67.98,0.07,0.03,0.58,6.67,35.74,0,normal,
W003163,2026-09-12T23:30:00,node:dl380-01,node,15.48,22.8,2.5,0.89,52.41,54.08,-0.62,0.16,0.96,6.99,41.35,0,normal,
W003164,2026-09-12T23:30:00,node:dl360-04,node,14.55,21.03,3.91,-1.01,49.47,50.91,-0.18,0.12,0.51,5.04,48.45,0,normal,
W003165,2026-09-12T23:30:00,node:srvzy,node,6.7,9.97,2.71,0.01,40.46,42.72,-0.4,0.12,1.31,6.03,42.77,0,normal,
W003169,2026-09-13T00:00:00,node:dl380-01,node,15.09,19.04,2.72,1.54,53.29,54.75,-0.83,0.39,1.2,4.02,45.15,0,normal,
W003170,2026-09-13T00:00:00,node:dl360-04,node,10.9,14.85,2.25,-0.67,49.26,51.72,0.42,0.4,1.15,4.65,47.08,0,normal,
W003171,2026-09-13T00:00:00,node:srvzy,node,7.41,13.55,3.01,0.17,40.82,42.03,0.54,0.08,1.05,4.21,43.03,0,normal,
W003172,2026-09-13T00:00:00,guest:100_AD-Zentyal,guest,14.16,20.16,4.05,-0.22,64.85,66.13,0.16,0.11,0.92,5.52,38.72,0,normal,
W003173,2026-09-13T00:00:00,guest:101_win11,guest,10.72,25.94,1.12,0.28,56.79,59.32,-0.21,0.35,0.92,11.29,36.45,0,normal,
W003174,2026-09-13T00:00:00,guest:402_NS1,guest,4.55,8.56,1.7,-1.68,34.48,35.8,-0.32,0.11,1.03,5.73,37.44,0,normal,
W003179,2026-09-13T00:30:00,guest:101_win11,guest,18.95,20.28,3.41,0.7,53.38,56.52,-0.1,0.04,0.98,3.2,37.09,0,normal,
W003180,2026-09-13T00:30:00,guest:402_NS1,guest,3.3,6.66,1.31,0.96,33.85,36.11,-0.15,0.31,0.82,3.41,39.97,0,normal,
W003178,2026-09-13T00:30:00,guest:100_AD-Zentyal,guest,13.8,20.83,3.73,-0.68,63.4,67.59,0.23,0.42,0.91,4.42,35.9,0,normal,
W003177,2026-09-13T00:30:00,node:srvzy,node,10.96,11.64,2.8,2.5,39.74,40.27,-0.33,0.06,0.61,2.0,42.8,0,normal,
W003176,2026-09-13T00:30:00,node:dl360-04,node,19.05,26.1,1.79,-0.66,45.02,46.65,0.26,0.43,1.47,4.12,47.23,0,normal,
W003175,2026-09-13T00:30:00,node:dl380-01,node,15.41,22.71,1.84,0.08,53.02,53.33,0.81,0.41,1.29,6.68,46.48,0,normal,
W003181,2026-09-13T01:00:00,node:dl380-01,node,20.37,24.68,1.0,-2.04,51.93,54.03,0.05,0.33,1.26,2.06,45.36,0,normal,
W003182,2026-09-13T01:00:00,node:dl360-04,node,13.58,20.47,1.84,0.37,51.81,52.82,-0.45,0.13,0.79,3.61,44.54,0,normal,
W003183,2026-09-13T01:00:00,node:srvzy,node,7.1,17.78,2.35,-0.12,40.69,43.33,0.55,0.35,1.15,2.2,42.21,0,normal,
W003184,2026-09-13T01:00:00,guest:100_AD-Zentyal,guest,7.32,10.69,2.69,1.85,64.38,66.34,-0.39,0.6,1.38,4.3,37.93,0,normal,
W003185,2026-09-13T01:00:00,guest:101_win11,guest,10.7,14.45,1.84,-0.79,54.04,54.8,0.39,0.43,0.9,7.84,37.57,0,normal,
W003186,2026-09-13T01:00:00,guest:402_NS1,guest,3.14,5.46,2.84,2.24,33.09,36.09,-0.08,0.48,1.22,2.05,36.02,0,normal,
W003191,2026-09-13T01:30:00,guest:101_win11,guest,6.35,11.93,3.02,-0.55,58.4,62.24,-0.77,0.22,0.34,7.15,36.08,0,normal,
W003190,2026-09-13T01:30:00,guest:100_AD-Zentyal,guest,7.91,15.72,2.78,0.39,62.9,65.69,0.26,0.14,0.83,8.21,35.57,0,normal,
W003192,2026-09-13T01:30:00,guest:402_NS1,guest,2.61,12.05,1.17,-1.9,28.97,32.24,0.42,0.24,0.53,7.67,41.23,0,normal,
W003188,2026-09-13T01:30:00,node:dl360-04,node,14.75,18.4,2.77,-1.48,49.5,51.12,-0.43,0.23,0.87,6.27,47.85,0,normal,
W003187,2026-09-13T01:30:00,node:dl380-01,node,17.74,26.98,2.35,0.04,52.01,55.57,0.6,0.16,0.36,0.25,44.01,0,normal,
W003189,2026-09-13T01:30:00,node:srvzy,node,11.17,17.65,2.31,-0.68,36.89,38.87,-0.34,0.54,1.26,7.41,40.38,0,normal,
W003197,2026-09-13T02:00:00,guest:101_win11,guest,13.56,22.27,2.4,-0.81,51.81,53.42,-0.27,0.07,1.45,7.95,34.26,0,normal,
W003196,2026-09-13T02:00:00,guest:100_AD-Zentyal,guest,11.93,17.87,2.52,-0.19,61.96,66.46,0.02,0.36,0.7,7.66,36.81,0,normal,
W003198,2026-09-13T02:00:00,guest:402_NS1,guest,4.54,8.09,2.87,-0.96,32.03,34.99,0.33,0.6,1.32,0.63,38.38,0,normal,
W003194,2026-09-13T02:00:00,node:dl360-04,node,13.63,20.01,3.02,-0.06,46.83,48.02,0.2,0.08,1.55,5.4,45.49,0,normal,
W003193,2026-09-13T02:00:00,node:dl380-01,node,16.18,18.57,3.74,-1.36,52.34,52.98,-0.12,0.04,1.35,2.07,44.17,0,normal,
W003195,2026-09-13T02:00:00,node:srvzy,node,7.93,12.15,2.32,-1.36,40.68,42.6,0.07,0.6,1.07,4.61,38.52,0,normal,
W003199,2026-09-13T02:30:00,node:dl380-01,node,20.24,28.13,1.76,-1.28,53.96,55.08,-0.12,0.88,2.53,7.38,42.01,0,normal,
W003200,2026-09-13T02:30:00,node:dl360-04,node,11.47,19.62,4.0,-0.61,47.18,49.27,-0.56,0.03,0.36,6.64,46.41,0,normal,
W003201,2026-09-13T02:30:00,node:srvzy,node,10.98,11.77,0.98,0.55,38.43,39.63,0.41,0.19,0.82,4.25,40.72,0,normal,
W003202,2026-09-13T02:30:00,guest:100_AD-Zentyal,guest,12.4,14.77,2.31,1.39,66.84,67.48,0.13,0.26,1.02,2.63,38.13,0,normal,
W003203,2026-09-13T02:30:00,guest:101_win11,guest,14.47,28.03,1.18,-2.1,59.7,61.65,-0.18,0.34,0.58,6.13,36.88,0,normal,
W003204,2026-09-13T02:30:00,guest:402_NS1,guest,7.76,16.33,3.44,0.23,35.89,38.46,-0.21,0.14,0.66,6.77,35.0,0,normal,
W003209,2026-09-13T03:00:00,guest:101_win11,guest,10.66,17.34,2.37,1.95,56.75,59.14,-0.01,0.25,0.48,1.39,37.37,0,normal,
W003208,2026-09-13T03:00:00,guest:100_AD-Zentyal,guest,12.75,20.39,3.91,0.55,64.55,66.72,-0.38,0.25,1.29,7.2,39.28,0,normal,
W003210,2026-09-13T03:00:00,guest:402_NS1,guest,4.46,11.02,3.44,0.11,32.44,34.23,0.1,0.22,1.45,5.14,37.48,0,normal,
W003206,2026-09-13T03:00:00,node:dl360-04,node,19.97,26.25,2.36,1.63,50.5,53.11,0.35,0.05,0.75,10.28,47.31,0,normal,
W003205,2026-09-13T03:00:00,node:dl380-01,node,17.82,21.32,1.25,-1.31,53.03,55.79,-0.27,0.12,2.18,8.52,44.5,0,normal,
W003207,2026-09-13T03:00:00,node:srvzy,node,2.16,6.56,4.04,0.55,40.4,42.61,-0.03,0.2,0.66,8.2,41.46,0,normal,
W003211,2026-09-13T03:30:00,node:dl380-01,node,14.41,23.61,3.94,-1.64,53.79,55.68,0.11,0.39,0.48,7.45,44.77,0,normal,
W003212,2026-09-13T03:30:00,node:dl360-04,node,18.56,21.73,2.47,-0.65,44.62,46.0,-0.43,0.37,0.51,2.23,45.32,0,normal,
W003213,2026-09-13T03:30:00,node:srvzy,node,9.97,24.3,2.8,-1.24,38.85,41.5,-0.54,0.52,1.43,4.8,38.57,0,normal,
W003214,2026-09-13T03:30:00,guest:100_AD-Zentyal,guest,13.49,17.21,2.65,-0.19,60.22,61.99,-0.48,0.17,1.14,7.28,37.07,0,normal,
W003215,2026-09-13T03:30:00,guest:101_win11,guest,9.18,13.24,1.84,-2.56,56.2,56.53,0.03,0.01,0.33,7.18,37.14,0,normal,
W003216,2026-09-13T03:30:00,guest:402_NS1,guest,2.0,6.32,2.76,-0.74,32.45,34.69,0.02,0.1,0.91,4.31,39.69,0,normal,
W003221,2026-09-13T04:00:00,guest:101_win11,guest,14.97,25.81,2.01,0.4,57.36,59.35,-0.08,0.11,0.95,7.46,37.32,0,normal,
W003220,2026-09-13T04:00:00,guest:100_AD-Zentyal,guest,13.24,22.88,2.49,2.87,61.43,62.39,-0.12,0.23,1.14,3.44,38.25,0,normal,
W003222,2026-09-13T04:00:00,guest:402_NS1,guest,2.33,3.3,2.95,0.04,35.77,36.32,-0.19,0.04,1.25,9.39,40.29,0,normal,
W003218,2026-09-13T04:00:00,node:dl360-04,node,12.66,14.88,1.5,0.83,50.83,53.56,-0.07,0.64,1.26,2.23,46.78,0,normal,
W003217,2026-09-13T04:00:00,node:dl380-01,node,17.71,24.12,2.76,-0.39,51.97,54.43,0.19,0.72,1.81,7.95,44.48,0,normal,
W003219,2026-09-13T04:00:00,node:srvzy,node,12.59,16.06,0.8,0.05,41.66,42.62,0.39,0.03,1.12,0.32,39.19,0,normal,
W003227,2026-09-13T04:30:00,guest:101_win11,guest,10.46,12.12,1.34,-1.22,53.68,56.21,-0.36,0.07,0.71,2.33,39.59,0,normal,
W003226,2026-09-13T04:30:00,guest:100_AD-Zentyal,guest,12.59,21.01,2.79,0.68,59.46,61.77,-0.17,0.29,1.18,3.52,35.79,0,normal,
W003228,2026-09-13T04:30:00,guest:402_NS1,guest,5.54,7.13,3.07,0.1,32.84,36.41,-0.39,0.51,1.14,5.61,36.28,0,normal,
W003224,2026-09-13T04:30:00,node:dl360-04,node,15.93,21.39,3.64,1.25,52.17,54.14,0.12,0.35,1.23,9.06,43.96,0,normal,
W003223,2026-09-13T04:30:00,node:dl380-01,node,19.9,28.26,2.94,0.69,53.36,55.98,0.86,0.34,1.15,6.26,43.18,0,normal,
W003225,2026-09-13T04:30:00,node:srvzy,node,9.68,21.67,3.86,1.5,41.78,43.19,-0.3,0.15,0.5,8.51,43.6,0,normal,
W003229,2026-09-13T05:00:00,node:dl380-01,node,16.94,21.63,0.6,0.42,53.79,54.29,0.26,0.59,1.13,4.11,45.55,0,normal,
W003230,2026-09-13T05:00:00,node:dl360-04,node,17.75,23.35,3.31,0.33,51.16,53.14,0.17,0.52,0.7,9.87,46.12,0,normal,
W003231,2026-09-13T05:00:00,node:srvzy,node,11.09,22.09,2.19,-0.55,40.49,41.03,0.88,0.29,1.75,5.46,41.93,0,normal,
W003232,2026-09-13T05:00:00,guest:100_AD-Zentyal,guest,15.65,18.34,2.4,1.09,63.2,64.72,0.45,0.58,2.0,4.44,37.01,0,normal,
W003233,2026-09-13T05:00:00,guest:101_win11,guest,12.69,20.85,1.3,-1.37,55.3,56.36,0.35,0.46,1.07,5.88,34.07,0,normal,
W003234,2026-09-13T05:00:00,guest:402_NS1,guest,4.74,14.47,1.99,-1.31,36.06,36.95,0.62,0.88,1.63,10.2,35.38,0,normal,
W003239,2026-09-13T05:30:00,guest:101_win11,guest,14.64,22.1,2.07,2.04,55.8,57.86,0.77,0.07,0.96,4.48,37.88,0,normal,
W003238,2026-09-13T05:30:00,guest:100_AD-Zentyal,guest,11.88,22.07,3.31,-0.4,62.86,65.81,0.54,0.36,1.43,10.37,37.62,0,normal,
W003240,2026-09-13T05:30:00,guest:402_NS1,guest,2.12,7.01,2.52,0.29,35.2,35.52,-0.05,0.27,1.04,6.56,36.63,0,normal,
W003236,2026-09-13T05:30:00,node:dl360-04,node,13.82,19.8,0.73,0.6,49.02,50.79,0.06,0.49,0.71,6.66,44.92,0,normal,
W003237,2026-09-13T05:30:00,node:srvzy,node,9.65,14.87,2.48,1.02,42.06,45.15,-0.16,0.44,1.44,5.35,42.05,0,normal,
W003235,2026-09-13T05:30:00,node:dl380-01,node,13.35,16.96,3.32,0.0,53.25,53.96,-0.05,0.17,0.6,3.44,44.17,0,normal,
W003241,2026-09-13T06:00:00,node:dl380-01,node,15.59,22.24,1.51,0.48,52.31,55.01,-0.02,0.3,1.0,6.28,44.15,0,normal,
W003242,2026-09-13T06:00:00,node:dl360-04,node,22.14,23.53,1.85,1.27,50.48,53.82,-0.02,0.04,0.39,6.6,48.64,0,normal,
W003243,2026-09-13T06:00:00,node:srvzy,node,10.11,15.11,2.9,0.03,40.21,41.21,0.38,0.51,0.89,6.29,43.5,0,normal,
W003244,2026-09-13T06:00:00,guest:100_AD-Zentyal,guest,10.02,17.11,2.17,-1.46,67.2,68.86,0.21,0.08,1.5,13.34,36.25,0,normal,
W003245,2026-09-13T06:00:00,guest:101_win11,guest,15.42,25.41,2.03,0.49,53.98,55.19,0.12,0.18,0.84,2.95,39.48,0,normal,
W003246,2026-09-13T06:00:00,guest:402_NS1,guest,3.31,13.93,1.82,0.96,35.26,36.28,-0.23,0.21,0.85,3.61,39.3,0,normal,
W003247,2026-09-13T06:30:00,node:dl380-01,node,18.59,24.25,3.51,0.69,52.88,55.92,0.27,0.16,0.75,10.5,45.67,0,normal,
W003248,2026-09-13T06:30:00,node:dl360-04,node,12.74,15.72,3.2,-1.41,50.45,54.38,0.15,0.12,0.99,10.6,47.65,0,normal,
W003249,2026-09-13T06:30:00,node:srvzy,node,12.69,16.3,1.78,1.09,39.72,40.3,-0.12,0.36,1.59,12.44,42.63,0,normal,
W003250,2026-09-13T06:30:00,guest:100_AD-Zentyal,guest,16.31,22.67,2.85,-0.22,64.7,65.97,0.79,0.18,1.21,8.46,39.06,0,normal,
W003251,2026-09-13T06:30:00,guest:101_win11,guest,11.86,12.83,3.11,1.61,57.4,60.2,-0.18,0.37,1.66,6.56,40.28,0,normal,
W003252,2026-09-13T06:30:00,guest:402_NS1,guest,2.28,6.44,3.05,2.28,34.03,34.99,0.75,0.27,1.34,6.5,38.71,0,normal,
W003258,2026-09-13T07:00:00,guest:402_NS1,guest,14.19,18.23,2.86,-1.32,34.28,36.33,-0.37,0.41,1.15,9.17,41.06,0,normal,
W003256,2026-09-13T07:00:00,guest:100_AD-Zentyal,guest,15.56,21.1,4.03,2.63,66.74,69.01,-0.65,0.43,1.49,11.02,37.51,0,normal,
W003257,2026-09-13T07:00:00,guest:101_win11,guest,20.9,31.59,1.52,0.82,56.02,57.92,-0.38,0.23,0.89,9.94,40.56,0,normal,
W003255,2026-09-13T07:00:00,node:srvzy,node,14.09,21.13,3.85,-1.89,44.77,46.04,0.1,0.2,0.54,10.09,43.58,0,normal,
W003253,2026-09-13T07:00:00,node:dl380-01,node,20.96,33.73,3.69,2.12,53.06,53.24,-0.12,0.8,1.47,11.86,43.69,0,normal,
W003254,2026-09-13T07:00:00,node:dl360-04,node,17.03,22.79,4.61,1.32,45.79,48.45,-0.46,0.16,1.17,12.9,50.25,0,normal,
W003259,2026-09-13T07:30:00,node:dl380-01,node,21.43,29.98,3.94,1.66,54.14,55.17,-0.28,0.02,1.09,10.95,45.4,0,normal,
W003260,2026-09-13T07:30:00,node:dl360-04,node,15.11,20.02,3.88,0.73,50.89,56.2,0.13,0.13,0.49,9.62,48.25,0,normal,
W003261,2026-09-13T07:30:00,node:srvzy,node,12.33,17.86,1.72,0.45,43.99,47.72,0.68,0.11,0.9,7.76,44.11,0,normal,
W003262,2026-09-13T07:30:00,guest:100_AD-Zentyal,guest,15.64,20.96,3.95,0.12,64.71,67.12,0.27,0.44,1.86,4.85,39.71,0,normal,
W003263,2026-09-13T07:30:00,guest:101_win11,guest,17.57,22.67,3.26,1.56,56.42,60.1,-0.57,0.42,0.86,6.78,39.31,0,normal,
W003264,2026-09-13T07:30:00,guest:402_NS1,guest,8.53,11.12,3.11,0.94,34.19,35.95,-0.15,0.04,0.12,11.12,40.82,0,normal,
W003265,2026-09-13T08:00:00,node:dl380-01,node,27.09,34.23,3.28,0.86,53.59,55.81,-0.12,0.24,1.5,14.72,42.48,0,normal,
W003266,2026-09-13T08:00:00,node:dl360-04,node,21.11,26.18,3.66,-1.74,44.62,47.44,0.39,0.06,0.81,14.59,47.38,0,normal,
W003267,2026-09-13T08:00:00,node:srvzy,node,15.35,22.88,1.07,-0.68,38.96,40.79,-0.32,0.34,1.4,14.17,47.5,0,normal,
W003268,2026-09-13T08:00:00,guest:100_AD-Zentyal,guest,18.73,23.78,2.13,-1.16,65.81,67.31,0.21,0.11,0.73,11.3,39.81,0,normal,
W003269,2026-09-13T08:00:00,guest:101_win11,guest,13.28,19.23,1.7,1.42,59.75,60.03,0.32,0.38,0.58,12.63,38.08,0,normal,
W003270,2026-09-13T08:00:00,guest:402_NS1,guest,16.01,20.07,0.98,2.54,32.22,33.41,-0.24,0.21,1.29,10.17,41.51,0,normal,
W003275,2026-09-13T08:30:00,guest:101_win11,guest,16.42,25.87,1.02,-1.01,55.07,57.49,-0.17,0.44,0.85,11.59,40.87,0,normal,
W003276,2026-09-13T08:30:00,guest:402_NS1,guest,12.74,18.83,2.64,-1.09,33.06,35.61,-0.15,0.39,1.81,8.63,39.1,0,normal,
W003274,2026-09-13T08:30:00,guest:100_AD-Zentyal,guest,16.34,22.6,2.48,-0.18,65.38,67.46,0.75,0.34,1.24,7.87,40.57,0,normal,
W003272,2026-09-13T08:30:00,node:dl360-04,node,23.11,27.44,1.28,0.03,51.06,53.07,-0.07,0.31,0.99,14.65,49.41,0,normal,
W003271,2026-09-13T08:30:00,node:dl380-01,node,26.3,27.28,3.05,0.28,53.88,57.95,0.24,0.49,1.68,8.74,46.95,0,normal,
W003273,2026-09-13T08:30:00,node:srvzy,node,13.3,13.87,2.3,-0.69,40.89,43.84,0.03,0.04,1.08,5.25,45.04,0,normal,
W003277,2026-09-13T09:00:00,node:dl380-01,node,25.94,32.05,3.11,-0.03,59.26,61.68,0.31,0.29,1.5,10.68,45.81,0,normal,
W003278,2026-09-13T09:00:00,node:dl360-04,node,27.24,33.07,2.75,1.18,50.77,52.62,-0.21,0.51,1.18,11.14,50.21,0,normal,
W003279,2026-09-13T09:00:00,node:srvzy,node,18.06,27.1,2.43,1.65,42.07,44.44,-0.07,0.72,1.38,10.51,44.95,0,normal,
W003280,2026-09-13T09:00:00,guest:100_AD-Zentyal,guest,19.14,26.08,3.73,0.18,65.85,67.62,-0.2,0.32,1.12,14.81,39.34,0,normal,
W003281,2026-09-13T09:00:00,guest:101_win11,guest,27.16,32.72,2.65,-1.28,59.53,60.57,0.15,0.36,1.02,5.1,44.02,0,normal,
W003282,2026-09-13T09:00:00,guest:402_NS1,guest,10.38,17.2,1.77,1.26,34.83,36.08,0.24,0.05,0.68,13.36,43.04,0,normal,
W003287,2026-09-13T09:30:00,guest:101_win11,guest,26.38,26.63,4.29,1.77,57.5,60.53,0.05,0.63,1.81,17.87,38.43,0,normal,
W003286,2026-09-13T09:30:00,guest:100_AD-Zentyal,guest,20.2,28.74,0.5,-0.12,65.11,67.49,-0.32,0.52,1.02,9.92,39.78,0,normal,
W003288,2026-09-13T09:30:00,guest:402_NS1,guest,14.74,15.57,1.98,2.7,36.36,39.34,0.21,0.39,0.98,9.17,39.95,0,normal,
W003284,2026-09-13T09:30:00,node:dl360-04,node,15.06,17.69,1.86,-1.14,52.71,53.05,0.62,0.24,0.5,4.99,49.45,0,normal,
W003283,2026-09-13T09:30:00,node:dl380-01,node,23.7,27.87,2.85,-2.4,57.96,58.96,-0.17,0.35,1.17,8.4,49.36,0,normal,
W003285,2026-09-13T09:30:00,node:srvzy,node,14.61,21.32,2.05,1.15,42.26,43.84,0.39,0.35,1.46,14.74,44.34,0,normal,
W003293,2026-09-13T10:00:00,guest:101_win11,guest,27.39,31.3,2.43,0.58,62.22,63.96,0.36,0.36,1.24,16.49,40.25,0,normal,
W003292,2026-09-13T10:00:00,guest:100_AD-Zentyal,guest,20.62,22.39,2.23,0.55,63.48,66.06,0.47,0.6,1.53,7.09,42.47,0,normal,
W003294,2026-09-13T10:00:00,guest:402_NS1,guest,16.81,22.89,0.99,1.48,37.49,39.53,-0.1,0.3,1.38,12.66,40.5,0,normal,
W003290,2026-09-13T10:00:00,node:dl360-04,node,30.71,40.61,4.91,-0.35,53.84,54.92,0.96,0.39,1.41,15.47,48.47,0,normal,
W003289,2026-09-13T10:00:00,node:dl380-01,node,19.44,25.2,2.74,-0.74,55.76,58.29,0.35,0.06,0.54,14.76,48.38,0,normal,
W003291,2026-09-13T10:00:00,node:srvzy,node,15.24,21.59,2.85,2.5,41.29,44.83,-0.11,0.24,0.98,11.58,46.23,0,normal,
W003295,2026-09-13T10:30:00,node:dl380-01,node,27.19,33.15,1.57,0.4,54.57,55.62,1.28,0.69,1.55,15.05,49.03,0,normal,
W003296,2026-09-13T10:30:00,node:dl360-04,node,25.74,32.58,2.24,1.51,53.28,56.85,0.11,0.73,1.5,18.64,49.81,0,normal,
W003297,2026-09-13T10:30:00,node:srvzy,node,14.46,26.54,3.16,0.62,42.35,43.51,-0.3,0.33,1.07,6.68,48.04,0,normal,
W003298,2026-09-13T10:30:00,guest:100_AD-Zentyal,guest,20.53,30.25,1.79,0.19,67.75,70.58,-0.11,0.4,1.47,12.06,39.83,0,normal,
W003299,2026-09-13T10:30:00,guest:101_win11,guest,21.81,26.68,2.53,1.91,60.63,61.82,0.73,0.28,1.35,9.68,40.82,0,normal,
W003300,2026-09-13T10:30:00,guest:402_NS1,guest,19.63,23.0,2.56,0.57,34.16,34.38,0.36,0.87,1.86,14.45,40.17,0,normal,
W003305,2026-09-13T11:00:00,guest:101_win11,guest,28.73,30.68,1.75,-1.66,60.4,62.82,0.55,0.37,0.92,13.94,39.31,0,normal,
W003306,2026-09-13T11:00:00,guest:402_NS1,guest,16.23,17.27,2.83,-0.34,36.18,37.24,-0.27,0.44,0.66,15.05,40.9,0,normal,
W003304,2026-09-13T11:00:00,guest:100_AD-Zentyal,guest,23.12,32.55,0.88,0.03,67.39,69.12,0.14,0.37,1.59,15.4,42.71,0,normal,
W003303,2026-09-13T11:00:00,node:srvzy,node,14.25,17.56,3.24,3.15,44.08,45.38,0.05,0.12,1.42,13.68,47.7,0,normal,
W003302,2026-09-13T11:00:00,node:dl360-04,node,32.8,39.31,2.17,1.24,52.92,53.62,0.29,0.33,1.41,13.57,51.82,0,normal,
W003301,2026-09-13T11:00:00,node:dl380-01,node,35.8,40.67,3.66,0.73,57.55,60.14,0.22,0.36,1.54,11.36,47.76,0,normal,
W003307,2026-09-13T11:30:00,node:dl380-01,node,24.77,34.45,3.83,-0.65,55.43,57.17,-0.32,0.17,1.15,19.76,47.59,0,normal,
W003308,2026-09-13T11:30:00,node:dl360-04,node,31.24,38.3,0.83,-0.03,51.14,54.61,0.6,0.38,1.66,13.1,52.8,0,normal,
W003309,2026-09-13T11:30:00,node:srvzy,node,21.01,30.3,3.7,0.86,42.08,43.66,0.3,0.48,1.34,12.6,46.41,0,normal,
W003310,2026-09-13T11:30:00,guest:100_AD-Zentyal,guest,22.68,27.86,4.46,-0.57,67.33,69.48,-0.49,0.05,0.82,7.68,44.87,0,normal,
W003311,2026-09-13T11:30:00,guest:101_win11,guest,24.39,29.06,3.72,-0.17,60.59,62.01,0.02,0.49,0.95,15.12,38.5,0,normal,
W003312,2026-09-13T11:30:00,guest:402_NS1,guest,22.09,26.42,2.41,-0.12,34.66,35.61,0.21,0.41,0.86,15.16,42.96,0,normal,
W003318,2026-09-13T12:00:00,guest:402_NS1,guest,20.2,27.81,2.28,0.12,40.19,42.12,-0.53,0.44,1.59,14.79,39.78,0,normal,
W003317,2026-09-13T12:00:00,guest:101_win11,guest,24.34,27.37,1.84,-2.05,59.21,61.16,0.18,0.33,1.85,16.77,43.7,0,normal,
W003316,2026-09-13T12:00:00,guest:100_AD-Zentyal,guest,21.96,30.49,2.9,1.28,66.93,70.11,-0.52,0.1,0.67,14.11,42.67,0,normal,
W003313,2026-09-13T12:00:00,node:dl380-01,node,30.6,32.72,2.46,0.44,56.63,58.03,0.19,0.55,1.04,13.44,52.71,0,normal,
W003314,2026-09-13T12:00:00,node:dl360-04,node,29.95,32.15,2.02,-0.91,52.42,54.72,-0.25,0.67,1.51,12.96,49.77,0,normal,
W003315,2026-09-13T12:00:00,node:srvzy,node,18.8,21.06,2.31,-1.06,45.14,46.56,0.34,0.4,1.46,17.02,49.59,0,normal,
W003323,2026-09-13T12:30:00,guest:101_win11,guest,27.59,29.36,2.48,-0.96,64.57,65.65,0.77,0.07,0.98,15.83,42.81,0,normal,
W003324,2026-09-13T12:30:00,guest:402_NS1,guest,19.21,27.79,2.92,-0.21,35.52,37.35,-0.07,0.26,1.09,10.1,41.06,0,normal,
W003322,2026-09-13T12:30:00,guest:100_AD-Zentyal,guest,30.15,32.59,4.02,1.57,67.14,67.69,-0.47,0.17,1.67,12.62,41.44,0,normal,
W003319,2026-09-13T12:30:00,node:dl380-01,node,36.43,43.12,2.19,1.43,53.09,55.2,-0.22,0.6,1.5,11.74,50.31,0,normal,
W003320,2026-09-13T12:30:00,node:dl360-04,node,20.32,27.85,1.24,-0.55,51.3,54.21,0.88,0.06,1.03,20.94,50.74,0,normal,
W003321,2026-09-13T12:30:00,node:srvzy,node,19.71,26.41,3.33,0.79,43.09,44.28,0.53,0.15,0.18,9.97,45.73,0,normal,
W003325,2026-09-13T13:00:00,node:dl380-01,node,35.64,36.39,3.7,-0.67,59.94,63.16,-0.13,0.26,1.69,18.65,50.36,0,normal,
W003326,2026-09-13T13:00:00,node:dl360-04,node,33.73,36.47,2.71,-0.92,49.93,52.09,-0.17,0.27,0.87,11.07,54.44,0,normal,
W003327,2026-09-13T13:00:00,node:srvzy,node,23.27,24.95,2.68,1.83,45.66,47.14,-0.2,0.11,0.61,12.85,44.7,0,normal,
W003328,2026-09-13T13:00:00,guest:100_AD-Zentyal,guest,24.17,31.21,2.09,0.26,69.85,73.69,-0.03,0.48,1.21,13.37,41.22,0,normal,
W003329,2026-09-13T13:00:00,guest:101_win11,guest,28.03,37.28,1.23,-0.34,59.33,61.58,0.11,0.41,1.97,12.22,41.51,0,normal,
W003330,2026-09-13T13:00:00,guest:402_NS1,guest,20.59,30.95,1.04,0.4,36.57,39.42,0.25,0.31,1.3,12.85,44.1,0,normal,
W003335,2026-09-13T13:30:00,guest:101_win11,guest,29.56,32.85,1.02,-0.86,58.31,59.1,-0.56,0.25,1.35,12.7,43.57,0,normal,
W003336,2026-09-13T13:30:00,guest:402_NS1,guest,18.58,26.42,1.71,0.34,37.15,40.51,0.22,0.35,0.56,13.25,41.7,0,normal,
W003334,2026-09-13T13:30:00,guest:100_AD-Zentyal,guest,20.82,26.36,2.93,1.34,66.15,68.26,-0.67,0.13,1.01,10.75,44.75,0,normal,
W003333,2026-09-13T13:30:00,node:srvzy,node,25.65,38.24,1.99,-0.65,44.17,45.82,-0.23,0.31,1.39,8.49,46.04,0,normal,
W003332,2026-09-13T13:30:00,node:dl360-04,node,30.11,35.9,0.53,0.4,49.95,52.03,-0.16,0.0,0.39,11.93,53.37,0,normal,
W003331,2026-09-13T13:30:00,node:dl380-01,node,37.58,43.88,2.09,-0.17,58.35,60.31,-0.48,0.49,0.9,16.1,46.1,0,normal,
W003337,2026-09-13T14:00:00,node:dl380-01,node,30.12,36.17,2.74,0.34,59.27,61.75,-0.49,0.34,1.37,18.79,48.77,0,normal,
W003338,2026-09-13T14:00:00,node:dl360-04,node,29.49,38.73,2.68,-1.92,48.74,52.58,-0.69,0.27,1.42,9.71,50.38,0,normal,
W003339,2026-09-13T14:00:00,node:srvzy,node,18.64,30.04,4.52,-0.88,45.04,47.35,-0.11,0.03,1.75,9.55,47.32,0,normal,
W003340,2026-09-13T14:00:00,guest:100_AD-Zentyal,guest,23.73,32.76,3.35,-1.17,65.58,66.03,0.08,0.44,1.07,14.27,45.86,0,normal,
W003341,2026-09-13T14:00:00,guest:101_win11,guest,31.28,41.32,0.5,0.66,60.45,61.2,-0.42,0.26,0.52,12.6,42.31,0,normal,
W003342,2026-09-13T14:00:00,guest:402_NS1,guest,22.01,25.89,2.05,1.23,33.82,36.05,0.16,0.38,0.98,11.81,45.28,0,normal,
W003348,2026-09-13T14:30:00,guest:402_NS1,guest,13.46,17.62,2.13,-1.6,38.79,42.23,-0.0,0.36,1.16,15.3,44.68,0,normal,
W003347,2026-09-13T14:30:00,guest:101_win11,guest,24.06,28.77,3.9,1.94,62.79,63.0,0.67,0.32,1.15,18.09,44.06,0,normal,
W003346,2026-09-13T14:30:00,guest:100_AD-Zentyal,guest,30.48,36.34,1.57,-0.24,69.18,71.64,-0.48,0.06,0.37,12.81,43.12,0,normal,
W003343,2026-09-13T14:30:00,node:dl380-01,node,30.0,32.65,2.52,-0.89,58.89,60.63,0.47,0.39,1.03,18.34,48.02,0,normal,
W003344,2026-09-13T14:30:00,node:dl360-04,node,28.88,36.47,2.73,-0.81,49.23,51.22,-0.29,0.31,0.94,12.85,51.6,0,normal,
W003345,2026-09-13T14:30:00,node:srvzy,node,22.74,30.83,2.92,2.51,44.25,45.58,-0.07,0.41,1.62,19.02,45.47,0,normal,
W003353,2026-09-13T15:00:00,guest:101_win11,guest,26.5,31.99,4.28,0.49,58.34,59.85,-0.48,0.21,1.65,14.33,40.89,0,normal,
W003354,2026-09-13T15:00:00,guest:402_NS1,guest,21.24,26.06,3.06,-0.29,39.53,40.62,-0.47,0.49,0.49,14.31,44.1,0,normal,
W003352,2026-09-13T15:00:00,guest:100_AD-Zentyal,guest,19.56,30.02,0.88,-0.1,67.35,67.66,0.18,0.17,0.87,18.86,43.11,0,normal,
W003349,2026-09-13T15:00:00,node:dl380-01,node,26.55,34.01,2.51,-0.86,56.03,59.86,-0.53,0.27,1.72,11.02,48.21,0,normal,
W003350,2026-09-13T15:00:00,node:dl360-04,node,29.88,37.11,2.42,-1.07,52.74,54.64,0.25,0.48,0.69,17.93,51.52,0,normal,
W003351,2026-09-13T15:00:00,node:srvzy,node,25.62,33.1,4.35,0.01,43.21,44.69,-0.41,0.46,0.82,17.23,46.56,0,normal,
W003355,2026-09-13T15:30:00,node:dl380-01,node,25.05,31.24,1.0,-2.21,55.01,56.83,-0.28,0.52,1.35,13.36,46.93,0,normal,
W003356,2026-09-13T15:30:00,node:dl360-04,node,30.51,42.69,1.8,-0.7,50.02,53.21,0.37,0.21,0.77,12.0,51.46,0,normal,
W003357,2026-09-13T15:30:00,node:srvzy,node,26.3,32.42,3.79,-0.86,39.77,44.37,0.09,0.46,0.94,10.74,47.13,0,normal,
W003358,2026-09-13T15:30:00,guest:100_AD-Zentyal,guest,18.76,23.96,3.52,0.54,67.39,71.13,0.15,0.08,0.82,20.61,42.43,0,normal,
W003359,2026-09-13T15:30:00,guest:101_win11,guest,34.25,43.32,2.09,-1.3,60.54,63.81,-0.63,0.32,0.34,13.81,40.42,0,normal,
W003360,2026-09-13T15:30:00,guest:402_NS1,guest,21.7,25.63,3.66,-0.65,35.8,36.18,0.16,0.4,1.57,16.8,43.5,0,normal,
W003365,2026-09-13T16:00:00,guest:101_win11,guest,36.39,45.96,2.39,-0.15,58.81,60.27,0.38,0.5,0.83,15.43,44.26,0,normal,
W003366,2026-09-13T16:00:00,guest:402_NS1,guest,17.7,23.07,3.2,0.87,37.5,39.76,0.16,0.24,0.6,9.66,43.49,0,normal,
W003364,2026-09-13T16:00:00,guest:100_AD-Zentyal,guest,24.06,24.37,2.68,1.57,65.62,67.06,-0.4,0.31,1.1,11.27,43.97,0,normal,
W003363,2026-09-13T16:00:00,node:srvzy,node,22.33,28.97,2.57,-1.07,40.94,43.94,0.42,0.37,1.3,11.58,42.94,0,normal,
W003362,2026-09-13T16:00:00,node:dl360-04,node,30.15,36.85,1.2,1.58,49.61,51.24,0.38,0.23,1.06,14.69,51.7,0,normal,
W003361,2026-09-13T16:00:00,node:dl380-01,node,34.01,42.1,3.41,-1.83,55.9,56.28,0.13,0.63,1.78,12.51,49.36,0,normal,
W003367,2026-09-13T16:30:00,node:dl380-01,node,32.31,39.67,1.67,0.12,56.87,60.15,0.34,0.15,1.15,12.09,44.68,0,normal,
W003368,2026-09-13T16:30:00,node:dl360-04,node,34.97,39.84,3.54,-0.79,50.28,51.73,0.1,0.34,1.33,12.84,51.66,0,normal,
W003369,2026-09-13T16:30:00,node:srvzy,node,18.98,29.38,1.19,-0.99,42.97,47.36,0.31,0.13,1.26,15.88,47.01,0,normal,
W003370,2026-09-13T16:30:00,guest:100_AD-Zentyal,guest,27.36,33.54,2.67,-1.86,69.33,70.88,-0.49,0.2,0.81,11.93,43.76,0,normal,
W003371,2026-09-13T16:30:00,guest:101_win11,guest,30.34,30.46,1.99,-0.53,59.42,63.13,-0.33,0.61,1.35,19.05,42.13,0,normal,
W003372,2026-09-13T16:30:00,guest:402_NS1,guest,17.43,23.36,3.79,0.19,37.11,39.75,-0.35,0.37,0.92,18.74,43.23,0,normal,
W003377,2026-09-13T17:00:00,guest:101_win11,guest,30.85,34.15,2.26,1.87,59.16,61.67,-0.57,0.58,1.33,10.48,40.59,0,normal,
W003376,2026-09-13T17:00:00,guest:100_AD-Zentyal,guest,23.53,32.82,2.16,-0.03,66.61,68.54,0.46,0.17,0.63,10.35,38.91,0,normal,
W003378,2026-09-13T17:00:00,guest:402_NS1,guest,23.57,27.81,1.5,-0.52,36.5,38.65,0.18,0.35,1.41,12.72,45.23,0,normal,
W003374,2026-09-13T17:00:00,node:dl360-04,node,27.08,27.11,3.42,0.75,55.06,57.56,-0.35,0.4,1.72,12.14,52.4,0,normal,
W003373,2026-09-13T17:00:00,node:dl380-01,node,33.08,33.2,3.21,-0.21,53.83,55.92,-0.61,0.42,1.8,8.16,48.08,0,normal,
W003375,2026-09-13T17:00:00,node:srvzy,node,12.41,22.84,3.3,-3.05,44.1,44.12,-0.24,0.44,1.18,17.31,46.22,0,normal,
W003383,2026-09-13T17:30:00,guest:101_win11,guest,28.02,29.13,3.5,-0.36,61.19,63.27,-0.54,0.31,0.75,9.87,43.42,0,normal,
W003382,2026-09-13T17:30:00,guest:100_AD-Zentyal,guest,26.3,36.03,3.89,0.64,66.41,69.9,-0.14,0.31,1.01,7.14,44.03,0,normal,
W003384,2026-09-13T17:30:00,guest:402_NS1,guest,19.03,29.52,2.11,-1.16,37.56,38.73,-0.12,0.41,1.15,12.07,40.02,0,normal,
W003380,2026-09-13T17:30:00,node:dl360-04,node,25.61,27.77,2.81,0.78,52.3,54.33,-0.42,0.36,1.26,9.6,50.67,0,normal,
W003379,2026-09-13T17:30:00,node:dl380-01,node,28.95,39.0,1.9,-1.71,53.41,55.72,0.46,0.07,0.52,14.69,48.12,0,normal,
W003381,2026-09-13T17:30:00,node:srvzy,node,21.94,27.7,0.54,-0.77,42.14,44.7,1.04,0.33,0.65,13.05,46.14,0,normal,
W003385,2026-09-13T18:00:00,node:dl380-01,node,32.28,37.17,3.12,0.58,57.96,59.73,-0.14,0.08,0.66,13.52,46.27,0,normal,
W003386,2026-09-13T18:00:00,node:dl360-04,node,27.11,37.51,2.05,-1.58,50.26,50.83,0.53,0.32,0.83,10.82,48.73,0,normal,
W003387,2026-09-13T18:00:00,node:srvzy,node,22.54,34.05,1.01,1.25,42.56,45.82,-0.73,0.35,0.98,14.48,45.59,0,normal,
W003388,2026-09-13T18:00:00,guest:100_AD-Zentyal,guest,22.08,27.76,4.06,-0.21,67.56,70.18,0.36,0.1,1.18,13.51,39.72,0,normal,
W003389,2026-09-13T18:00:00,guest:101_win11,guest,23.26,36.14,2.11,-0.44,59.81,61.27,0.06,0.21,1.17,12.31,44.43,0,normal,
W003390,2026-09-13T18:00:00,guest:402_NS1,guest,16.16,21.49,3.53,-1.67,39.05,40.06,0.48,0.59,1.18,11.21,41.34,0,normal,
W003395,2026-09-13T18:30:00,guest:101_win11,guest,19.56,23.03,2.17,0.92,58.67,61.31,-0.03,0.35,0.77,10.44,39.62,0,normal,
W003394,2026-09-13T18:30:00,guest:100_AD-Zentyal,guest,17.93,24.29,3.77,1.19,63.92,65.12,-0.38,0.22,0.95,14.91,41.12,0,normal,
W003396,2026-09-13T18:30:00,guest:402_NS1,guest,18.11,23.23,1.1,0.58,37.75,38.94,0.19,0.26,0.31,18.36,41.19,0,normal,
W003392,2026-09-13T18:30:00,node:dl360-04,node,30.57,36.27,3.6,-2.03,51.58,54.18,-0.06,0.19,0.93,14.73,48.68,0,normal,
W003391,2026-09-13T18:30:00,node:dl380-01,node,31.18,34.18,2.39,-0.38,53.93,54.88,0.05,0.32,0.82,12.74,46.53,0,normal,
W003393,2026-09-13T18:30:00,node:srvzy,node,21.45,28.41,2.24,-0.26,43.11,46.77,0.14,0.11,0.74,9.07,42.67,0,normal,
W003397,2026-09-13T19:00:00,node:dl380-01,node,27.78,31.9,2.2,0.19,53.64,57.34,0.34,0.4,1.15,9.01,48.32,0,normal,
W003398,2026-09-13T19:00:00,node:dl360-04,node,26.21,31.01,1.42,-1.89,50.57,52.32,0.47,0.5,1.31,11.05,48.05,0,normal,
W003399,2026-09-13T19:00:00,node:srvzy,node,20.78,26.61,3.11,1.41,41.5,42.67,0.99,0.42,1.11,15.01,44.31,0,normal,
W003400,2026-09-13T19:00:00,guest:100_AD-Zentyal,guest,21.21,25.51,2.48,-0.33,64.16,66.41,-0.26,0.42,1.09,6.13,41.71,0,normal,
W003401,2026-09-13T19:00:00,guest:101_win11,guest,24.3,37.06,2.52,0.22,59.38,62.4,0.38,0.36,1.15,13.82,40.66,0,normal,
W003402,2026-09-13T19:00:00,guest:402_NS1,guest,9.56,11.05,2.21,0.14,39.97,41.85,0.02,0.22,1.27,12.14,39.82,0,normal,
W003407,2026-09-13T19:30:00,guest:101_win11,guest,23.7,27.47,2.88,0.38,56.04,58.27,-0.42,0.07,0.98,10.07,41.34,0,normal,
W003406,2026-09-13T19:30:00,guest:100_AD-Zentyal,guest,14.06,20.64,0.89,-0.1,64.08,64.36,0.59,0.05,0.71,10.91,40.07,0,normal,
W003408,2026-09-13T19:30:00,guest:402_NS1,guest,15.41,17.12,3.24,0.34,34.46,36.33,0.31,0.24,1.88,15.77,40.95,0,normal,
W003404,2026-09-13T19:30:00,node:dl360-04,node,23.6,29.41,2.1,-1.26,50.58,52.23,-0.1,0.32,1.09,11.51,49.18,0,normal,
W003403,2026-09-13T19:30:00,node:dl380-01,node,23.53,28.32,1.66,-0.28,55.77,57.27,0.58,0.53,1.24,8.4,46.73,0,normal,
W003405,2026-09-13T19:30:00,node:srvzy,node,18.33,22.18,1.41,-1.07,41.3,42.01,-0.68,0.4,1.71,12.97,44.05,0,normal,
W003413,2026-09-13T20:00:00,guest:101_win11,guest,20.18,28.64,1.19,-2.73,55.71,56.91,-0.26,0.39,1.09,9.91,38.22,0,normal,
W003412,2026-09-13T20:00:00,guest:100_AD-Zentyal,guest,18.02,24.15,0.5,1.09,65.81,68.09,-0.5,0.7,2.1,10.88,41.49,0,normal,
W003414,2026-09-13T20:00:00,guest:402_NS1,guest,7.55,13.67,1.96,0.01,35.98,39.62,-0.01,0.66,1.63,12.07,41.58,0,normal,
W003410,2026-09-13T20:00:00,node:dl360-04,node,26.55,32.37,2.52,2.56,50.55,51.55,0.35,0.38,0.92,6.69,49.36,0,normal,
W003409,2026-09-13T20:00:00,node:dl380-01,node,24.2,29.65,1.9,0.15,56.24,56.89,0.26,0.49,1.52,9.61,46.8,0,normal,
W003411,2026-09-13T20:00:00,node:srvzy,node,14.79,17.06,2.41,-0.18,41.89,44.38,-0.7,0.08,0.68,13.98,47.55,0,normal,
W003415,2026-09-13T20:30:00,node:dl380-01,node,27.52,31.11,3.58,-0.45,55.54,57.68,0.46,0.38,0.62,16.27,47.25,0,normal,
W003416,2026-09-13T20:30:00,node:dl360-04,node,20.07,22.66,3.45,-1.22,51.44,54.51,-0.26,0.15,0.76,7.03,49.34,0,normal,
W003417,2026-09-13T20:30:00,node:srvzy,node,16.3,24.49,1.67,1.01,40.22,43.06,-0.59,0.61,1.2,11.8,45.02,0,normal,
W003418,2026-09-13T20:30:00,guest:100_AD-Zentyal,guest,13.56,22.06,1.95,-0.37,63.79,67.41,-0.47,0.39,0.94,13.27,43.48,0,normal,
W003419,2026-09-13T20:30:00,guest:101_win11,guest,17.79,24.21,2.11,1.25,57.55,60.46,-0.16,0.75,0.83,11.13,39.98,0,normal,
W003420,2026-09-13T20:30:00,guest:402_NS1,guest,11.84,18.69,2.56,0.26,35.73,39.48,-1.11,0.67,2.49,4.75,40.07,0,normal,
W003425,2026-09-13T21:00:00,guest:101_win11,guest,19.18,23.44,1.56,-1.07,56.3,57.84,-0.44,0.21,1.51,7.82,37.37,0,normal,
W003426,2026-09-13T21:00:00,guest:402_NS1,guest,2.02,13.53,3.64,0.34,36.58,39.1,-0.03,0.05,1.62,7.39,38.65,0,normal,
W003424,2026-09-13T21:00:00,guest:100_AD-Zentyal,guest,16.21,22.75,0.57,-0.7,61.93,63.91,0.05,0.33,0.86,6.15,38.93,0,normal,
W003423,2026-09-13T21:00:00,node:srvzy,node,11.63,16.0,2.2,0.63,44.89,46.29,-0.4,0.3,0.76,3.8,44.82,0,normal,
W003422,2026-09-13T21:00:00,node:dl360-04,node,24.6,35.43,1.77,-0.49,54.65,56.1,0.27,0.21,1.2,6.11,46.97,0,normal,
W003421,2026-09-13T21:00:00,node:dl380-01,node,27.73,36.48,4.18,0.45,50.82,54.13,0.25,0.59,0.78,5.06,45.25,0,normal,
W003427,2026-09-13T21:30:00,node:dl380-01,node,23.06,29.22,3.07,0.55,53.44,55.47,0.22,0.17,1.55,8.65,47.62,0,normal,
W003428,2026-09-13T21:30:00,node:dl360-04,node,15.06,23.02,1.61,-0.76,51.11,52.88,1.04,0.4,0.93,10.27,47.87,0,normal,
W003429,2026-09-13T21:30:00,node:srvzy,node,15.84,20.95,2.91,0.24,41.62,44.67,-0.72,0.32,0.84,4.66,41.97,0,normal,
W003430,2026-09-13T21:30:00,guest:100_AD-Zentyal,guest,13.76,19.05,2.84,0.65,63.75,67.33,-0.15,0.09,0.75,8.85,34.31,0,normal,
W003431,2026-09-13T21:30:00,guest:101_win11,guest,22.16,27.86,1.35,-1.15,58.85,61.74,-0.26,0.03,0.88,9.65,40.07,0,normal,
W003432,2026-09-13T21:30:00,guest:402_NS1,guest,7.96,13.59,2.52,1.16,36.88,40.48,0.52,0.66,1.87,6.94,41.52,0,normal,
W003437,2026-09-13T22:00:00,guest:101_win11,guest,13.62,18.59,2.9,-0.4,54.72,57.56,-0.33,0.2,1.42,9.11,38.76,0,normal,
W003436,2026-09-13T22:00:00,guest:100_AD-Zentyal,guest,11.25,15.54,1.99,-0.36,64.01,64.81,0.14,0.54,1.87,6.72,39.84,0,normal,
W003438,2026-09-13T22:00:00,guest:402_NS1,guest,2.86,5.37,2.9,0.76,34.46,35.98,-0.2,0.34,0.64,7.78,36.42,0,normal,
W003434,2026-09-13T22:00:00,node:dl360-04,node,18.26,19.85,4.27,-0.45,50.42,53.82,-0.46,0.33,1.24,6.73,48.89,0,normal,
W003433,2026-09-13T22:00:00,node:dl380-01,node,16.18,29.28,1.52,1.07,56.6,59.06,-0.82,0.11,1.05,9.41,44.23,0,normal,
W003435,2026-09-13T22:00:00,node:srvzy,node,8.66,14.83,2.13,2.79,39.81,42.55,0.72,0.12,0.95,4.54,39.48,0,normal,
W003443,2026-09-13T22:30:00,guest:101_win11,guest,15.24,21.2,1.92,-0.6,56.63,59.45,-0.04,0.09,0.41,10.3,37.47,0,normal,
W003442,2026-09-13T22:30:00,guest:100_AD-Zentyal,guest,16.84,17.95,1.88,0.1,60.88,61.35,0.06,0.18,0.84,6.28,36.57,0,normal,
W003444,2026-09-13T22:30:00,guest:402_NS1,guest,7.69,19.46,3.13,-2.58,36.6,38.75,0.15,0.36,1.53,7.26,36.28,0,normal,
W003440,2026-09-13T22:30:00,node:dl360-04,node,14.63,22.02,1.76,-0.2,49.33,52.19,0.41,0.45,1.66,5.65,48.47,0,normal,
W003439,2026-09-13T22:30:00,node:dl380-01,node,17.32,23.85,3.08,0.41,51.99,52.12,-0.0,0.08,1.26,4.26,47.85,0,normal,
W003441,2026-09-13T22:30:00,node:srvzy,node,9.81,18.77,2.62,0.74,41.52,44.29,-0.32,0.01,1.21,11.53,42.33,0,normal,
W003445,2026-09-13T23:00:00,node:dl380-01,node,20.48,22.33,4.32,-0.43,53.49,54.82,0.14,0.39,0.92,7.82,43.98,0,normal,
W003446,2026-09-13T23:00:00,node:dl360-04,node,16.01,19.75,4.81,1.42,49.9,53.02,0.12,0.23,0.49,2.81,50.13,0,normal,
W003447,2026-09-13T23:00:00,node:srvzy,node,13.4,20.01,0.92,0.76,40.09,42.78,-0.44,0.2,1.36,12.25,40.89,0,normal,
W003448,2026-09-13T23:00:00,guest:100_AD-Zentyal,guest,8.84,17.91,1.24,-1.43,64.06,68.15,-0.34,0.23,1.07,5.05,35.23,0,normal,
W003449,2026-09-13T23:00:00,guest:101_win11,guest,17.15,23.71,2.87,-0.17,59.31,60.8,-0.43,0.63,0.71,6.0,37.77,0,normal,
W003450,2026-09-13T23:00:00,guest:402_NS1,guest,5.94,7.29,1.31,1.15,36.08,37.66,-0.37,0.06,1.23,9.46,33.66,0,normal,
W003455,2026-09-13T23:30:00,guest:101_win11,guest,18.52,22.92,3.02,-1.8,56.05,58.28,0.61,0.54,1.42,3.73,39.92,0,normal,
W003454,2026-09-13T23:30:00,guest:100_AD-Zentyal,guest,10.84,15.05,2.31,-1.05,63.84,64.25,-0.08,0.27,0.61,5.32,39.56,0,normal,
W003456,2026-09-13T23:30:00,guest:402_NS1,guest,5.15,12.5,2.38,2.39,32.49,35.4,-0.03,0.41,1.86,0.45,37.78,0,normal,
W003452,2026-09-13T23:30:00,node:dl360-04,node,9.81,15.28,3.3,-0.39,47.95,51.21,0.41,0.65,2.35,6.64,45.14,0,normal,
W003451,2026-09-13T23:30:00,node:dl380-01,node,10.86,17.27,2.77,-0.57,53.53,55.28,0.01,0.12,0.91,4.44,42.74,0,normal,
W003453,2026-09-13T23:30:00,node:srvzy,node,7.52,15.24,3.94,-1.26,41.05,42.25,-0.06,0.27,1.22,12.56,42.59,0,normal,
W003457,2026-09-14T00:00:00,node:dl380-01,node,14.94,22.28,3.19,-0.56,52.33,54.53,-0.51,0.37,0.84,7.87,41.43,0,normal,
W003458,2026-09-14T00:00:00,node:dl360-04,node,13.09,16.83,2.2,1.65,49.79,51.31,-0.19,0.48,0.81,5.74,45.49,0,normal,
W003459,2026-09-14T00:00:00,node:srvzy,node,7.47,15.9,1.83,1.17,44.23,46.83,-0.03,0.53,0.89,10.23,40.27,0,normal,
W003460,2026-09-14T00:00:00,guest:100_AD-Zentyal,guest,18.66,22.51,3.16,-1.87,62.88,63.8,-0.58,0.54,0.85,3.46,36.12,0,normal,
W003461,2026-09-14T00:00:00,guest:101_win11,guest,17.06,26.11,3.77,-0.94,58.7,59.9,-0.3,0.16,0.7,5.4,36.14,0,normal,
W003462,2026-09-14T00:00:00,guest:402_NS1,guest,5.88,7.71,2.73,-1.31,32.06,33.42,0.38,0.4,1.13,3.52,38.58,0,normal,
W003467,2026-09-14T00:30:00,guest:101_win11,guest,14.44,26.1,1.29,-1.85,54.94,57.49,-0.17,0.55,1.2,8.92,36.16,0,normal,
W003466,2026-09-14T00:30:00,guest:100_AD-Zentyal,guest,7.03,9.78,1.48,0.63,64.23,65.28,0.77,0.36,1.21,5.05,38.8,0,normal,
W003468,2026-09-14T00:30:00,guest:402_NS1,guest,9.21,19.32,1.94,0.59,33.75,36.27,0.51,0.49,1.5,7.66,35.5,0,normal,
W003464,2026-09-14T00:30:00,node:dl360-04,node,15.38,20.03,1.46,1.22,45.87,48.04,0.29,0.33,1.62,2.26,45.22,0,normal,
W003463,2026-09-14T00:30:00,node:dl380-01,node,24.35,30.27,0.9,-0.84,54.27,55.83,-0.34,0.12,0.96,1.07,43.35,0,normal,
W003465,2026-09-14T00:30:00,node:srvzy,node,6.46,22.33,3.01,0.83,41.44,43.52,0.42,0.07,0.98,6.95,42.93,0,normal,
W003473,2026-09-14T01:00:00,guest:101_win11,guest,10.89,19.77,3.48,0.92,57.8,60.77,-0.26,0.37,1.6,1.03,35.02,0,normal,
W003472,2026-09-14T01:00:00,guest:100_AD-Zentyal,guest,18.07,18.66,3.28,0.16,63.51,64.34,0.16,0.37,0.89,4.96,35.13,0,normal,
W003474,2026-09-14T01:00:00,guest:402_NS1,guest,2.0,2.64,1.45,-0.63,35.79,37.35,-0.61,0.33,1.06,2.82,36.22,0,normal,
W003470,2026-09-14T01:00:00,node:dl360-04,node,15.61,22.9,3.29,-0.79,49.47,52.98,-0.91,0.31,0.39,2.59,44.93,0,normal,
W003469,2026-09-14T01:00:00,node:dl380-01,node,17.13,19.82,2.48,1.34,53.06,53.56,-0.42,0.42,1.0,7.52,41.29,0,normal,
W003471,2026-09-14T01:00:00,node:srvzy,node,7.04,14.17,3.4,0.32,41.28,42.2,0.42,0.36,1.77,9.21,42.23,0,normal,
W003475,2026-09-14T01:30:00,node:dl380-01,node,21.01,22.78,0.83,0.56,51.96,55.52,-0.06,0.28,1.39,0.15,43.61,0,normal,
W003476,2026-09-14T01:30:00,node:dl360-04,node,12.99,22.07,1.85,0.21,47.42,49.83,-0.1,0.35,1.85,4.31,46.71,0,normal,
W003477,2026-09-14T01:30:00,node:srvzy,node,15.28,22.44,0.5,-0.8,37.9,40.82,-0.04,0.51,1.56,6.99,39.27,0,normal,
W003478,2026-09-14T01:30:00,guest:100_AD-Zentyal,guest,12.04,22.14,1.05,-0.38,63.71,65.8,0.57,0.45,1.41,7.62,38.25,0,normal,
W003479,2026-09-14T01:30:00,guest:101_win11,guest,12.42,17.35,3.49,-0.89,55.94,56.78,0.29,0.55,0.97,4.71,36.38,0,normal,
W003480,2026-09-14T01:30:00,guest:402_NS1,guest,8.04,18.29,2.02,-3.71,35.14,37.19,0.02,0.49,1.15,3.28,36.57,0,normal,
W003485,2026-09-14T02:00:00,guest:101_win11,guest,15.25,24.78,0.73,-2.35,55.47,59.25,0.99,0.16,0.73,6.63,36.7,0,normal,
W003484,2026-09-14T02:00:00,guest:100_AD-Zentyal,guest,5.85,13.01,1.32,-0.55,60.7,62.17,-0.08,0.07,1.0,6.34,41.06,0,normal,
W003486,2026-09-14T02:00:00,guest:402_NS1,guest,3.4,11.3,5.22,1.57,36.36,36.52,0.43,0.11,1.58,9.07,37.91,0,normal,
W003482,2026-09-14T02:00:00,node:dl360-04,node,16.19,21.35,2.41,-2.01,47.22,48.65,0.17,0.25,0.51,3.75,43.82,0,normal,
W003483,2026-09-14T02:00:00,node:srvzy,node,3.35,12.36,0.81,0.35,39.09,40.39,-0.39,0.36,1.34,0.18,42.73,0,normal,
W003481,2026-09-14T02:00:00,node:dl380-01,node,18.71,27.35,4.13,0.48,52.74,55.63,-0.39,0.58,1.47,4.31,41.55,0,normal,
W003487,2026-09-14T02:30:00,node:dl380-01,node,14.4,18.95,2.1,0.91,53.73,57.15,0.64,0.13,1.12,6.39,42.86,0,normal,
W003488,2026-09-14T02:30:00,node:dl360-04,node,17.3,24.77,1.93,-0.17,47.37,48.64,-0.03,0.04,1.03,9.21,46.08,0,normal,
W003489,2026-09-14T02:30:00,node:srvzy,node,10.31,16.78,1.48,2.41,35.64,37.65,-0.31,0.62,1.5,12.67,41.05,0,normal,
W003490,2026-09-14T02:30:00,guest:100_AD-Zentyal,guest,7.34,8.21,3.61,-1.0,62.24,65.47,0.42,0.18,0.8,0.27,33.92,0,normal,
W003491,2026-09-14T02:30:00,guest:101_win11,guest,14.67,23.3,2.86,0.22,54.73,58.2,-0.71,0.21,1.07,5.0,37.0,0,normal,
W003492,2026-09-14T02:30:00,guest:402_NS1,guest,2.18,9.81,1.28,-0.17,33.78,35.44,0.0,0.34,0.44,0.1,37.2,0,normal,
W003493,2026-09-14T03:00:00,node:dl380-01,node,15.14,19.5,3.07,-1.19,48.72,52.38,0.48,0.54,0.89,4.94,41.2,0,normal,
W003494,2026-09-14T03:00:00,node:dl360-04,node,14.06,19.02,1.42,0.6,47.6,51.33,0.03,0.21,0.28,11.46,45.56,0,normal,
W003495,2026-09-14T03:00:00,node:srvzy,node,8.11,14.14,3.92,-2.29,42.46,45.72,0.0,0.38,1.03,0.11,41.97,0,normal,
W003496,2026-09-14T03:00:00,guest:100_AD-Zentyal,guest,11.14,17.94,2.98,-0.73,65.76,67.76,0.22,0.25,1.47,5.48,36.97,0,normal,
W003497,2026-09-14T03:00:00,guest:101_win11,guest,16.5,17.33,2.22,-0.74,56.74,59.06,-0.0,0.16,0.95,6.14,36.83,0,normal,
W003498,2026-09-14T03:00:00,guest:402_NS1,guest,8.15,15.99,2.52,-2.82,32.68,35.31,-0.11,0.36,1.07,5.87,39.2,0,normal,
W003504,2026-09-14T03:30:00,guest:402_NS1,guest,2.0,7.08,2.98,0.62,30.45,33.25,-0.02,0.55,1.94,9.99,34.97,0,normal,
W003502,2026-09-14T03:30:00,guest:100_AD-Zentyal,guest,4.11,5.48,4.5,-0.21,64.44,65.49,-0.12,0.25,1.15,5.44,35.72,0,normal,
W003503,2026-09-14T03:30:00,guest:101_win11,guest,9.01,14.76,0.75,-0.99,55.79,58.19,0.6,0.2,1.02,0.43,37.6,0,normal,
W003501,2026-09-14T03:30:00,node:srvzy,node,8.78,9.87,2.77,-0.07,39.39,41.43,-0.05,0.04,1.51,8.02,40.52,0,normal,
W003499,2026-09-14T03:30:00,node:dl380-01,node,20.03,22.14,0.84,0.53,55.17,55.51,-0.08,0.77,1.47,12.75,41.87,0,normal,
W003500,2026-09-14T03:30:00,node:dl360-04,node,12.01,15.9,1.22,-2.03,47.67,49.81,-0.29,0.2,1.58,8.09,45.71,0,normal,
W003505,2026-09-14T04:00:00,node:dl380-01,node,19.48,20.75,3.8,1.73,55.03,56.6,0.22,0.19,1.0,5.39,40.4,0,normal,
W003506,2026-09-14T04:00:00,node:dl360-04,node,12.24,25.05,2.41,0.19,48.25,49.84,0.01,0.22,0.33,8.03,48.82,0,normal,
W003507,2026-09-14T04:00:00,node:srvzy,node,4.0,8.76,4.0,-0.93,40.97,47.29,0.25,0.31,1.47,8.0,40.41,0,normal,
W003508,2026-09-14T04:00:00,guest:100_AD-Zentyal,guest,4.99,12.78,3.24,-0.36,66.23,69.67,0.31,0.24,0.28,5.15,34.65,0,normal,
W003509,2026-09-14T04:00:00,guest:101_win11,guest,4.82,12.76,3.67,-2.34,55.81,57.79,-0.12,0.02,1.36,1.62,34.48,0,normal,
W003510,2026-09-14T04:00:00,guest:402_NS1,guest,2.0,9.44,2.23,-0.92,34.22,36.55,-0.92,0.4,1.68,5.3,37.05,0,normal,
W003511,2026-09-14T04:30:00,node:dl380-01,node,24.7,28.57,2.33,0.4,53.36,55.08,0.04,0.61,1.74,5.45,42.11,0,normal,
W003512,2026-09-14T04:30:00,node:dl360-04,node,12.51,21.36,0.91,2.88,48.21,48.83,0.07,0.14,0.77,1.14,46.04,0,normal,
W003513,2026-09-14T04:30:00,node:srvzy,node,2.0,6.2,1.67,-0.6,38.89,40.93,0.36,0.37,1.69,4.17,41.89,0,normal,
W003514,2026-09-14T04:30:00,guest:100_AD-Zentyal,guest,12.35,21.8,1.77,0.95,61.72,63.15,-0.14,0.39,0.76,2.83,36.43,0,normal,
W003515,2026-09-14T04:30:00,guest:101_win11,guest,13.24,16.43,2.76,-0.43,57.45,59.52,0.7,0.32,0.64,5.03,37.43,0,normal,
W003516,2026-09-14T04:30:00,guest:402_NS1,guest,2.0,12.55,2.19,-0.77,33.59,34.69,0.39,0.45,1.31,7.44,36.65,0,normal,
W003521,2026-09-14T05:00:00,guest:101_win11,guest,14.5,19.75,2.67,-0.06,58.06,61.65,-0.01,0.18,0.4,8.4,36.52,0,normal,
W003520,2026-09-14T05:00:00,guest:100_AD-Zentyal,guest,8.78,11.45,1.84,0.15,62.31,62.33,0.05,0.23,0.65,5.54,37.36,0,normal,
W003522,2026-09-14T05:00:00,guest:402_NS1,guest,14.56,28.9,2.29,-2.0,34.76,38.86,-0.52,0.68,0.74,2.1,38.34,0,normal,
W003518,2026-09-14T05:00:00,node:dl360-04,node,20.13,26.21,4.02,-1.48,48.46,49.44,0.5,0.38,1.66,2.25,45.98,0,normal,
W003517,2026-09-14T05:00:00,node:dl380-01,node,14.08,19.11,2.0,-2.44,51.68,52.45,-0.42,0.57,1.57,9.36,44.64,0,normal,
W003519,2026-09-14T05:00:00,node:srvzy,node,3.1,10.18,2.07,0.91,40.64,40.77,-0.66,0.32,1.3,0.18,41.75,0,normal,
W003528,2026-09-14T05:30:00,guest:402_NS1,guest,8.92,9.77,2.95,1.21,33.56,35.06,-0.54,0.01,0.87,5.76,37.51,0,normal,
W003527,2026-09-14T05:30:00,guest:101_win11,guest,12.64,22.11,4.17,2.03,58.67,60.75,0.16,0.38,0.7,9.9,38.91,0,normal,
W003526,2026-09-14T05:30:00,guest:100_AD-Zentyal,guest,12.15,18.95,0.69,2.24,66.5,67.35,0.23,0.0,0.84,0.12,37.44,0,normal,
W003524,2026-09-14T05:30:00,node:dl360-04,node,18.58,21.29,2.75,0.13,48.8,51.58,-0.41,0.44,1.24,4.09,44.9,0,normal,
W003523,2026-09-14T05:30:00,node:dl380-01,node,22.9,28.7,2.95,1.33,55.78,57.16,-0.35,0.51,1.49,8.23,42.89,0,normal,
W003525,2026-09-14T05:30:00,node:srvzy,node,15.95,21.75,2.15,-1.37,42.55,45.56,0.33,0.29,1.39,3.99,42.21,0,normal,
W003529,2026-09-14T06:00:00,node:dl380-01,node,26.35,28.58,2.15,2.03,53.44,55.5,-0.07,0.44,0.46,6.89,44.58,0,normal,
W003530,2026-09-14T06:00:00,node:dl360-04,node,14.51,21.54,3.29,0.54,52.2,53.77,0.2,0.4,1.1,10.9,47.93,0,normal,
W003531,2026-09-14T06:00:00,node:srvzy,node,6.8,15.05,2.0,-0.39,40.55,43.29,0.43,0.27,0.98,1.36,41.44,0,normal,
W003532,2026-09-14T06:00:00,guest:100_AD-Zentyal,guest,10.69,17.62,2.39,-1.09,64.27,66.21,-1.02,0.52,1.73,6.79,39.03,0,normal,
W003533,2026-09-14T06:00:00,guest:101_win11,guest,14.86,16.05,4.66,0.9,58.69,60.41,0.45,0.03,0.73,9.72,37.56,0,normal,
W003534,2026-09-14T06:00:00,guest:402_NS1,guest,11.19,18.1,2.71,-0.86,34.73,38.66,0.07,0.41,1.49,4.07,38.3,0,normal,
W003539,2026-09-14T06:30:00,guest:101_win11,guest,22.41,25.75,4.62,-1.96,60.33,62.29,-0.09,0.3,0.78,12.0,37.46,0,normal,
W003538,2026-09-14T06:30:00,guest:100_AD-Zentyal,guest,17.55,28.01,2.79,1.3,63.68,64.12,-0.47,0.26,1.38,6.92,40.28,0,normal,
W003540,2026-09-14T06:30:00,guest:402_NS1,guest,6.02,7.89,1.77,-0.84,32.62,34.44,-0.45,0.62,1.36,8.62,39.79,0,normal,
W003536,2026-09-14T06:30:00,node:dl360-04,node,23.48,26.73,2.55,0.65,49.73,51.77,-0.04,0.47,1.34,10.4,48.09,0,normal,
W003535,2026-09-14T06:30:00,node:dl380-01,node,20.43,20.8,3.29,-1.12,55.22,56.47,0.82,0.24,1.81,6.98,44.42,0,normal,
W003537,2026-09-14T06:30:00,node:srvzy,node,13.28,22.68,2.19,1.33,40.72,41.32,-0.13,0.16,1.11,6.64,42.69,0,normal,
W003545,2026-09-14T07:00:00,guest:101_win11,guest,20.62,30.85,2.16,0.53,53.62,54.04,0.2,0.43,1.08,6.89,38.69,0,normal,
W003544,2026-09-14T07:00:00,guest:100_AD-Zentyal,guest,18.04,23.31,0.5,1.54,66.52,67.91,0.02,0.54,1.76,12.78,39.79,0,normal,
W003546,2026-09-14T07:00:00,guest:402_NS1,guest,10.6,11.54,2.97,0.04,34.93,36.8,-0.55,0.08,1.49,6.78,40.44,0,normal,
W003542,2026-09-14T07:00:00,node:dl360-04,node,22.49,28.36,3.62,1.39,48.58,51.02,0.02,0.11,0.83,5.61,48.42,0,normal,
W003541,2026-09-14T07:00:00,node:dl380-01,node,30.02,38.75,2.25,-1.29,55.09,58.15,0.06,0.31,1.2,3.1,45.44,0,normal,
W003543,2026-09-14T07:00:00,node:srvzy,node,15.32,20.67,1.6,0.28,45.88,46.05,0.09,0.19,0.82,8.39,42.71,0,normal,
W003547,2026-09-14T07:30:00,node:dl380-01,node,19.14,25.1,2.06,-0.34,53.87,57.31,0.77,0.35,0.98,4.72,43.13,0,normal,
W003548,2026-09-14T07:30:00,node:dl360-04,node,25.0,26.6,2.06,0.19,44.8,45.55,-0.54,0.17,1.07,11.79,47.23,0,normal,
W003549,2026-09-14T07:30:00,node:srvzy,node,11.31,16.95,1.69,0.5,42.29,43.01,0.26,0.33,1.23,12.24,40.54,0,normal,
W003550,2026-09-14T07:30:00,guest:100_AD-Zentyal,guest,11.54,17.32,0.5,-0.25,66.01,68.4,0.03,0.25,0.88,7.25,39.57,0,normal,
W003551,2026-09-14T07:30:00,guest:101_win11,guest,12.5,22.89,1.76,0.67,57.63,58.47,0.52,0.52,0.69,8.49,39.53,0,normal,
W003552,2026-09-14T07:30:00,guest:402_NS1,guest,2.68,3.04,1.67,-1.58,32.6,33.29,-0.05,0.12,1.37,9.25,40.42,0,normal,
W003558,2026-09-14T08:00:00,guest:402_NS1,guest,9.34,13.4,3.52,-0.52,38.09,39.94,0.47,0.38,1.46,9.47,39.83,0,normal,
W003557,2026-09-14T08:00:00,guest:101_win11,guest,22.96,29.12,0.94,0.81,60.67,63.17,-0.35,0.01,0.44,10.31,42.14,0,normal,
W003556,2026-09-14T08:00:00,guest:100_AD-Zentyal,guest,8.21,16.83,2.29,-1.37,64.34,65.6,-0.49,0.09,1.18,8.32,39.41,0,normal,
W003554,2026-09-14T08:00:00,node:dl360-04,node,17.59,19.89,2.29,1.36,49.64,51.49,-0.3,0.05,1.02,9.24,49.67,0,normal,
W003553,2026-09-14T08:00:00,node:dl380-01,node,19.09,23.21,2.64,0.54,53.83,55.33,-0.16,0.24,1.91,10.94,46.06,0,normal,
W003555,2026-09-14T08:00:00,node:srvzy,node,15.54,18.65,2.73,-1.55,42.39,44.33,0.62,0.13,0.4,8.76,44.91,0,normal,
W003559,2026-09-14T08:30:00,node:dl380-01,node,26.47,34.86,3.03,-2.12,55.46,56.81,-0.22,0.39,1.87,9.3,48.96,0,normal,
W003560,2026-09-14T08:30:00,node:dl360-04,node,18.16,27.86,2.93,0.25,52.49,53.85,0.51,0.26,0.8,6.02,51.38,0,normal,
W003561,2026-09-14T08:30:00,node:srvzy,node,18.99,23.56,3.05,0.15,41.36,44.33,-0.25,0.14,1.04,10.2,43.11,0,normal,
W003562,2026-09-14T08:30:00,guest:100_AD-Zentyal,guest,14.88,16.2,2.14,-1.05,66.74,69.25,-0.19,0.4,1.16,9.19,39.92,0,normal,
W003563,2026-09-14T08:30:00,guest:101_win11,guest,26.2,34.13,2.2,1.07,59.54,61.8,-0.13,0.22,0.59,10.54,39.09,0,normal,
W003564,2026-09-14T08:30:00,guest:402_NS1,guest,10.47,18.34,4.19,0.45,34.81,36.79,0.46,0.38,1.26,10.79,37.86,0,normal,
W003570,2026-09-14T09:00:00,guest:402_NS1,guest,18.49,22.2,2.46,-2.23,34.67,37.67,-0.31,0.05,0.54,9.47,41.92,0,normal,
W003568,2026-09-14T09:00:00,guest:100_AD-Zentyal,guest,18.25,21.03,2.48,-0.83,64.93,66.87,-0.54,0.59,1.72,9.4,40.75,0,normal,
W003569,2026-09-14T09:00:00,guest:101_win11,guest,24.3,30.92,4.38,-0.29,60.66,61.32,-0.47,0.64,1.26,7.79,40.7,0,normal,
W003566,2026-09-14T09:00:00,node:dl360-04,node,20.53,30.66,3.32,0.22,52.17,54.41,0.0,0.18,0.84,9.9,49.79,0,normal,
W003565,2026-09-14T09:00:00,node:dl380-01,node,28.44,31.81,2.89,-0.88,56.58,58.43,-0.46,0.24,1.92,4.47,47.03,0,normal,
W003567,2026-09-14T09:00:00,node:srvzy,node,10.45,19.54,4.45,-0.52,44.63,46.5,-0.24,0.22,1.06,9.13,45.69,0,normal,
W003571,2026-09-14T09:30:00,node:dl380-01,node,28.4,36.12,2.53,-0.74,54.12,56.55,0.64,0.11,0.5,7.89,48.02,0,normal,
W003572,2026-09-14T09:30:00,node:dl360-04,node,23.92,31.59,1.99,0.74,50.0,50.45,0.37,0.29,0.97,12.14,47.61,0,normal,
W003573,2026-09-14T09:30:00,node:srvzy,node,18.58,22.79,2.34,1.37,43.67,45.5,-0.04,0.21,0.68,11.8,43.63,0,normal,
W003574,2026-09-14T09:30:00,guest:100_AD-Zentyal,guest,15.43,22.87,3.81,-0.87,67.09,69.82,-0.39,0.15,1.68,7.94,39.86,0,normal,
W003575,2026-09-14T09:30:00,guest:101_win11,guest,28.95,33.24,3.85,-1.23,58.77,61.85,-0.19,0.32,1.42,8.59,44.14,0,normal,
W003576,2026-09-14T09:30:00,guest:402_NS1,guest,17.7,22.63,2.27,2.29,34.88,36.41,0.46,0.02,0.79,11.55,39.72,0,normal,
W003581,2026-09-14T10:00:00,guest:101_win11,guest,25.76,31.65,3.43,1.25,59.56,62.24,0.81,0.02,1.25,17.13,42.15,0,normal,
W003577,2026-09-14T10:00:00,node:dl380-01,node,23.52,29.73,3.19,-0.81,53.88,57.13,0.21,0.23,1.4,13.23,50.18,0,normal,
W003578,2026-09-14T10:00:00,node:dl360-04,node,28.32,30.15,1.84,-0.73,51.56,53.25,-0.45,0.42,1.62,12.19,50.81,0,normal,
W003579,2026-09-14T10:00:00,node:srvzy,node,15.61,20.05,2.02,0.67,43.46,45.13,-0.15,0.09,1.54,6.24,46.13,0,normal,
W003580,2026-09-14T10:00:00,guest:100_AD-Zentyal,guest,22.13,27.33,2.49,-0.8,67.18,67.86,0.13,0.16,0.79,11.3,41.25,0,normal,
W003582,2026-09-14T10:00:00,guest:402_NS1,guest,22.66,33.99,2.16,-0.31,36.96,38.33,1.08,0.46,1.28,8.27,41.88,0,normal,
W003587,2026-09-14T10:30:00,guest:101_win11,guest,24.5,27.58,0.5,0.85,61.28,63.67,-0.68,0.33,0.94,12.98,44.42,0,normal,
W003588,2026-09-14T10:30:00,guest:402_NS1,guest,18.76,26.49,2.45,0.5,34.7,37.25,-0.08,0.14,1.26,5.81,40.68,0,normal,
W003586,2026-09-14T10:30:00,guest:100_AD-Zentyal,guest,23.13,30.76,2.05,1.26,63.82,65.73,0.44,0.27,0.9,19.37,43.63,0,normal,
W003585,2026-09-14T10:30:00,node:srvzy,node,13.54,19.2,1.54,-2.46,41.15,44.33,-0.01,0.26,1.37,12.85,46.42,0,normal,
W003584,2026-09-14T10:30:00,node:dl360-04,node,28.79,34.04,2.93,-1.57,51.46,52.71,0.53,0.32,1.38,13.29,53.21,0,normal,
W003583,2026-09-14T10:30:00,node:dl380-01,node,24.85,33.13,0.5,1.66,55.24,55.54,-0.01,0.3,1.08,16.64,48.07,0,normal,
W003589,2026-09-14T11:00:00,node:dl380-01,node,32.8,42.48,2.97,-0.81,56.32,58.61,0.62,0.48,1.66,13.73,46.51,0,normal,
W003590,2026-09-14T11:00:00,node:dl360-04,node,22.74,27.83,3.2,-0.6,52.44,53.65,-0.26,0.58,1.69,12.62,49.88,0,normal,
W003591,2026-09-14T11:00:00,node:srvzy,node,23.98,32.61,3.14,-0.21,41.44,43.43,0.56,0.12,0.94,18.44,45.66,0,normal,
W003592,2026-09-14T11:00:00,guest:100_AD-Zentyal,guest,23.21,25.16,3.12,-0.89,63.62,64.66,0.08,0.02,0.26,15.21,42.01,0,normal,
W003593,2026-09-14T11:00:00,guest:101_win11,guest,22.46,27.49,4.24,1.54,59.22,62.04,0.05,0.05,0.07,10.81,39.76,0,normal,
W003594,2026-09-14T11:00:00,guest:402_NS1,guest,18.61,22.96,2.93,0.53,37.66,38.73,0.21,0.11,1.19,17.2,43.21,0,normal,
W003600,2026-09-14T11:30:00,guest:402_NS1,guest,16.54,24.02,2.54,0.45,35.36,37.91,-0.16,0.81,1.08,21.63,40.69,0,normal,
W003599,2026-09-14T11:30:00,guest:101_win11,guest,29.15,34.29,0.5,-0.88,58.62,60.31,0.31,0.11,1.29,14.39,40.19,0,normal,
W003598,2026-09-14T11:30:00,guest:100_AD-Zentyal,guest,25.92,30.71,2.16,0.89,66.53,67.93,0.1,0.5,1.72,9.56,40.21,0,normal,
W003595,2026-09-14T11:30:00,node:dl380-01,node,30.04,37.74,0.97,-2.11,57.25,60.56,-0.49,0.3,1.28,11.69,47.61,0,normal,
W003596,2026-09-14T11:30:00,node:dl360-04,node,29.8,36.13,2.61,-1.18,51.36,52.96,-0.14,0.19,0.98,10.93,51.14,0,normal,
W003597,2026-09-14T11:30:00,node:srvzy,node,19.38,22.58,0.55,1.14,44.76,45.95,0.27,0.1,0.77,11.94,45.7,0,normal,
W003605,2026-09-14T12:00:00,guest:101_win11,guest,35.19,46.79,2.62,0.41,62.42,64.18,0.22,0.35,1.91,18.64,42.39,0,normal,
W003606,2026-09-14T12:00:00,guest:402_NS1,guest,24.27,30.25,1.95,-0.34,37.0,38.21,-0.21,0.01,0.48,15.03,44.16,0,normal,
W003604,2026-09-14T12:00:00,guest:100_AD-Zentyal,guest,23.29,28.82,2.59,0.72,67.78,68.28,0.56,0.31,0.98,11.62,45.58,0,normal,
W003601,2026-09-14T12:00:00,node:dl380-01,node,36.38,44.86,1.59,0.72,55.84,58.11,0.06,0.23,0.86,15.35,47.24,0,normal,
W003602,2026-09-14T12:00:00,node:dl360-04,node,25.9,34.76,2.93,-1.57,49.93,50.06,0.36,0.44,0.8,16.28,54.58,0,normal,
W003603,2026-09-14T12:00:00,node:srvzy,node,16.54,20.7,0.94,1.14,43.56,45.16,0.09,0.19,0.83,15.15,45.68,0,normal,
W003607,2026-09-14T12:30:00,node:dl380-01,node,35.13,42.42,0.97,-1.03,56.38,59.34,-0.22,0.06,1.44,12.13,46.91,0,normal,
W003608,2026-09-14T12:30:00,node:dl360-04,node,29.72,35.57,2.0,0.0,50.07,51.55,-0.01,0.11,1.29,10.21,50.19,0,normal,
W003609,2026-09-14T12:30:00,node:srvzy,node,25.43,33.14,2.59,-2.05,42.64,44.43,-0.06,0.53,2.13,16.17,45.8,0,normal,
W003610,2026-09-14T12:30:00,guest:100_AD-Zentyal,guest,29.18,33.41,0.5,-1.5,62.46,64.08,-0.07,0.02,0.48,10.05,42.41,0,normal,
W003611,2026-09-14T12:30:00,guest:101_win11,guest,23.94,32.97,2.67,1.93,58.91,63.06,0.0,0.19,1.96,8.84,41.77,0,normal,
W003612,2026-09-14T12:30:00,guest:402_NS1,guest,13.1,13.59,0.5,0.74,34.34,36.08,0.36,0.39,1.36,17.97,45.01,0,normal,
W003617,2026-09-14T13:00:00,guest:101_win11,guest,24.15,30.56,2.01,-0.49,57.45,59.24,-0.6,0.59,2.09,13.41,41.21,0,normal,
W003618,2026-09-14T13:00:00,guest:402_NS1,guest,22.72,30.5,4.37,2.57,33.28,36.44,-0.09,0.41,1.52,17.04,44.4,0,normal,
W003616,2026-09-14T13:00:00,guest:100_AD-Zentyal,guest,23.7,33.48,3.06,-1.01,65.4,67.18,0.18,0.14,0.62,13.1,40.74,0,normal,
W003615,2026-09-14T13:00:00,node:srvzy,node,17.33,24.95,2.4,0.12,45.66,46.84,-0.01,0.36,1.04,16.98,47.39,0,normal,
W003614,2026-09-14T13:00:00,node:dl360-04,node,25.33,30.91,3.16,-0.12,51.16,53.0,0.34,0.07,1.16,11.82,52.8,0,normal,
W003613,2026-09-14T13:00:00,node:dl380-01,node,28.35,35.8,2.23,-0.18,54.21,55.68,-0.17,0.59,0.92,7.67,48.89,0,normal,
W003619,2026-09-14T13:30:00,node:dl380-01,node,30.77,33.91,3.69,-1.05,60.28,61.52,-0.15,0.26,0.45,10.22,50.27,0,normal,
W003620,2026-09-14T13:30:00,node:dl360-04,node,23.71,37.27,2.41,-1.24,52.69,53.15,-0.13,0.26,0.55,12.93,54.19,0,normal,
W003621,2026-09-14T13:30:00,node:srvzy,node,23.37,30.57,1.71,-1.59,43.5,43.96,-0.44,0.05,0.07,16.78,46.7,0,normal,
W003622,2026-09-14T13:30:00,guest:100_AD-Zentyal,guest,23.56,31.57,0.86,-1.61,68.94,73.22,0.27,0.39,0.96,13.15,43.24,0,normal,
W003623,2026-09-14T13:30:00,guest:101_win11,guest,32.53,39.81,3.46,-1.1,61.04,62.37,0.06,0.42,1.01,11.78,43.44,0,normal,
W003624,2026-09-14T13:30:00,guest:402_NS1,guest,19.26,25.66,3.16,1.57,38.13,40.66,-0.2,0.23,1.21,13.74,43.57,0,normal,
W003629,2026-09-14T14:00:00,guest:101_win11,guest,29.56,34.13,3.0,-0.63,59.86,61.58,0.01,0.36,0.96,14.64,43.28,0,normal,
W003628,2026-09-14T14:00:00,guest:100_AD-Zentyal,guest,23.52,31.08,1.72,-1.83,65.05,68.11,-0.15,0.35,0.73,16.14,42.6,0,normal,
W003630,2026-09-14T14:00:00,guest:402_NS1,guest,21.78,27.55,1.61,0.1,38.21,38.87,-0.53,0.17,0.89,8.41,43.86,0,normal,
W003626,2026-09-14T14:00:00,node:dl360-04,node,28.08,33.21,2.6,1.86,53.09,56.11,-0.17,0.4,0.58,15.55,52.18,0,normal,
W003625,2026-09-14T14:00:00,node:dl380-01,node,30.15,41.93,2.69,0.15,56.13,60.04,-0.5,0.16,1.3,15.72,48.13,0,normal,
W003627,2026-09-14T14:00:00,node:srvzy,node,29.37,40.05,2.24,-0.98,42.58,44.28,0.52,0.38,1.39,17.43,45.51,0,normal,
W003635,2026-09-14T14:30:00,guest:101_win11,guest,27.64,38.97,3.98,1.12,58.27,59.25,-0.44,0.61,1.04,13.84,41.65,0,normal,
W003634,2026-09-14T14:30:00,guest:100_AD-Zentyal,guest,26.07,29.1,2.15,-0.07,66.08,68.69,0.37,0.05,0.79,6.29,42.86,0,normal,
W003636,2026-09-14T14:30:00,guest:402_NS1,guest,15.6,22.59,2.65,-2.67,34.66,36.91,-0.03,0.22,1.26,10.67,42.11,0,normal,
W003632,2026-09-14T14:30:00,node:dl360-04,node,29.33,36.38,2.43,0.97,52.25,53.79,0.34,0.51,1.35,19.01,51.65,0,normal,
W003631,2026-09-14T14:30:00,node:dl380-01,node,32.36,33.41,1.39,-0.36,53.81,56.78,0.07,0.44,0.82,16.23,48.01,0,normal,
W003633,2026-09-14T14:30:00,node:srvzy,node,22.55,28.57,2.37,-0.37,42.71,43.72,0.04,0.54,1.67,16.16,48.87,0,normal,
W003637,2026-09-14T15:00:00,node:dl380-01,node,34.54,38.59,2.81,-1.38,55.45,55.67,-0.82,0.2,1.18,14.49,50.64,0,normal,
W003638,2026-09-14T15:00:00,node:dl360-04,node,28.35,28.71,2.84,-1.29,52.16,52.44,-0.11,0.44,1.47,14.08,51.82,0,normal,
W003639,2026-09-14T15:00:00,node:srvzy,node,20.99,26.09,3.13,-0.9,42.76,43.18,0.26,0.24,0.53,17.3,46.75,0,normal,
W003640,2026-09-14T15:00:00,guest:100_AD-Zentyal,guest,22.94,31.45,2.1,-1.95,68.56,69.66,1.19,0.2,0.23,19.93,42.73,0,normal,
W003641,2026-09-14T15:00:00,guest:101_win11,guest,28.43,35.41,1.08,-2.67,63.35,63.73,0.63,0.39,1.24,13.26,46.28,0,normal,
W003642,2026-09-14T15:00:00,guest:402_NS1,guest,17.11,20.96,3.12,-0.87,35.01,36.9,0.25,0.67,2.28,9.3,44.38,0,normal,
W003647,2026-09-14T15:30:00,guest:101_win11,guest,28.42,28.89,2.92,0.09,62.25,64.95,-0.29,0.04,0.51,18.97,43.34,0,normal,
W003646,2026-09-14T15:30:00,guest:100_AD-Zentyal,guest,25.38,29.97,3.62,-0.13,63.02,65.9,0.33,0.31,0.79,11.35,41.72,0,normal,
W003648,2026-09-14T15:30:00,guest:402_NS1,guest,21.82,25.93,2.98,-1.82,38.62,39.46,-0.79,0.75,1.61,15.15,40.09,0,normal,
W003644,2026-09-14T15:30:00,node:dl360-04,node,29.33,33.45,0.8,0.58,51.24,53.45,0.05,0.42,1.28,13.76,52.65,0,normal,
W003643,2026-09-14T15:30:00,node:dl380-01,node,29.1,32.14,1.91,-0.79,54.91,55.29,0.56,0.47,1.24,11.77,50.67,0,normal,
W003645,2026-09-14T15:30:00,node:srvzy,node,25.88,36.37,1.33,1.27,40.98,43.95,-0.26,0.46,1.84,15.37,46.83,0,normal,
W003649,2026-09-14T16:00:00,node:dl380-01,node,34.11,42.77,2.3,1.07,58.84,61.36,-0.87,0.07,1.54,14.58,48.73,0,normal,
W003650,2026-09-14T16:00:00,node:dl360-04,node,26.02,30.1,3.69,1.8,53.17,55.72,0.25,0.29,0.6,10.07,53.57,0,normal,
W003651,2026-09-14T16:00:00,node:srvzy,node,21.81,29.24,2.71,0.31,44.35,47.05,-0.31,0.54,1.04,15.05,44.82,0,normal,
W003652,2026-09-14T16:00:00,guest:100_AD-Zentyal,guest,24.34,28.37,2.52,0.88,66.87,70.83,0.32,0.25,1.02,15.46,43.65,0,normal,
W003653,2026-09-14T16:00:00,guest:101_win11,guest,22.61,30.52,1.29,0.65,61.71,64.01,-0.93,0.06,1.08,6.97,43.51,0,normal,
W003654,2026-09-14T16:00:00,guest:402_NS1,guest,22.38,31.78,2.26,0.53,37.11,37.64,0.3,0.58,1.65,12.82,43.71,0,normal,
W003659,2026-09-14T16:30:00,guest:101_win11,guest,27.58,31.88,2.1,0.02,61.52,62.63,-0.15,0.29,1.71,17.33,44.98,0,normal,
W003658,2026-09-14T16:30:00,guest:100_AD-Zentyal,guest,22.81,29.41,1.51,0.95,65.97,68.87,-0.09,0.2,1.17,11.11,45.3,0,normal,
W003660,2026-09-14T16:30:00,guest:402_NS1,guest,19.04,29.34,3.77,0.84,38.13,39.54,0.73,0.25,1.27,16.36,40.54,0,normal,
W003656,2026-09-14T16:30:00,node:dl360-04,node,30.6,39.31,4.04,-1.07,54.45,57.26,-0.07,0.12,1.0,15.19,52.11,0,normal,
W003655,2026-09-14T16:30:00,node:dl380-01,node,36.47,45.97,3.53,-1.91,57.45,60.09,0.42,0.4,1.82,8.85,49.44,0,normal,
W003657,2026-09-14T16:30:00,node:srvzy,node,19.73,27.56,2.09,1.46,46.81,48.0,0.02,0.49,1.4,10.27,47.9,0,normal,
W003665,2026-09-14T17:00:00,guest:101_win11,guest,25.38,31.12,3.06,-2.79,59.68,61.08,-0.29,0.04,0.69,11.99,41.48,0,normal,
W003664,2026-09-14T17:00:00,guest:100_AD-Zentyal,guest,19.62,25.47,4.39,0.28,67.04,69.43,0.95,0.21,1.64,12.34,41.07,0,normal,
W003666,2026-09-14T17:00:00,guest:402_NS1,guest,11.92,18.22,1.71,-1.96,35.43,36.65,0.02,0.19,0.41,10.87,39.53,0,normal,
W003662,2026-09-14T17:00:00,node:dl360-04,node,30.85,37.62,1.98,-1.13,49.14,50.92,0.32,0.35,1.16,10.37,54.99,0,normal,
W003661,2026-09-14T17:00:00,node:dl380-01,node,30.48,37.09,2.39,-0.05,59.1,60.27,-0.51,0.18,1.28,16.06,49.03,0,normal,
W003663,2026-09-14T17:00:00,node:srvzy,node,17.77,24.13,3.5,0.05,41.96,44.77,-0.54,0.65,1.56,12.78,44.0,0,normal,
W003667,2026-09-14T17:30:00,node:dl380-01,node,34.64,44.53,3.92,-0.71,58.75,61.16,-0.33,0.17,0.91,13.84,48.67,0,normal,
W003668,2026-09-14T17:30:00,node:dl360-04,node,27.65,32.61,3.85,-0.14,51.11,52.89,-0.05,0.03,0.43,20.87,48.65,0,normal,
W003669,2026-09-14T17:30:00,node:srvzy,node,21.61,28.64,3.51,0.44,46.82,49.06,0.54,0.51,1.92,13.61,46.72,0,normal,
W003670,2026-09-14T17:30:00,guest:100_AD-Zentyal,guest,22.36,28.84,2.71,-2.49,66.16,69.05,-0.54,0.1,1.36,17.56,41.19,0,normal,
W003671,2026-09-14T17:30:00,guest:101_win11,guest,26.27,32.03,3.68,-0.64,58.73,62.07,-0.4,0.2,1.05,18.11,40.33,0,normal,
W003672,2026-09-14T17:30:00,guest:402_NS1,guest,15.17,22.95,3.25,0.25,36.2,38.33,-0.6,0.32,1.71,9.58,40.95,0,normal,
W003677,2026-09-14T18:00:00,guest:101_win11,guest,23.0,34.77,1.1,0.71,61.03,62.35,-0.27,0.23,0.75,12.7,42.84,0,normal,
W003678,2026-09-14T18:00:00,guest:402_NS1,guest,14.73,23.51,3.9,0.52,36.95,38.35,-1.05,0.42,1.54,13.23,42.86,0,normal,
W003676,2026-09-14T18:00:00,guest:100_AD-Zentyal,guest,18.82,29.42,1.46,-0.96,66.52,68.08,0.04,0.47,0.65,14.76,40.63,0,normal,
W003675,2026-09-14T18:00:00,node:srvzy,node,19.8,25.07,2.47,-1.59,42.72,45.84,0.02,0.17,0.69,12.4,43.65,0,normal,
W003674,2026-09-14T18:00:00,node:dl360-04,node,27.59,34.25,2.24,-1.48,51.39,54.11,-0.21,0.2,1.32,17.63,51.91,0,normal,
W003673,2026-09-14T18:00:00,node:dl380-01,node,27.61,32.61,4.34,-1.12,53.96,56.73,-0.26,0.46,1.18,13.88,45.15,0,normal,
W003679,2026-09-14T18:30:00,node:dl380-01,node,27.08,34.64,3.97,0.8,58.42,61.77,-0.49,0.44,0.99,9.18,47.07,0,normal,
W003680,2026-09-14T18:30:00,node:dl360-04,node,32.14,36.51,0.74,-1.73,51.86,53.1,-0.82,0.02,0.89,14.84,49.83,0,normal,
W003681,2026-09-14T18:30:00,node:srvzy,node,21.27,30.02,1.72,-0.15,41.92,44.46,-0.24,0.06,0.88,15.83,46.27,0,normal,
W003682,2026-09-14T18:30:00,guest:100_AD-Zentyal,guest,25.52,34.28,2.54,-0.72,64.43,64.85,0.48,0.23,0.35,16.2,41.64,0,normal,
W003683,2026-09-14T18:30:00,guest:101_win11,guest,27.39,32.6,1.71,0.53,59.95,61.67,0.53,0.49,1.51,9.17,39.62,0,normal,
W003684,2026-09-14T18:30:00,guest:402_NS1,guest,20.2,20.76,2.41,0.18,35.12,37.08,0.17,0.18,1.34,14.25,41.23,0,normal,
W003689,2026-09-14T19:00:00,guest:101_win11,guest,27.41,31.3,1.8,-0.29,58.33,60.81,0.37,0.47,2.24,6.22,41.12,0,normal,
W003688,2026-09-14T19:00:00,guest:100_AD-Zentyal,guest,18.41,29.0,2.34,-0.64,62.83,64.26,-0.47,0.39,1.21,10.2,39.63,0,normal,
W003690,2026-09-14T19:00:00,guest:402_NS1,guest,12.25,24.28,2.68,-2.44,36.3,38.57,0.3,0.16,1.09,10.48,39.77,0,normal,
W003686,2026-09-14T19:00:00,node:dl360-04,node,22.91,28.74,2.17,2.43,48.5,49.99,-0.39,0.41,0.76,16.76,49.9,0,normal,
W003685,2026-09-14T19:00:00,node:dl380-01,node,24.18,29.91,4.61,-0.91,58.27,58.52,-0.34,0.19,1.37,11.46,48.74,0,normal,
W003687,2026-09-14T19:00:00,node:srvzy,node,18.51,25.9,2.48,0.15,42.67,45.19,-0.33,0.1,1.23,11.29,41.77,0,normal,
W003695,2026-09-14T19:30:00,guest:101_win11,guest,17.58,23.45,3.62,1.02,57.99,59.7,0.07,0.72,1.69,13.3,44.18,0,normal,
W003694,2026-09-14T19:30:00,guest:100_AD-Zentyal,guest,23.94,30.46,2.11,0.02,63.88,64.25,-0.35,0.08,0.34,6.43,42.61,0,normal,
W003696,2026-09-14T19:30:00,guest:402_NS1,guest,15.04,24.49,2.98,0.56,33.78,34.65,-0.2,0.48,1.61,15.29,40.76,0,normal,
W003692,2026-09-14T19:30:00,node:dl360-04,node,26.73,27.15,1.93,0.9,53.98,55.95,-0.98,0.24,1.01,14.62,49.85,0,normal,
W003691,2026-09-14T19:30:00,node:dl380-01,node,28.27,34.73,3.55,0.03,56.6,57.4,0.56,0.14,1.31,12.08,46.98,0,normal,
W003693,2026-09-14T19:30:00,node:srvzy,node,12.6,21.49,3.07,-0.84,43.81,45.27,-0.12,0.19,0.87,14.01,42.1,0,normal,
W003697,2026-09-14T20:00:00,node:dl380-01,node,26.88,34.51,2.39,-0.39,52.33,54.17,-0.04,0.53,1.82,10.44,49.1,0,normal,
W003698,2026-09-14T20:00:00,node:dl360-04,node,22.66,31.76,2.4,-1.37,49.23,52.71,-0.11,0.21,1.01,8.83,50.79,0,normal,
W003699,2026-09-14T20:00:00,node:srvzy,node,21.6,27.62,3.04,1.17,42.2,43.32,-0.16,0.38,1.34,4.62,43.35,0,normal,
W003700,2026-09-14T20:00:00,guest:100_AD-Zentyal,guest,15.42,24.07,1.8,-0.55,64.11,66.9,0.39,0.4,1.64,13.71,37.28,0,normal,
W003701,2026-09-14T20:00:00,guest:101_win11,guest,22.07,26.96,1.24,-0.38,59.32,62.77,-0.54,0.42,2.01,15.49,34.82,0,normal,
W003702,2026-09-14T20:00:00,guest:402_NS1,guest,19.63,28.51,0.5,-0.92,37.26,39.62,-0.23,0.31,1.33,8.26,39.81,0,normal,
W003707,2026-09-14T20:30:00,guest:101_win11,guest,15.05,20.96,1.95,2.04,59.59,61.83,0.39,0.04,1.65,7.47,41.89,0,normal,
W003706,2026-09-14T20:30:00,guest:100_AD-Zentyal,guest,19.51,25.04,3.19,-0.04,65.33,68.56,-0.47,0.13,0.76,9.18,41.73,0,normal,
W003708,2026-09-14T20:30:00,guest:402_NS1,guest,13.93,20.72,3.72,1.2,35.19,36.77,0.05,0.28,1.22,13.06,40.7,0,normal,
W003704,2026-09-14T20:30:00,node:dl360-04,node,21.34,24.61,3.48,-1.07,49.05,50.29,0.4,0.25,1.85,11.06,50.74,0,normal,
W003703,2026-09-14T20:30:00,node:dl380-01,node,28.14,32.04,1.14,-0.76,53.4,54.8,-0.69,0.35,1.49,7.56,45.02,0,normal,
W003705,2026-09-14T20:30:00,node:srvzy,node,13.87,17.04,2.47,-0.81,38.4,41.42,0.01,0.16,1.11,10.14,46.11,0,normal,
W003709,2026-09-14T21:00:00,node:dl380-01,node,23.58,27.61,2.82,-2.04,53.05,55.65,0.35,0.3,1.18,9.82,46.25,0,normal,
W003710,2026-09-14T21:00:00,node:dl360-04,node,19.22,22.28,2.89,2.35,47.82,49.7,-0.15,0.78,1.2,8.22,47.68,0,normal,
W003711,2026-09-14T21:00:00,node:srvzy,node,8.54,10.61,3.07,0.85,40.48,43.88,-0.9,0.05,0.52,8.68,42.55,0,normal,
W003712,2026-09-14T21:00:00,guest:100_AD-Zentyal,guest,15.23,22.68,3.96,0.96,64.58,66.5,0.44,0.68,1.73,7.24,39.61,0,normal,
W003713,2026-09-14T21:00:00,guest:101_win11,guest,19.96,24.3,3.37,0.32,59.58,60.6,-0.7,0.22,1.03,3.3,38.31,0,normal,
W003714,2026-09-14T21:00:00,guest:402_NS1,guest,14.42,22.02,2.64,-1.27,36.73,38.32,0.04,0.38,1.25,13.18,40.09,0,normal,
W003719,2026-09-14T21:30:00,guest:101_win11,guest,16.36,23.87,0.89,0.5,60.71,62.1,0.02,0.25,0.96,5.62,42.21,0,normal,
W003718,2026-09-14T21:30:00,guest:100_AD-Zentyal,guest,15.97,25.83,2.08,-0.4,64.37,66.82,-0.03,0.0,0.7,8.61,39.4,0,normal,
W003720,2026-09-14T21:30:00,guest:402_NS1,guest,11.28,15.27,1.72,0.07,30.58,33.63,-0.21,0.38,1.35,11.6,39.96,0,normal,
W003716,2026-09-14T21:30:00,node:dl360-04,node,23.4,29.0,2.08,0.74,52.98,55.78,-0.69,0.47,1.69,15.3,47.85,0,normal,
W003715,2026-09-14T21:30:00,node:dl380-01,node,24.11,29.85,2.93,-0.25,54.82,56.48,-0.2,0.12,0.81,7.7,47.97,0,normal,
W003717,2026-09-14T21:30:00,node:srvzy,node,13.41,20.77,1.74,-1.03,42.2,42.66,-0.53,0.46,1.46,12.46,43.92,0,normal,
W003725,2026-09-14T22:00:00,guest:101_win11,guest,13.28,15.7,2.76,-0.11,58.1,58.33,-0.21,0.71,1.76,6.61,37.02,0,normal,
W003724,2026-09-14T22:00:00,guest:100_AD-Zentyal,guest,13.03,21.82,1.05,1.31,62.88,63.34,-0.48,0.24,1.22,7.1,36.69,0,normal,
W003726,2026-09-14T22:00:00,guest:402_NS1,guest,11.88,22.48,1.35,-1.26,34.5,36.87,0.19,0.67,1.08,7.62,39.58,0,normal,
W003722,2026-09-14T22:00:00,node:dl360-04,node,16.64,24.67,1.37,2.62,46.85,50.93,-0.05,0.15,1.49,7.75,46.82,0,normal,
W003721,2026-09-14T22:00:00,node:dl380-01,node,23.6,32.66,2.17,2.58,54.64,56.61,-0.34,0.26,1.22,7.79,47.24,0,normal,
W003723,2026-09-14T22:00:00,node:srvzy,node,13.25,21.24,2.91,1.36,41.45,44.1,-0.21,0.45,1.05,4.13,42.19,0,normal,
W003727,2026-09-14T22:30:00,node:dl380-01,node,23.49,27.54,1.89,-0.55,57.07,58.09,-0.13,0.46,0.82,8.27,41.65,0,normal,
W003728,2026-09-14T22:30:00,node:dl360-04,node,18.67,24.83,2.66,-1.04,49.41,51.37,0.52,0.43,0.65,5.0,46.58,0,normal,
W003729,2026-09-14T22:30:00,node:srvzy,node,11.63,17.12,2.33,3.38,40.08,43.47,-0.06,0.14,1.01,10.86,43.45,0,normal,
W003730,2026-09-14T22:30:00,guest:100_AD-Zentyal,guest,14.9,20.97,2.01,1.08,63.22,64.58,0.16,0.24,1.55,8.9,37.33,0,normal,
W003731,2026-09-14T22:30:00,guest:101_win11,guest,11.99,16.27,4.84,-0.29,58.36,59.06,-0.43,0.26,1.74,3.63,37.56,0,normal,
W003732,2026-09-14T22:30:00,guest:402_NS1,guest,11.16,21.93,2.94,0.81,32.39,33.06,-0.46,0.13,1.02,3.84,38.88,0,normal,
W003737,2026-09-14T23:00:00,guest:101_win11,guest,15.49,24.02,3.11,2.44,57.9,59.79,-0.22,0.18,1.5,11.73,39.38,0,normal,
W003736,2026-09-14T23:00:00,guest:100_AD-Zentyal,guest,8.55,16.36,1.46,-0.52,62.8,66.2,-0.97,0.77,1.24,6.09,38.5,0,normal,
W003738,2026-09-14T23:00:00,guest:402_NS1,guest,2.0,2.74,2.49,-0.2,33.62,36.87,0.48,0.33,0.53,2.78,37.98,0,normal,
W003734,2026-09-14T23:00:00,node:dl360-04,node,10.82,12.93,2.1,1.04,48.28,50.08,0.02,0.1,1.23,10.48,48.06,0,normal,
W003735,2026-09-14T23:00:00,node:srvzy,node,7.86,11.21,1.42,-1.36,44.66,46.58,0.36,0.47,1.33,3.67,42.66,0,normal,
W003733,2026-09-14T23:00:00,node:dl380-01,node,18.24,22.55,3.39,-1.15,56.17,59.0,-0.4,0.54,0.9,10.34,44.38,0,normal,
W003739,2026-09-14T23:30:00,node:dl380-01,node,20.8,23.15,3.16,-2.1,48.79,49.92,0.55,0.6,0.77,1.91,45.02,0,normal,
W003740,2026-09-14T23:30:00,node:dl360-04,node,14.8,24.9,3.24,1.1,47.11,49.55,0.81,0.33,1.11,5.16,44.48,0,normal,
W003741,2026-09-14T23:30:00,node:srvzy,node,5.5,8.82,0.86,-1.85,36.18,37.4,0.27,0.24,0.91,8.76,44.41,0,normal,
W003742,2026-09-14T23:30:00,guest:100_AD-Zentyal,guest,20.3,26.73,2.22,-0.5,64.65,66.49,-0.06,0.28,0.71,0.53,36.87,0,normal,
W003743,2026-09-14T23:30:00,guest:101_win11,guest,19.44,29.68,3.44,-0.59,55.16,58.79,-0.43,0.31,1.78,6.84,37.44,0,normal,
W003744,2026-09-14T23:30:00,guest:402_NS1,guest,10.4,16.62,2.7,1.82,29.0,31.36,-0.31,0.26,1.1,4.44,38.22,0,normal,
W003745,2026-09-15T00:00:00,node:dl380-01,node,19.42,26.03,2.61,-0.14,53.09,55.17,-0.38,0.55,1.32,4.46,44.0,0,normal,
W003746,2026-09-15T00:00:00,node:dl360-04,node,14.67,24.4,3.39,0.11,49.96,52.19,-0.46,0.48,0.52,4.88,47.45,0,normal,
W003747,2026-09-15T00:00:00,node:srvzy,node,9.62,16.75,3.89,-0.03,39.59,42.38,-0.29,0.25,1.15,6.67,40.9,0,normal,
W003748,2026-09-15T00:00:00,guest:100_AD-Zentyal,guest,9.36,12.0,1.71,2.18,62.79,64.98,-0.6,0.81,1.27,2.14,37.31,0,normal,
W003749,2026-09-15T00:00:00,guest:101_win11,guest,9.95,17.04,0.99,1.36,57.96,59.84,-0.66,0.14,0.96,2.04,35.83,0,normal,
W003750,2026-09-15T00:00:00,guest:402_NS1,guest,8.74,15.21,2.62,0.63,32.97,34.91,0.18,0.46,1.46,10.05,37.44,0,normal,
W003756,2026-09-15T00:30:00,guest:402_NS1,guest,4.9,14.13,2.04,1.87,34.49,36.74,0.11,0.21,0.8,6.46,35.6,0,normal,
W003754,2026-09-15T00:30:00,guest:100_AD-Zentyal,guest,15.83,25.11,1.97,-1.15,62.89,65.0,-0.58,0.4,1.63,1.04,36.05,0,normal,
W003755,2026-09-15T00:30:00,guest:101_win11,guest,17.37,24.49,1.63,0.88,55.2,56.96,-0.46,0.3,1.51,4.24,38.37,0,normal,
W003753,2026-09-15T00:30:00,node:srvzy,node,10.15,16.96,3.41,-1.63,41.03,43.25,-0.02,0.25,1.1,3.96,45.49,0,normal,
W003751,2026-09-15T00:30:00,node:dl380-01,node,13.36,22.62,2.25,-0.92,54.55,56.92,-0.51,0.43,1.98,6.64,43.02,0,normal,
W003752,2026-09-15T00:30:00,node:dl360-04,node,9.23,21.38,1.98,-1.69,48.47,51.48,0.49,0.17,0.93,5.67,47.87,0,normal,
W003757,2026-09-15T01:00:00,node:dl380-01,node,15.17,18.35,3.07,0.7,55.35,57.02,-0.32,0.01,0.91,9.36,42.99,0,normal,
W003758,2026-09-15T01:00:00,node:dl360-04,node,14.37,20.35,2.75,1.2,51.52,54.02,0.23,0.25,1.01,4.81,45.55,0,normal,
W003759,2026-09-15T01:00:00,node:srvzy,node,7.72,15.59,2.56,-0.34,40.29,41.34,0.32,0.22,0.56,6.56,41.87,0,normal,
W003760,2026-09-15T01:00:00,guest:100_AD-Zentyal,guest,7.26,15.13,3.13,2.37,62.65,64.59,-0.24,0.4,1.2,8.13,36.45,0,normal,
W003761,2026-09-15T01:00:00,guest:101_win11,guest,13.92,19.21,0.66,0.75,52.92,54.76,-0.06,0.3,1.12,5.28,37.65,0,normal,
W003762,2026-09-15T01:00:00,guest:402_NS1,guest,3.89,17.74,2.16,-1.47,30.53,33.19,-0.64,0.06,0.32,6.54,39.1,0,normal,
W003763,2026-09-15T01:30:00,node:dl380-01,node,13.97,21.23,0.5,-0.89,54.15,55.84,0.4,0.15,0.65,6.53,43.76,0,normal,
W003764,2026-09-15T01:30:00,node:dl360-04,node,16.08,22.7,1.36,-0.93,52.24,52.98,-0.57,0.44,0.81,10.55,50.2,0,normal,
W003765,2026-09-15T01:30:00,node:srvzy,node,6.43,13.36,0.68,1.24,36.04,36.7,0.05,0.41,0.62,3.54,38.61,0,normal,
W003766,2026-09-15T01:30:00,guest:100_AD-Zentyal,guest,9.16,12.76,1.86,0.78,63.57,66.14,-0.05,0.44,1.23,3.7,37.96,0,normal,
W003767,2026-09-15T01:30:00,guest:101_win11,guest,10.79,15.8,3.57,1.17,55.53,58.41,-0.51,0.24,0.74,5.17,38.2,0,normal,
W003768,2026-09-15T01:30:00,guest:402_NS1,guest,6.22,13.48,2.64,-0.19,35.23,35.68,-0.27,0.38,1.79,4.13,36.71,0,normal,
W003773,2026-09-15T02:00:00,guest:101_win11,guest,8.15,10.72,2.33,0.12,55.65,56.82,-0.06,0.24,0.62,5.25,39.72,0,normal,
W003772,2026-09-15T02:00:00,guest:100_AD-Zentyal,guest,8.99,21.0,2.31,0.18,60.03,61.4,-0.22,0.4,0.89,5.14,36.09,0,normal,
W003774,2026-09-15T02:00:00,guest:402_NS1,guest,3.48,5.09,3.97,1.51,35.58,37.54,-0.31,0.12,1.38,9.82,35.62,0,normal,
W003770,2026-09-15T02:00:00,node:dl360-04,node,15.05,22.93,2.76,0.0,48.77,51.61,0.72,0.08,0.14,0.36,43.28,0,normal,
W003771,2026-09-15T02:00:00,node:srvzy,node,2.8,4.82,2.08,1.03,41.13,42.51,-0.21,0.7,1.74,5.52,41.18,0,normal,
W003769,2026-09-15T02:00:00,node:dl380-01,node,12.49,16.86,3.21,1.9,52.47,53.67,0.03,0.02,1.32,1.31,43.47,0,normal,
W003775,2026-09-15T02:30:00,node:dl380-01,node,8.18,14.13,1.6,-0.85,52.57,54.98,-0.31,0.33,1.08,1.92,43.82,0,normal,
W003776,2026-09-15T02:30:00,node:dl360-04,node,12.42,14.63,1.77,0.24,48.08,50.73,0.17,0.07,0.45,5.36,46.95,0,normal,
W003777,2026-09-15T02:30:00,node:srvzy,node,6.29,14.27,1.5,-0.42,38.34,41.04,-0.36,0.71,1.31,7.39,40.27,0,normal,
W003778,2026-09-15T02:30:00,guest:100_AD-Zentyal,guest,14.68,24.58,2.18,0.33,65.29,67.6,-0.37,0.31,0.81,5.45,35.82,0,normal,
W003779,2026-09-15T02:30:00,guest:101_win11,guest,13.3,13.94,1.38,-0.95,55.71,56.2,-0.35,0.46,1.61,2.6,36.12,0,normal,
W003780,2026-09-15T02:30:00,guest:402_NS1,guest,8.46,15.62,2.91,0.68,31.27,33.49,0.19,0.32,0.96,4.86,35.29,0,normal,
W003781,2026-09-15T03:00:00,node:dl380-01,node,19.42,21.12,1.68,0.82,53.59,55.11,-0.68,0.29,0.84,6.61,42.33,0,normal,
W003782,2026-09-15T03:00:00,node:dl360-04,node,8.15,9.99,2.07,0.13,45.97,47.21,0.32,0.52,1.43,4.32,45.17,0,normal,
W003783,2026-09-15T03:00:00,node:srvzy,node,9.16,14.21,3.42,1.17,40.81,42.31,-0.17,0.03,0.81,4.92,39.04,0,normal,
W003784,2026-09-15T03:00:00,guest:100_AD-Zentyal,guest,18.55,26.22,1.66,2.47,62.18,65.01,0.04,0.21,0.87,9.48,38.42,0,normal,
W003785,2026-09-15T03:00:00,guest:101_win11,guest,11.84,12.0,2.8,-1.5,57.04,58.32,-0.24,0.17,1.38,0.13,38.21,0,normal,
W003786,2026-09-15T03:00:00,guest:402_NS1,guest,5.47,11.25,2.05,0.58,32.28,33.83,0.03,0.64,0.84,6.67,36.89,0,normal,
W003790,2026-09-15T03:30:00,guest:100_AD-Zentyal,guest,8.11,11.78,2.1,-1.06,61.2,64.04,0.06,0.08,1.15,6.76,34.88,0,normal,
W003792,2026-09-15T03:30:00,guest:402_NS1,guest,7.33,11.16,3.56,0.26,30.57,32.6,0.02,0.02,0.82,6.8,38.79,0,normal,
W003791,2026-09-15T03:30:00,guest:101_win11,guest,12.9,20.76,0.9,0.34,54.85,57.4,-0.37,0.51,1.21,3.33,36.02,0,normal,
W003787,2026-09-15T03:30:00,node:dl380-01,node,16.5,17.92,0.74,0.41,50.78,53.8,-0.41,0.41,0.98,3.3,41.73,0,normal,
W003788,2026-09-15T03:30:00,node:dl360-04,node,15.8,23.95,2.18,0.71,48.09,48.76,0.15,0.24,0.49,4.0,43.56,0,normal,
W003789,2026-09-15T03:30:00,node:srvzy,node,2.96,8.22,2.42,-1.0,41.02,42.9,-0.17,0.31,1.59,1.28,43.05,0,normal,
W003793,2026-09-15T04:00:00,node:dl380-01,node,21.87,35.03,2.5,0.66,52.18,56.06,-0.36,0.67,2.15,3.32,44.96,0,normal,
W003794,2026-09-15T04:00:00,node:dl360-04,node,16.67,21.43,2.36,0.32,48.92,52.41,0.23,0.15,1.24,0.43,45.82,0,normal,
W003795,2026-09-15T04:00:00,node:srvzy,node,7.06,15.03,4.27,0.26,39.62,40.92,0.33,0.26,0.86,8.52,43.16,0,normal,
W003796,2026-09-15T04:00:00,guest:100_AD-Zentyal,guest,7.71,9.22,2.4,-1.37,60.97,61.93,0.42,0.43,2.21,3.74,39.4,0,normal,
W003797,2026-09-15T04:00:00,guest:101_win11,guest,14.8,19.13,2.35,-0.67,56.73,59.72,-0.15,0.47,1.78,10.15,35.64,0,normal,
W003798,2026-09-15T04:00:00,guest:402_NS1,guest,4.9,13.03,1.41,-1.57,33.22,34.81,-0.07,0.21,1.87,4.28,38.28,0,normal,
W003804,2026-09-15T04:30:00,guest:402_NS1,guest,2.88,8.69,2.05,0.72,34.48,36.74,0.2,0.32,1.04,3.04,38.46,0,normal,
W003803,2026-09-15T04:30:00,guest:101_win11,guest,19.91,27.49,2.75,0.54,59.74,62.26,0.03,0.24,0.98,6.83,36.27,0,normal,
W003802,2026-09-15T04:30:00,guest:100_AD-Zentyal,guest,14.64,18.23,3.44,-1.27,63.99,66.28,-0.06,0.09,0.75,8.44,39.63,0,normal,
W003800,2026-09-15T04:30:00,node:dl360-04,node,15.77,19.24,2.28,-0.3,46.22,48.58,0.63,0.02,1.01,4.41,45.6,0,normal,
W003799,2026-09-15T04:30:00,node:dl380-01,node,19.89,20.82,3.97,0.75,53.55,56.61,-0.02,0.48,0.53,8.12,43.68,0,normal,
W003801,2026-09-15T04:30:00,node:srvzy,node,8.33,14.6,2.68,-1.36,42.23,44.31,0.24,0.54,0.57,7.56,41.16,0,normal,
W003810,2026-09-15T05:00:00,guest:402_NS1,guest,2.0,5.42,1.13,-1.73,36.33,37.35,-0.45,0.29,0.79,13.25,37.47,0,normal,
W003809,2026-09-15T05:00:00,guest:101_win11,guest,19.7,26.86,2.6,-1.01,58.27,59.76,0.22,0.45,1.65,9.48,39.33,0,normal,
W003808,2026-09-15T05:00:00,guest:100_AD-Zentyal,guest,12.83,17.48,1.83,1.08,63.05,65.57,-0.16,0.34,1.15,4.53,38.74,0,normal,
W003805,2026-09-15T05:00:00,node:dl380-01,node,16.41,24.97,3.41,-0.32,52.52,54.53,-0.02,0.43,0.56,4.26,42.36,0,normal,
W003806,2026-09-15T05:00:00,node:dl360-04,node,7.53,12.04,1.0,-0.46,47.71,50.16,-0.1,0.04,0.98,13.72,48.49,0,normal,
W003807,2026-09-15T05:00:00,node:srvzy,node,11.72,17.13,2.01,-0.67,41.02,41.88,0.09,0.17,0.28,4.43,43.76,0,normal,
W003811,2026-09-15T05:30:00,node:dl380-01,node,20.9,24.56,0.84,-0.87,52.29,53.57,-0.64,0.33,0.99,1.84,44.04,0,normal,
W003812,2026-09-15T05:30:00,node:dl360-04,node,19.01,28.6,0.5,-0.88,46.12,47.47,0.56,0.15,0.76,3.98,49.32,0,normal,
W003813,2026-09-15T05:30:00,node:srvzy,node,2.0,6.33,1.63,-2.07,42.57,42.77,-0.18,0.28,0.78,1.26,41.63,0,normal,
W003814,2026-09-15T05:30:00,guest:100_AD-Zentyal,guest,9.68,18.1,3.02,2.33,63.78,66.37,-0.14,0.64,1.45,6.16,38.69,0,normal,
W003815,2026-09-15T05:30:00,guest:101_win11,guest,12.09,16.59,3.04,0.88,57.66,59.58,0.11,0.49,0.85,6.47,33.51,0,normal,
W003816,2026-09-15T05:30:00,guest:402_NS1,guest,8.93,12.59,1.74,-0.15,34.7,39.09,-0.62,0.13,1.02,4.28,39.13,0,normal,
W003822,2026-09-15T06:00:00,guest:402_NS1,guest,10.22,14.1,1.46,0.91,33.24,34.4,0.32,0.39,1.11,6.45,39.07,0,normal,
W003821,2026-09-15T06:00:00,guest:101_win11,guest,16.23,22.78,1.15,0.04,59.06,61.87,-0.17,0.28,0.49,5.5,37.99,0,normal,
W003820,2026-09-15T06:00:00,guest:100_AD-Zentyal,guest,11.59,21.05,3.67,1.37,62.93,66.74,0.8,0.37,0.99,4.92,39.21,0,normal,
W003819,2026-09-15T06:00:00,node:srvzy,node,10.57,13.95,3.89,-1.64,43.21,45.03,0.16,0.02,0.7,5.51,45.65,0,normal,
W003817,2026-09-15T06:00:00,node:dl380-01,node,20.41,29.07,2.25,0.65,52.28,56.21,-0.68,0.16,0.39,9.9,45.31,0,normal,
W003818,2026-09-15T06:00:00,node:dl360-04,node,13.74,22.73,1.8,0.46,50.12,51.87,0.36,0.27,1.21,6.68,44.7,0,normal,
W003823,2026-09-15T06:30:00,node:dl380-01,node,22.89,29.51,2.62,-0.73,53.02,54.84,-0.38,0.08,0.85,10.47,41.39,0,normal,
W003824,2026-09-15T06:30:00,node:dl360-04,node,16.63,23.45,3.57,2.16,48.54,52.51,0.18,0.46,0.84,8.86,48.85,0,normal,
W003825,2026-09-15T06:30:00,node:srvzy,node,8.59,10.4,2.65,-0.26,43.42,44.88,-0.28,0.07,0.61,15.5,40.12,0,normal,
W003826,2026-09-15T06:30:00,guest:100_AD-Zentyal,guest,9.33,15.16,4.47,0.89,66.79,68.41,-0.56,0.21,0.96,7.53,38.18,0,normal,
W003827,2026-09-15T06:30:00,guest:101_win11,guest,18.07,21.93,1.57,-1.45,57.37,59.47,0.44,0.61,0.93,7.57,38.19,0,normal,
W003828,2026-09-15T06:30:00,guest:402_NS1,guest,2.62,7.04,4.07,-0.76,32.56,34.51,0.36,0.24,1.09,0.65,39.36,0,normal,
W003833,2026-09-15T07:00:00,guest:101_win11,guest,22.76,24.89,2.3,-2.63,55.02,56.32,0.35,0.2,0.89,9.61,38.22,0,normal,
W003832,2026-09-15T07:00:00,guest:100_AD-Zentyal,guest,21.0,22.37,3.04,-2.91,64.02,66.5,0.29,0.28,0.98,10.41,40.65,0,normal,
W003834,2026-09-15T07:00:00,guest:402_NS1,guest,2.95,6.71,2.38,0.56,34.11,36.56,0.37,0.52,1.39,5.29,37.36,0,normal,
W003830,2026-09-15T07:00:00,node:dl360-04,node,19.75,26.51,3.44,-0.15,51.23,53.17,0.05,0.32,1.38,10.33,46.55,0,normal,
W003829,2026-09-15T07:00:00,node:dl380-01,node,23.7,32.36,0.63,-0.36,56.22,57.66,0.02,0.22,0.86,12.21,43.09,0,normal,
W003831,2026-09-15T07:00:00,node:srvzy,node,13.69,21.31,3.96,-1.21,42.45,44.1,0.08,0.09,0.88,9.66,41.77,0,normal,
W003840,2026-09-15T07:30:00,guest:402_NS1,guest,10.03,16.94,3.29,1.9,33.7,36.84,0.11,0.04,0.78,9.05,37.97,0,normal,
W003839,2026-09-15T07:30:00,guest:101_win11,guest,18.38,29.97,0.69,1.3,58.17,61.43,0.39,0.17,0.97,4.32,38.44,0,normal,
W003838,2026-09-15T07:30:00,guest:100_AD-Zentyal,guest,21.47,26.2,1.79,-2.15,62.51,64.18,-0.82,0.08,0.85,11.39,38.15,0,normal,
W003835,2026-09-15T07:30:00,node:dl380-01,node,18.9,21.67,2.6,2.26,54.86,56.78,0.38,0.13,1.35,11.61,45.31,0,normal,
W003836,2026-09-15T07:30:00,node:dl360-04,node,27.26,36.6,2.55,-0.17,48.7,50.57,-0.04,0.24,0.95,5.13,47.37,0,normal,
W003837,2026-09-15T07:30:00,node:srvzy,node,7.34,14.58,2.58,-0.15,43.08,44.21,-0.28,0.0,1.21,10.52,45.22,0,normal,
W003841,2026-09-15T08:00:00,node:dl380-01,node,21.36,24.14,1.96,-1.04,57.21,57.67,0.04,0.41,0.82,9.3,45.49,0,normal,
W003842,2026-09-15T08:00:00,node:dl360-04,node,21.73,29.72,3.07,-0.72,47.29,49.46,-0.26,0.19,1.08,8.69,49.46,0,normal,
W003843,2026-09-15T08:00:00,node:srvzy,node,23.79,31.85,3.84,0.61,42.14,44.66,0.19,0.47,1.3,6.08,41.8,0,normal,
W003844,2026-09-15T08:00:00,guest:100_AD-Zentyal,guest,19.61,22.24,3.19,1.61,64.6,67.81,0.1,0.31,1.13,7.51,38.56,0,normal,
W003845,2026-09-15T08:00:00,guest:101_win11,guest,14.25,18.05,4.64,-1.79,55.88,57.08,-0.3,0.35,0.91,9.4,38.73,0,normal,
W003846,2026-09-15T08:00:00,guest:402_NS1,guest,10.34,16.16,2.37,2.38,34.95,36.74,-1.0,0.35,0.36,11.66,40.21,0,normal,
W003851,2026-09-15T08:30:00,guest:101_win11,guest,29.48,35.43,2.56,-0.82,56.55,58.02,0.34,0.41,1.73,7.85,40.88,0,normal,
W003850,2026-09-15T08:30:00,guest:100_AD-Zentyal,guest,14.06,25.47,0.78,1.35,62.77,63.75,-0.42,0.08,1.25,11.77,39.65,0,normal,
W003852,2026-09-15T08:30:00,guest:402_NS1,guest,13.07,20.37,1.64,-1.25,35.97,38.84,-0.25,0.42,1.7,8.91,37.84,0,normal,
W003848,2026-09-15T08:30:00,node:dl360-04,node,25.46,29.49,3.3,0.35,45.24,47.85,-0.09,0.21,0.84,12.37,47.62,0,normal,
W003847,2026-09-15T08:30:00,node:dl380-01,node,27.79,31.89,2.53,0.81,53.33,55.94,0.23,0.27,1.7,11.55,43.49,0,normal,
W003849,2026-09-15T08:30:00,node:srvzy,node,18.9,20.34,2.8,0.93,43.35,45.53,-0.08,0.19,0.5,7.94,42.56,0,normal,
W003857,2026-09-15T09:00:00,guest:101_win11,guest,24.18,31.01,2.1,1.0,56.33,57.77,-0.17,0.38,1.43,8.85,39.34,0,normal,
W003856,2026-09-15T09:00:00,guest:100_AD-Zentyal,guest,16.69,19.27,2.84,0.06,64.22,65.01,-0.21,0.4,1.07,14.81,40.57,0,normal,
W003858,2026-09-15T09:00:00,guest:402_NS1,guest,14.35,15.73,3.51,-0.27,33.41,34.22,0.13,0.36,0.85,10.95,39.08,0,normal,
W003854,2026-09-15T09:00:00,node:dl360-04,node,21.76,27.41,3.22,-0.24,49.26,50.52,-0.28,0.07,2.02,5.44,48.31,0,normal,
W003855,2026-09-15T09:00:00,node:srvzy,node,19.16,23.11,2.15,0.47,44.38,46.1,0.37,0.04,0.6,12.78,47.74,0,normal,
W003853,2026-09-15T09:00:00,node:dl380-01,node,22.47,26.44,2.05,-0.04,55.49,57.22,0.27,0.15,1.45,14.11,48.08,0,normal,
W003859,2026-09-15T09:30:00,node:dl380-01,node,26.17,36.59,4.63,-0.25,56.29,58.69,-0.69,0.07,0.2,12.64,49.69,0,normal,
W003860,2026-09-15T09:30:00,node:dl360-04,node,27.8,33.93,2.4,-0.42,52.43,54.64,0.02,0.08,1.12,10.84,50.37,0,normal,
W003861,2026-09-15T09:30:00,node:srvzy,node,20.57,21.66,2.2,-0.53,41.57,42.45,-0.29,0.08,1.21,12.43,45.24,0,normal,
W003862,2026-09-15T09:30:00,guest:100_AD-Zentyal,guest,13.33,25.17,2.09,2.09,66.87,68.63,0.82,0.41,1.12,10.12,42.32,0,normal,
W003863,2026-09-15T09:30:00,guest:101_win11,guest,20.19,25.06,1.9,-0.91,57.27,61.04,0.4,0.35,0.93,9.64,40.23,0,normal,
W003864,2026-09-15T09:30:00,guest:402_NS1,guest,20.33,27.2,3.25,0.24,33.92,36.03,-0.43,0.54,1.04,9.58,42.0,0,normal,
W003870,2026-09-15T10:00:00,guest:402_NS1,guest,14.66,17.62,1.62,0.96,36.05,37.31,-0.06,0.25,1.07,7.98,39.86,0,normal,
W003869,2026-09-15T10:00:00,guest:101_win11,guest,28.64,36.48,2.34,0.28,59.48,63.5,0.03,0.27,0.99,13.07,39.8,0,normal,
W003868,2026-09-15T10:00:00,guest:100_AD-Zentyal,guest,21.81,28.73,3.02,-0.55,68.14,69.11,-0.05,0.45,0.83,15.11,41.79,0,normal,
W003866,2026-09-15T10:00:00,node:dl360-04,node,20.86,26.58,2.08,1.15,49.88,51.45,-0.27,0.31,1.9,2.01,50.43,0,normal,
W003865,2026-09-15T10:00:00,node:dl380-01,node,26.56,31.9,0.5,-0.39,57.07,58.44,0.22,0.3,1.53,10.3,47.14,0,normal,
W003867,2026-09-15T10:00:00,node:srvzy,node,23.11,27.57,3.03,1.41,42.5,43.85,0.37,0.4,1.17,14.33,46.94,0,normal,
W003871,2026-09-15T10:30:00,node:dl380-01,node,23.95,27.26,1.78,-1.24,57.38,61.22,0.33,0.19,1.07,12.3,46.59,0,normal,
W003872,2026-09-15T10:30:00,node:dl360-04,node,30.64,42.66,1.03,1.73,49.94,51.67,0.11,0.61,1.52,13.74,51.78,0,normal,
W003873,2026-09-15T10:30:00,node:srvzy,node,22.54,30.07,3.52,-0.72,39.88,43.7,-0.42,0.19,0.86,10.99,44.41,0,normal,
W003874,2026-09-15T10:30:00,guest:100_AD-Zentyal,guest,23.62,31.05,3.12,0.67,65.25,66.83,0.45,0.2,0.78,15.29,41.47,0,normal,
W003875,2026-09-15T10:30:00,guest:101_win11,guest,22.23,26.75,3.62,0.7,59.43,60.26,0.1,0.26,0.69,10.7,42.54,0,normal,
W003876,2026-09-15T10:30:00,guest:402_NS1,guest,20.35,23.18,1.57,0.83,35.26,37.82,-0.17,0.42,0.67,14.15,38.35,0,normal,
W003881,2026-09-15T11:00:00,guest:101_win11,guest,27.53,29.93,4.04,1.39,56.6,58.28,0.11,0.05,1.04,16.67,42.61,0,normal,
W003880,2026-09-15T11:00:00,guest:100_AD-Zentyal,guest,23.56,31.67,3.53,1.12,67.45,69.54,0.29,0.06,0.07,19.82,42.05,0,normal,
W003882,2026-09-15T11:00:00,guest:402_NS1,guest,12.18,15.06,2.38,-0.3,36.0,37.74,-0.72,0.46,1.51,15.1,42.77,0,normal,
W003878,2026-09-15T11:00:00,node:dl360-04,node,28.18,31.36,7.51,0.73,53.81,55.56,0.16,0.48,0.85,11.52,52.58,0,normal,
W003877,2026-09-15T11:00:00,node:dl380-01,node,33.9,39.79,2.94,0.28,53.34,56.71,0.13,0.45,0.93,14.26,46.16,0,normal,
W003879,2026-09-15T11:00:00,node:srvzy,node,19.89,23.65,1.87,-1.47,39.89,40.19,0.02,0.43,2.24,13.41,44.2,0,normal,
W003887,2026-09-15T11:30:00,guest:101_win11,guest,23.8,29.21,3.03,-0.2,58.57,59.52,0.21,0.34,1.47,13.62,43.84,0,normal,
W003886,2026-09-15T11:30:00,guest:100_AD-Zentyal,guest,21.87,31.43,2.12,0.1,66.02,69.25,0.2,0.29,1.12,9.97,38.77,0,normal,
W003888,2026-09-15T11:30:00,guest:402_NS1,guest,15.73,21.61,2.74,0.79,37.16,39.64,0.11,0.26,1.42,8.51,41.18,0,normal,
W003884,2026-09-15T11:30:00,node:dl360-04,node,24.37,32.06,2.42,-2.33,53.58,54.64,-0.53,0.57,1.8,12.27,49.24,0,normal,
W003883,2026-09-15T11:30:00,node:dl380-01,node,29.66,33.84,1.48,1.85,56.38,56.72,-0.01,0.12,1.02,13.96,47.31,0,normal,
W003885,2026-09-15T11:30:00,node:srvzy,node,17.47,22.16,3.72,1.55,43.71,46.36,-0.08,0.13,0.33,14.5,47.47,0,normal,
W003889,2026-09-15T12:00:00,node:dl380-01,node,37.5,41.48,2.42,1.67,56.51,57.67,0.48,0.24,0.95,8.39,48.41,0,normal,
W003890,2026-09-15T12:00:00,node:dl360-04,node,31.32,36.03,1.22,-0.58,50.62,52.37,-0.21,0.63,1.55,9.11,51.71,0,normal,
W003891,2026-09-15T12:00:00,node:srvzy,node,21.79,31.37,2.34,-0.22,47.09,48.02,0.32,0.31,0.91,12.39,48.64,0,normal,
W003892,2026-09-15T12:00:00,guest:100_AD-Zentyal,guest,26.56,34.36,3.39,0.41,64.82,65.25,0.62,0.34,1.17,19.74,41.0,0,normal,
W003893,2026-09-15T12:00:00,guest:101_win11,guest,18.1,18.66,1.97,0.14,62.24,65.08,-1.02,0.86,1.5,18.01,43.42,0,normal,
W003894,2026-09-15T12:00:00,guest:402_NS1,guest,18.95,24.24,1.39,-1.55,36.43,37.04,0.66,0.32,1.96,13.02,41.71,0,normal,
W003898,2026-09-15T12:30:00,guest:100_AD-Zentyal,guest,25.39,31.18,3.42,-0.74,69.03,72.63,0.1,0.14,0.93,13.96,45.26,0,normal,
W003899,2026-09-15T12:30:00,guest:101_win11,guest,26.57,36.72,2.61,0.05,59.09,60.83,0.36,0.15,1.34,18.65,41.71,0,normal,
W003900,2026-09-15T12:30:00,guest:402_NS1,guest,23.16,32.3,3.37,-0.76,36.52,38.4,0.84,0.3,1.02,10.89,41.14,0,normal,
W003897,2026-09-15T12:30:00,node:srvzy,node,20.5,28.8,2.16,-1.21,45.51,46.69,0.06,0.55,1.06,14.02,45.95,0,normal,
W003895,2026-09-15T12:30:00,node:dl380-01,node,34.0,39.22,3.47,1.73,58.71,62.07,0.33,0.19,1.45,16.42,47.67,0,normal,
W003896,2026-09-15T12:30:00,node:dl360-04,node,27.21,32.93,3.61,0.14,51.72,53.56,-0.14,0.07,1.19,11.28,51.7,0,normal,
W003901,2026-09-15T13:00:00,node:dl380-01,node,30.33,37.42,1.08,-0.8,53.58,56.98,0.04,0.36,0.73,18.31,51.15,0,normal,
W003902,2026-09-15T13:00:00,node:dl360-04,node,29.96,34.52,3.05,0.88,53.5,56.16,0.39,0.16,1.33,13.47,48.13,0,normal,
W003903,2026-09-15T13:00:00,node:srvzy,node,21.11,25.45,2.74,1.01,44.28,48.29,-0.21,0.1,1.01,13.2,45.27,0,normal,
W003904,2026-09-15T13:00:00,guest:100_AD-Zentyal,guest,24.69,28.34,1.82,1.83,67.16,68.89,0.64,0.24,0.55,10.85,42.78,0,normal,
W003905,2026-09-15T13:00:00,guest:101_win11,guest,21.98,24.46,2.12,1.36,62.26,64.92,-0.0,0.19,1.14,20.18,43.11,0,normal,
W003906,2026-09-15T13:00:00,guest:402_NS1,guest,18.11,23.64,2.23,0.66,35.56,37.96,0.23,0.37,0.73,14.38,42.11,0,normal,
W003912,2026-09-15T13:30:00,guest:402_NS1,guest,24.69,34.14,2.99,-1.19,38.37,40.44,0.02,0.31,1.1,12.23,40.62,0,normal,
W003911,2026-09-15T13:30:00,guest:101_win11,guest,33.91,40.03,2.96,-1.6,61.41,63.0,0.5,0.16,1.5,17.65,42.2,0,normal,
W003910,2026-09-15T13:30:00,guest:100_AD-Zentyal,guest,20.33,31.08,2.91,2.06,68.27,71.64,0.47,0.16,0.76,13.54,41.45,0,normal,
W003907,2026-09-15T13:30:00,node:dl380-01,node,32.47,36.47,3.74,0.22,54.02,54.69,0.48,0.26,0.91,18.22,48.67,0,normal,
W003908,2026-09-15T13:30:00,node:dl360-04,node,25.54,28.16,3.13,2.44,53.44,55.06,-0.09,0.31,0.32,14.9,52.77,0,normal,
W003909,2026-09-15T13:30:00,node:srvzy,node,28.93,38.2,4.43,2.02,46.44,48.47,0.14,0.03,0.89,16.53,46.47,0,normal,
W003917,2026-09-15T14:00:00,guest:101_win11,guest,27.32,28.69,2.07,0.39,58.84,60.99,0.21,0.38,1.44,14.46,41.91,0,normal,
W003918,2026-09-15T14:00:00,guest:402_NS1,guest,14.85,20.59,1.96,-0.14,33.27,33.75,0.2,0.03,0.75,12.51,41.66,0,normal,
W003916,2026-09-15T14:00:00,guest:100_AD-Zentyal,guest,22.69,34.19,1.71,-0.62,65.27,68.37,0.57,0.57,1.9,13.21,45.51,0,normal,
W003913,2026-09-15T14:00:00,node:dl380-01,node,26.97,33.87,0.5,0.87,57.91,59.61,0.41,0.25,1.22,9.13,45.64,0,normal,
W003914,2026-09-15T14:00:00,node:dl360-04,node,29.18,36.44,3.45,-0.21,52.44,55.23,-0.05,0.42,0.77,10.03,51.2,0,normal,
W003915,2026-09-15T14:00:00,node:srvzy,node,25.71,29.58,3.15,-1.23,42.95,45.19,-0.27,0.2,0.44,17.52,46.82,0,normal,
W003919,2026-09-15T14:30:00,node:dl380-01,node,33.3,39.38,3.05,-1.32,55.41,58.53,-0.09,0.37,0.97,16.37,45.27,0,normal,
W003920,2026-09-15T14:30:00,node:dl360-04,node,34.03,38.66,1.25,-1.27,51.53,53.42,0.06,0.06,1.21,13.43,51.14,0,normal,
W003921,2026-09-15T14:30:00,node:srvzy,node,22.21,30.2,2.47,-0.65,43.42,46.64,0.42,0.37,1.23,21.94,47.7,0,normal,
W003922,2026-09-15T14:30:00,guest:100_AD-Zentyal,guest,26.63,32.03,2.86,-3.65,68.85,69.58,-0.29,0.02,0.53,13.98,44.33,0,normal,
W003923,2026-09-15T14:30:00,guest:101_win11,guest,32.51,44.34,2.6,-0.26,61.4,62.55,-0.39,0.23,1.01,8.8,44.6,0,normal,
W003924,2026-09-15T14:30:00,guest:402_NS1,guest,20.84,29.23,0.93,-0.8,35.71,37.51,-0.01,0.47,1.31,12.78,46.28,0,normal,
W003929,2026-09-15T15:00:00,guest:101_win11,guest,25.87,27.57,3.79,-1.33,62.59,65.55,0.09,0.53,0.95,12.53,44.28,0,normal,
W003930,2026-09-15T15:00:00,guest:402_NS1,guest,16.44,18.46,2.18,-1.06,40.29,43.06,-0.23,0.1,1.04,18.39,43.33,0,normal,
W003928,2026-09-15T15:00:00,guest:100_AD-Zentyal,guest,26.9,33.88,1.24,0.64,67.6,69.56,-0.97,0.49,1.38,16.04,37.81,0,normal,
W003927,2026-09-15T15:00:00,node:srvzy,node,15.98,16.41,0.64,-1.63,42.57,44.12,-0.03,0.29,1.07,18.26,44.38,0,normal,
W003926,2026-09-15T15:00:00,node:dl360-04,node,25.79,34.66,3.44,-1.38,52.46,54.66,-0.03,0.2,0.94,17.65,52.51,0,normal,
W003925,2026-09-15T15:00:00,node:dl380-01,node,31.8,35.08,0.61,0.11,58.18,59.04,0.25,0.32,0.41,16.71,48.5,0,normal,
W003931,2026-09-15T15:30:00,node:dl380-01,node,29.4,31.09,2.12,0.38,56.08,59.09,0.21,0.35,1.35,10.66,48.15,0,normal,
W003932,2026-09-15T15:30:00,node:dl360-04,node,26.09,33.24,1.47,0.1,51.64,54.24,-0.48,0.39,0.76,11.94,51.68,0,normal,
W003933,2026-09-15T15:30:00,node:srvzy,node,26.91,30.38,0.72,-1.13,43.24,47.11,0.16,0.15,0.89,19.54,46.54,0,normal,
W003934,2026-09-15T15:30:00,guest:100_AD-Zentyal,guest,24.93,29.71,3.2,-0.63,68.5,71.56,0.25,0.26,0.5,14.16,41.89,0,normal,
W003935,2026-09-15T15:30:00,guest:101_win11,guest,25.0,30.28,2.98,-0.75,57.46,58.5,0.68,0.41,0.83,18.7,42.54,0,normal,
W003936,2026-09-15T15:30:00,guest:402_NS1,guest,27.7,34.49,3.07,1.0,39.61,41.17,0.56,0.18,0.83,14.86,44.28,0,normal,
W003941,2026-09-15T16:00:00,guest:101_win11,guest,23.39,32.66,2.79,-1.08,60.61,62.96,-0.04,0.38,1.43,17.07,42.76,0,normal,
W003940,2026-09-15T16:00:00,guest:100_AD-Zentyal,guest,24.63,25.25,4.21,0.78,66.79,68.89,0.67,0.15,0.56,16.88,43.29,0,normal,
W003942,2026-09-15T16:00:00,guest:402_NS1,guest,17.98,24.7,3.69,0.76,36.14,38.2,0.67,0.45,1.31,17.75,41.78,0,normal,
W003938,2026-09-15T16:00:00,node:dl360-04,node,26.61,33.92,3.1,-0.75,51.13,54.09,0.4,0.23,0.79,10.22,51.98,0,normal,
W003937,2026-09-15T16:00:00,node:dl380-01,node,30.77,41.72,3.83,0.05,54.99,57.99,-0.84,0.45,0.92,18.1,46.52,0,normal,
W003939,2026-09-15T16:00:00,node:srvzy,node,24.77,31.23,1.58,2.14,39.95,42.82,0.09,0.39,0.88,13.87,47.04,0,normal,
W003947,2026-09-15T16:30:00,guest:101_win11,guest,30.85,39.05,2.17,-1.19,57.7,60.98,0.17,0.33,1.33,8.48,42.11,0,normal,
W003946,2026-09-15T16:30:00,guest:100_AD-Zentyal,guest,27.73,32.97,3.76,-3.29,69.33,70.22,0.04,0.14,1.54,13.64,41.78,0,normal,
W003948,2026-09-15T16:30:00,guest:402_NS1,guest,17.89,26.83,1.03,1.26,39.96,40.24,0.01,0.4,1.55,7.84,43.1,0,normal,
W003944,2026-09-15T16:30:00,node:dl360-04,node,21.57,23.53,2.39,0.57,52.66,54.65,0.29,0.39,1.14,15.94,50.63,0,normal,
W003943,2026-09-15T16:30:00,node:dl380-01,node,33.08,44.71,3.15,1.95,56.58,58.11,0.46,0.07,0.94,17.42,49.44,0,normal,
W003945,2026-09-15T16:30:00,node:srvzy,node,24.16,27.62,2.99,0.56,43.19,45.83,0.62,0.1,1.28,17.59,46.29,0,normal,
W003949,2026-09-15T17:00:00,node:dl380-01,node,29.89,35.04,4.57,-0.26,57.22,59.1,0.1,0.41,1.57,11.2,48.35,0,normal,
W003950,2026-09-15T17:00:00,node:dl360-04,node,28.31,29.37,1.55,1.07,50.58,55.2,0.39,0.39,1.79,15.85,51.4,0,normal,
W003951,2026-09-15T17:00:00,node:srvzy,node,15.71,23.7,3.9,-0.71,40.13,41.06,0.7,0.32,1.7,13.59,45.38,0,normal,
W003952,2026-09-15T17:00:00,guest:100_AD-Zentyal,guest,31.13,36.01,2.25,0.55,65.89,68.67,0.18,0.4,0.95,8.55,40.87,0,normal,
W003953,2026-09-15T17:00:00,guest:101_win11,guest,23.05,29.93,1.68,-1.76,57.35,59.74,0.27,0.2,0.84,15.38,42.37,0,normal,
W003954,2026-09-15T17:00:00,guest:402_NS1,guest,21.81,27.34,1.67,1.3,35.85,37.07,0.36,0.59,1.46,10.52,44.42,0,normal,
W003959,2026-09-15T17:30:00,guest:101_win11,guest,27.9,38.65,1.66,-0.51,60.87,63.7,0.44,0.5,0.69,12.1,43.06,0,normal,
W003958,2026-09-15T17:30:00,guest:100_AD-Zentyal,guest,26.13,28.84,2.62,-0.55,67.08,67.14,-0.16,0.41,1.49,13.44,38.88,0,normal,
W003960,2026-09-15T17:30:00,guest:402_NS1,guest,17.36,24.45,2.37,-0.52,35.98,36.86,-0.29,0.29,1.07,15.24,41.69,0,normal,
W003956,2026-09-15T17:30:00,node:dl360-04,node,24.57,32.46,3.89,0.41,50.07,52.38,-0.55,0.11,0.8,13.72,49.32,0,normal,
W003955,2026-09-15T17:30:00,node:dl380-01,node,31.98,38.63,2.1,1.36,54.42,55.22,0.76,0.13,1.31,17.67,48.44,0,normal,
W003957,2026-09-15T17:30:00,node:srvzy,node,21.53,29.1,2.29,-2.59,43.6,47.42,0.18,0.3,0.95,15.27,46.43,0,normal,
W003961,2026-09-15T18:00:00,node:dl380-01,node,34.87,44.55,2.0,0.24,58.18,59.54,-0.3,0.56,1.64,15.72,47.97,0,normal,
W003962,2026-09-15T18:00:00,node:dl360-04,node,25.11,27.08,2.64,1.48,53.24,56.31,0.31,0.74,0.92,13.19,49.09,0,normal,
W003963,2026-09-15T18:00:00,node:srvzy,node,24.43,28.78,3.51,-0.54,43.76,45.65,-0.01,0.37,1.53,12.17,46.84,0,normal,
W003964,2026-09-15T18:00:00,guest:100_AD-Zentyal,guest,25.63,30.38,4.39,0.89,65.22,67.84,0.42,0.42,1.3,2.15,40.05,0,normal,
W003965,2026-09-15T18:00:00,guest:101_win11,guest,26.38,29.41,3.01,1.06,58.8,59.03,-0.29,0.44,1.74,6.26,41.62,0,normal,
W003966,2026-09-15T18:00:00,guest:402_NS1,guest,10.86,17.14,2.34,2.83,35.03,38.08,0.4,0.26,1.11,12.5,40.38,0,normal,
W003971,2026-09-15T18:30:00,guest:101_win11,guest,20.14,26.83,4.85,1.61,58.99,62.55,0.47,0.08,1.3,12.86,40.2,0,normal,
W003970,2026-09-15T18:30:00,guest:100_AD-Zentyal,guest,20.49,27.49,2.46,-1.47,67.37,70.44,-0.11,0.46,2.07,17.08,41.14,0,normal,
W003972,2026-09-15T18:30:00,guest:402_NS1,guest,16.32,23.56,1.71,-0.14,35.4,38.2,-0.12,0.04,0.66,9.66,39.56,0,normal,
W003968,2026-09-15T18:30:00,node:dl360-04,node,24.3,27.35,2.05,-0.22,53.06,55.75,-0.0,0.68,1.47,16.74,52.33,0,normal,
W003967,2026-09-15T18:30:00,node:dl380-01,node,26.09,30.86,1.36,-0.6,55.65,57.81,0.18,0.26,0.75,13.78,48.69,0,normal,
W003969,2026-09-15T18:30:00,node:srvzy,node,23.03,29.99,2.62,0.01,44.53,45.74,-0.11,0.63,1.68,15.36,43.67,0,normal,
W003977,2026-09-15T19:00:00,guest:101_win11,guest,15.62,21.77,2.56,1.08,57.9,58.92,-0.39,0.59,1.5,15.47,43.08,0,normal,
W003976,2026-09-15T19:00:00,guest:100_AD-Zentyal,guest,18.83,25.09,0.5,0.81,65.67,67.75,0.29,0.22,1.04,13.89,40.86,0,normal,
W003978,2026-09-15T19:00:00,guest:402_NS1,guest,11.47,15.01,2.37,0.74,32.99,35.45,0.16,0.07,0.44,12.63,43.89,0,normal,
W003974,2026-09-15T19:00:00,node:dl360-04,node,24.32,34.16,0.5,0.39,48.4,51.8,0.33,0.46,0.92,12.09,50.34,0,normal,
W003973,2026-09-15T19:00:00,node:dl380-01,node,31.2,39.61,1.53,-1.52,55.33,56.01,-0.1,0.31,1.24,12.31,45.61,0,normal,
W003975,2026-09-15T19:00:00,node:srvzy,node,8.77,15.21,3.11,-1.7,43.6,45.7,0.55,0.22,1.09,12.32,40.57,0,normal,
W003979,2026-09-15T19:30:00,node:dl380-01,node,26.04,33.03,1.89,0.28,54.39,56.13,0.98,0.32,0.5,13.22,48.47,0,normal,
W003980,2026-09-15T19:30:00,node:dl360-04,node,26.43,31.9,1.58,-1.07,50.18,51.81,-0.22,0.54,1.71,15.1,48.59,0,normal,
W003981,2026-09-15T19:30:00,node:srvzy,node,13.85,20.08,2.91,0.09,43.14,46.73,-0.09,0.46,1.47,11.58,45.92,0,normal,
W003982,2026-09-15T19:30:00,guest:100_AD-Zentyal,guest,17.38,20.48,2.93,-1.97,66.44,67.31,0.61,0.22,1.6,10.66,40.4,0,normal,
W003983,2026-09-15T19:30:00,guest:101_win11,guest,25.1,31.98,2.43,-0.48,57.81,62.16,-0.67,0.06,1.33,14.6,39.39,0,normal,
W003984,2026-09-15T19:30:00,guest:402_NS1,guest,7.94,17.75,1.45,-0.59,35.69,36.62,0.37,0.3,0.75,8.91,42.72,0,normal,
W003989,2026-09-15T20:00:00,guest:101_win11,guest,27.47,38.0,0.86,0.43,55.67,57.37,-0.75,0.01,0.47,8.36,40.06,0,normal,
W003988,2026-09-15T20:00:00,guest:100_AD-Zentyal,guest,22.55,25.65,2.68,-1.36,65.5,66.85,0.07,0.06,0.2,19.29,40.1,0,normal,
W003990,2026-09-15T20:00:00,guest:402_NS1,guest,8.37,14.82,3.64,0.33,34.88,37.22,-0.57,0.49,0.81,14.66,41.16,0,normal,
W003986,2026-09-15T20:00:00,node:dl360-04,node,16.99,23.32,2.05,-1.53,49.85,52.42,0.07,0.34,1.31,4.93,48.92,0,normal,
W003987,2026-09-15T20:00:00,node:srvzy,node,15.84,20.71,1.67,-0.9,41.47,44.39,0.61,0.56,0.74,7.18,44.99,0,normal,
W003985,2026-09-15T20:00:00,node:dl380-01,node,24.02,31.87,2.49,-2.11,56.34,59.42,0.74,0.08,0.54,11.92,45.1,0,normal,
W003991,2026-09-15T20:30:00,node:dl380-01,node,26.95,34.75,2.5,-0.94,53.3,57.06,0.04,0.08,1.08,11.03,45.51,0,normal,
W003992,2026-09-15T20:30:00,node:dl360-04,node,18.86,27.06,3.45,0.39,50.13,51.35,0.19,0.17,0.46,13.38,47.46,0,normal,
W003993,2026-09-15T20:30:00,node:srvzy,node,8.36,18.29,0.76,-0.47,40.03,41.3,0.89,0.28,1.22,12.37,43.03,0,normal,
W003994,2026-09-15T20:30:00,guest:100_AD-Zentyal,guest,21.76,28.89,3.25,-0.87,65.8,67.79,0.45,0.19,1.8,11.02,39.81,0,normal,
W003995,2026-09-15T20:30:00,guest:101_win11,guest,19.15,25.13,1.87,0.8,57.98,61.92,-0.17,0.28,0.9,15.61,37.83,0,normal,
W003996,2026-09-15T20:30:00,guest:402_NS1,guest,12.33,19.27,1.37,3.17,33.32,35.36,0.67,0.22,1.08,8.97,39.92,0,normal,
W003997,2026-09-15T21:00:00,node:dl380-01,node,26.71,31.45,0.5,-0.04,54.6,56.79,-0.07,0.13,0.83,14.0,45.16,0,normal,
W003998,2026-09-15T21:00:00,node:dl360-04,node,22.21,25.11,2.21,-1.2,51.81,52.26,0.15,0.37,1.28,1.67,45.19,0,normal,
W003999,2026-09-15T21:00:00,node:srvzy,node,13.34,16.57,1.86,-0.51,39.59,40.36,-0.0,0.08,0.68,6.7,43.19,0,normal,
W004000,2026-09-15T21:00:00,guest:100_AD-Zentyal,guest,24.28,27.34,2.91,0.26,65.49,67.28,0.58,0.44,1.52,4.46,39.37,0,normal,
W004001,2026-09-15T21:00:00,guest:101_win11,guest,16.14,19.56,1.87,-0.07,58.3,61.29,0.37,0.36,1.18,7.73,38.85,0,normal,
W004002,2026-09-15T21:00:00,guest:402_NS1,guest,7.2,11.91,2.85,1.85,34.21,35.41,0.39,0.1,1.32,4.41,40.21,0,normal,
W004008,2026-09-15T21:30:00,guest:402_NS1,guest,11.5,12.87,2.95,-0.34,34.77,37.1,0.11,0.58,1.4,9.27,41.22,0,normal,
W004006,2026-09-15T21:30:00,guest:100_AD-Zentyal,guest,13.06,20.42,1.05,0.32,63.85,65.07,0.24,0.29,1.01,10.92,42.08,0,normal,
W004007,2026-09-15T21:30:00,guest:101_win11,guest,18.89,19.48,0.94,0.08,59.33,61.46,0.2,0.29,1.47,10.56,37.69,0,normal,
W004005,2026-09-15T21:30:00,node:srvzy,node,16.56,23.26,4.96,-0.81,42.81,43.71,0.64,0.57,1.66,3.5,44.28,0,normal,
W004003,2026-09-15T21:30:00,node:dl380-01,node,21.26,28.23,4.58,-1.01,52.68,54.76,0.61,0.34,1.15,9.21,43.72,0,normal,
W004004,2026-09-15T21:30:00,node:dl360-04,node,20.56,25.38,3.82,0.96,47.1,48.82,0.21,0.1,0.47,7.32,48.74,0,normal,
W004009,2026-09-15T22:00:00,node:dl380-01,node,27.64,33.59,1.99,-0.56,54.81,56.61,-0.7,0.52,1.65,10.94,46.52,0,normal,
W004010,2026-09-15T22:00:00,node:dl360-04,node,18.67,25.45,3.51,-1.46,48.37,50.31,0.37,0.19,0.71,6.21,48.2,0,normal,
W004011,2026-09-15T22:00:00,node:srvzy,node,10.76,12.41,1.25,0.16,41.31,43.33,-0.19,0.46,1.41,8.5,43.06,0,normal,
W004012,2026-09-15T22:00:00,guest:100_AD-Zentyal,guest,19.59,22.52,2.08,-0.4,66.26,67.89,-0.32,0.28,1.12,11.09,37.93,0,normal,
W004013,2026-09-15T22:00:00,guest:101_win11,guest,13.59,16.86,2.16,3.08,57.69,60.29,-0.0,0.33,1.44,9.19,39.02,0,normal,
W004014,2026-09-15T22:00:00,guest:402_NS1,guest,8.06,13.0,2.92,0.1,37.84,40.89,-0.27,0.07,0.71,4.25,37.81,0,normal,
W004015,2026-09-15T22:30:00,node:dl380-01,node,17.61,22.63,2.18,0.18,53.63,54.73,0.49,0.38,0.96,4.84,42.3,0,normal,
W004016,2026-09-15T22:30:00,node:dl360-04,node,12.61,21.75,3.44,-0.7,51.46,54.08,0.08,0.47,1.52,7.96,47.14,0,normal,
W004017,2026-09-15T22:30:00,node:srvzy,node,10.62,11.8,1.7,2.16,39.51,39.66,0.36,0.35,1.27,7.03,43.87,0,normal,
W004018,2026-09-15T22:30:00,guest:100_AD-Zentyal,guest,19.35,23.79,3.13,1.34,62.96,66.47,0.45,0.05,1.49,3.93,37.47,0,normal,
W004019,2026-09-15T22:30:00,guest:101_win11,guest,18.39,27.52,2.6,-0.76,56.53,58.15,0.34,0.22,0.76,3.07,37.61,0,normal,
W004020,2026-09-15T22:30:00,guest:402_NS1,guest,7.59,10.19,0.76,1.18,32.2,32.89,0.63,0.47,1.68,9.02,40.47,0,normal,
W004024,2026-09-15T23:00:00,guest:100_AD-Zentyal,guest,2.0,12.15,4.14,0.78,62.01,62.75,-0.63,0.43,1.73,6.96,39.17,0,normal,
W004023,2026-09-15T23:00:00,node:srvzy,node,8.68,16.9,4.53,-0.33,40.56,42.12,-0.23,0.16,0.95,4.13,40.76,0,normal,
W004025,2026-09-15T23:00:00,guest:101_win11,guest,15.9,19.59,3.51,1.13,54.8,57.61,-0.06,0.25,1.2,7.54,39.21,0,normal,
W004021,2026-09-15T23:00:00,node:dl380-01,node,22.44,27.4,1.43,-1.54,53.33,54.23,-0.32,0.27,1.63,1.93,43.92,0,normal,
W004022,2026-09-15T23:00:00,node:dl360-04,node,11.96,16.29,3.43,-1.02,48.11,50.25,0.28,0.19,1.49,5.13,47.61,0,normal,
W004026,2026-09-15T23:00:00,guest:402_NS1,guest,3.37,11.07,1.34,-0.21,33.38,36.35,0.0,0.25,1.62,5.18,37.17,0,normal,
W004031,2026-09-15T23:30:00,guest:101_win11,guest,13.3,15.44,2.06,1.37,57.34,59.65,-0.64,0.36,1.14,8.08,39.95,0,normal,
W004030,2026-09-15T23:30:00,guest:100_AD-Zentyal,guest,12.42,19.91,3.59,0.0,65.7,67.29,0.22,0.38,1.15,7.43,36.57,0,normal,
W004032,2026-09-15T23:30:00,guest:402_NS1,guest,4.91,9.97,3.42,-0.72,33.74,33.75,-0.12,0.56,1.5,9.16,39.31,0,normal,
W004028,2026-09-15T23:30:00,node:dl360-04,node,21.61,31.63,1.21,-0.21,46.42,50.26,0.33,0.09,1.04,2.02,46.67,0,normal,
W004029,2026-09-15T23:30:00,node:srvzy,node,8.73,16.95,3.49,0.02,40.18,41.42,0.62,0.17,1.01,13.24,40.09,0,normal,
W004027,2026-09-15T23:30:00,node:dl380-01,node,12.78,18.12,1.56,-0.3,54.02,54.93,-0.33,0.02,0.62,3.63,47.09,0,normal,
W004033,2026-09-16T00:00:00,node:dl380-01,node,22.79,27.75,3.44,2.7,53.22,53.9,-0.24,0.39,0.53,3.38,42.91,0,normal,
W004034,2026-09-16T00:00:00,node:dl360-04,node,15.46,26.85,3.19,-1.34,55.23,57.21,-0.67,0.09,0.48,1.63,47.17,0,normal,
W004035,2026-09-16T00:00:00,node:srvzy,node,2.0,10.95,3.31,-0.55,41.92,42.82,-0.34,0.41,1.13,3.79,41.23,0,normal,
W004036,2026-09-16T00:00:00,guest:100_AD-Zentyal,guest,15.69,25.53,2.93,-0.43,64.21,65.34,0.47,0.49,2.06,3.26,36.01,0,normal,
W004037,2026-09-16T00:00:00,guest:101_win11,guest,15.0,20.18,3.5,1.58,59.33,61.39,0.35,0.2,1.08,5.51,37.24,0,normal,
W004038,2026-09-16T00:00:00,guest:402_NS1,guest,11.46,13.43,2.5,0.06,34.43,35.33,-0.12,0.18,0.28,9.16,35.2,0,normal,
W004039,2026-09-16T00:30:00,node:dl380-01,node,12.46,21.3,2.17,-0.36,52.76,55.84,-0.22,0.42,0.76,6.66,44.76,0,normal,
W004040,2026-09-16T00:30:00,node:dl360-04,node,19.99,21.34,2.2,1.92,49.93,51.73,0.0,0.36,1.01,7.31,47.14,0,normal,
W004041,2026-09-16T00:30:00,node:srvzy,node,4.17,8.7,2.05,-0.31,40.75,42.93,-0.29,0.57,1.37,10.06,43.56,0,normal,
W004042,2026-09-16T00:30:00,guest:100_AD-Zentyal,guest,7.36,11.89,2.08,0.38,64.58,66.72,-0.22,0.63,1.25,7.9,37.35,0,normal,
W004043,2026-09-16T00:30:00,guest:101_win11,guest,12.84,20.86,4.04,0.37,55.39,58.87,0.2,0.33,1.55,6.64,41.09,0,normal,
W004044,2026-09-16T00:30:00,guest:402_NS1,guest,5.08,14.53,2.94,0.53,32.62,34.26,0.2,0.13,0.7,5.72,39.26,0,normal,
W004050,2026-09-16T01:00:00,guest:402_NS1,guest,7.33,10.8,3.63,-0.04,30.58,32.05,-0.44,0.32,0.8,2.46,37.54,0,normal,
W004049,2026-09-16T01:00:00,guest:101_win11,guest,10.76,15.12,2.89,-1.56,57.26,59.13,-0.22,0.15,1.74,5.07,36.99,0,normal,
W004048,2026-09-16T01:00:00,guest:100_AD-Zentyal,guest,16.07,21.75,3.23,-0.39,63.7,65.25,-0.19,0.18,1.65,3.73,38.81,0,normal,
W004046,2026-09-16T01:00:00,node:dl360-04,node,16.09,19.94,1.46,-0.77,48.62,50.38,0.1,0.1,0.89,9.36,46.6,0,normal,
W004045,2026-09-16T01:00:00,node:dl380-01,node,17.55,23.75,1.44,2.03,55.06,58.28,-0.58,0.37,0.8,7.49,43.58,0,normal,
W004047,2026-09-16T01:00:00,node:srvzy,node,8.65,15.86,1.99,1.96,40.71,42.89,0.27,0.49,0.79,5.34,44.45,0,normal,
W004056,2026-09-16T01:30:00,guest:402_NS1,guest,4.64,13.18,4.06,1.52,30.71,32.1,-0.19,0.43,1.02,3.49,36.0,0,normal,
W004051,2026-09-16T01:30:00,node:dl380-01,node,17.43,27.05,3.66,0.07,53.97,54.56,0.28,0.38,1.56,4.25,42.66,0,normal,
W004052,2026-09-16T01:30:00,node:dl360-04,node,13.25,23.56,2.78,-1.8,49.23,50.76,0.43,0.41,1.7,8.29,47.51,0,normal,
W004053,2026-09-16T01:30:00,node:srvzy,node,11.24,19.69,1.81,-1.37,38.57,41.3,-0.89,0.3,0.99,8.84,40.93,0,normal,
W004054,2026-09-16T01:30:00,guest:100_AD-Zentyal,guest,8.98,18.93,2.41,-0.3,62.19,64.47,-0.13,0.23,1.61,5.32,36.43,0,normal,
W004055,2026-09-16T01:30:00,guest:101_win11,guest,8.79,15.39,1.94,-0.44,54.54,56.73,-0.52,0.38,0.96,7.32,37.83,0,normal,
W004057,2026-09-16T02:00:00,node:dl380-01,node,80.88,83.88,1.2,0.1,49.59,49.98,0.19,0.36,1.23,9.76,40.49,0,normal,
W004058,2026-09-16T02:00:00,node:dl360-04,node,10.07,10.43,1.89,0.7,48.53,51.56,0.15,0.22,0.81,6.31,43.7,0,normal,
W004059,2026-09-16T02:00:00,node:srvzy,node,2.0,9.17,2.73,1.88,41.25,43.56,-0.12,0.14,0.83,7.87,41.7,0,normal,
W004060,2026-09-16T02:00:00,guest:100_AD-Zentyal,guest,13.27,19.59,1.6,1.39,64.93,67.11,0.22,0.4,1.01,4.22,35.64,0,normal,
W004061,2026-09-16T02:00:00,guest:101_win11,guest,11.08,20.17,3.34,0.67,57.73,59.36,-0.47,0.27,1.04,7.03,37.77,0,normal,
W004062,2026-09-16T02:00:00,guest:402_NS1,guest,7.54,7.58,1.7,-0.11,33.86,37.96,-0.39,0.16,0.79,2.76,35.67,0,normal,
W004067,2026-09-16T02:30:00,guest:101_win11,guest,16.56,22.5,2.76,-0.49,56.2,57.95,-0.48,0.47,1.87,4.89,37.5,0,normal,
W004068,2026-09-16T02:30:00,guest:402_NS1,guest,7.02,12.59,2.69,-0.26,32.01,34.53,0.21,0.48,1.28,1.4,38.66,0,normal,
W004066,2026-09-16T02:30:00,guest:100_AD-Zentyal,guest,6.08,8.89,1.08,-0.68,63.67,67.15,0.36,0.38,1.2,6.17,37.68,0,normal,
W004063,2026-09-16T02:30:00,node:dl380-01,node,84.09,87.09,1.2,0.1,52.65,53.61,0.39,0.59,0.76,5.69,41.83,0,normal,
W004064,2026-09-16T02:30:00,node:dl360-04,node,13.7,15.68,3.71,-0.18,47.15,49.27,-0.35,0.26,0.33,2.07,44.54,0,normal,
W004065,2026-09-16T02:30:00,node:srvzy,node,5.14,5.87,2.0,-0.64,39.89,42.5,0.68,0.39,0.79,7.0,43.1,0,normal,
W004069,2026-09-16T03:00:00,node:dl380-01,node,86.15,89.15,1.2,0.1,52.68,55.3,-0.17,0.57,1.88,7.84,40.2,0,normal,
W004070,2026-09-16T03:00:00,node:dl360-04,node,13.44,24.48,1.9,-0.17,48.23,49.3,-0.65,0.18,2.16,0.16,43.62,0,normal,
W004071,2026-09-16T03:00:00,node:srvzy,node,9.27,11.0,0.89,-3.45,40.6,41.52,0.26,0.28,1.12,3.81,40.69,0,normal,
W004072,2026-09-16T03:00:00,guest:100_AD-Zentyal,guest,7.14,10.74,1.41,1.82,62.36,62.62,0.1,0.14,0.92,4.36,39.34,0,normal,
W004073,2026-09-16T03:00:00,guest:101_win11,guest,10.93,19.38,3.21,-1.64,56.41,57.65,-0.48,0.06,1.19,13.1,35.89,0,normal,
W004074,2026-09-16T03:00:00,guest:402_NS1,guest,5.03,11.96,1.97,1.69,37.02,38.42,0.69,0.19,0.6,4.75,38.41,0,normal,
W004080,2026-09-16T03:30:00,guest:402_NS1,guest,7.09,9.3,3.83,-0.06,35.84,38.35,0.48,0.26,0.45,6.86,38.57,0,normal,
W004079,2026-09-16T03:30:00,guest:101_win11,guest,23.05,29.51,1.65,-1.9,58.29,60.09,0.33,0.76,1.83,6.18,38.94,0,normal,
W004078,2026-09-16T03:30:00,guest:100_AD-Zentyal,guest,9.22,17.58,1.43,1.42,62.62,65.43,-0.08,0.2,0.72,10.37,36.66,0,normal,
W004075,2026-09-16T03:30:00,node:dl380-01,node,84.57,87.57,1.2,0.1,54.02,57.55,-0.34,0.26,1.06,2.61,41.59,0,normal,
W004076,2026-09-16T03:30:00,node:dl360-04,node,16.6,22.94,3.56,-1.32,47.36,48.18,0.06,0.4,1.73,1.64,46.66,0,normal,
W004077,2026-09-16T03:30:00,node:srvzy,node,12.3,15.29,1.26,-1.77,41.19,42.47,0.19,0.26,1.78,7.53,39.9,0,normal,
W004085,2026-09-16T04:00:00,guest:101_win11,guest,11.87,17.69,4.84,-0.6,58.76,62.08,0.32,0.13,0.99,4.5,40.42,0,normal,
W004086,2026-09-16T04:00:00,guest:402_NS1,guest,6.51,11.87,4.28,-0.42,34.26,36.96,0.14,0.28,1.41,3.78,39.07,0,normal,
W004084,2026-09-16T04:00:00,guest:100_AD-Zentyal,guest,16.13,18.95,2.02,-0.13,64.53,66.56,-0.05,0.01,0.36,6.25,36.63,0,normal,
W004081,2026-09-16T04:00:00,node:dl380-01,node,16.12,21.51,0.5,-0.19,51.02,53.53,0.13,0.3,1.63,6.39,43.69,0,normal,
W004082,2026-09-16T04:00:00,node:dl360-04,node,16.2,20.45,3.49,-1.1,49.03,52.25,-0.41,0.03,0.41,11.12,45.49,0,normal,
W004083,2026-09-16T04:00:00,node:srvzy,node,3.87,10.97,0.5,-1.15,42.81,43.86,-0.1,0.36,1.28,4.07,42.22,0,normal,
W004087,2026-09-16T04:30:00,node:dl380-01,node,17.09,27.1,3.55,0.66,53.11,56.21,0.23,0.34,0.82,6.18,43.82,0,normal,
W004088,2026-09-16T04:30:00,node:dl360-04,node,17.55,28.19,3.09,-2.5,48.62,51.84,0.04,0.34,0.94,8.52,45.87,0,normal,
W004089,2026-09-16T04:30:00,node:srvzy,node,10.15,17.43,2.55,0.58,40.63,43.91,0.27,0.51,1.0,3.19,41.5,0,normal,
W004090,2026-09-16T04:30:00,guest:100_AD-Zentyal,guest,13.69,21.29,1.75,0.94,62.14,64.81,0.11,0.25,0.84,6.07,37.53,0,normal,
W004091,2026-09-16T04:30:00,guest:101_win11,guest,9.41,17.22,3.66,1.03,56.84,58.39,0.05,0.27,1.12,8.48,37.24,0,normal,
W004092,2026-09-16T04:30:00,guest:402_NS1,guest,2.0,10.4,2.9,0.18,31.15,32.32,-0.29,0.18,0.79,2.12,40.63,0,normal,
W004097,2026-09-16T05:00:00,guest:101_win11,guest,15.68,21.16,4.85,0.25,58.41,60.74,0.51,0.23,0.61,8.76,38.33,0,normal,
W004098,2026-09-16T05:00:00,guest:402_NS1,guest,9.13,13.28,2.98,-1.91,32.72,34.02,0.2,0.2,0.45,4.76,38.78,0,normal,
W004096,2026-09-16T05:00:00,guest:100_AD-Zentyal,guest,12.05,16.07,3.13,-3.42,64.7,66.52,-0.22,0.68,1.36,1.61,38.56,0,normal,
W004093,2026-09-16T05:00:00,node:dl380-01,node,24.6,31.43,2.47,2.19,56.51,57.77,0.1,0.26,0.96,5.97,43.75,0,normal,
W004094,2026-09-16T05:00:00,node:dl360-04,node,17.08,23.73,3.94,-0.97,50.33,51.25,0.09,0.51,1.54,5.52,47.31,0,normal,
W004095,2026-09-16T05:00:00,node:srvzy,node,15.13,19.35,3.07,1.16,39.89,43.62,0.83,0.52,1.76,1.28,39.9,0,normal,
W004099,2026-09-16T05:30:00,node:dl380-01,node,19.8,23.57,3.34,1.88,55.22,55.53,0.09,0.27,0.29,2.59,45.08,0,normal,
W004100,2026-09-16T05:30:00,node:dl360-04,node,16.99,23.23,1.85,1.3,46.37,47.48,-0.13,0.01,0.45,9.65,45.61,0,normal,
W004101,2026-09-16T05:30:00,node:srvzy,node,12.08,19.98,2.33,-1.7,40.7,40.81,-0.21,0.35,1.5,6.01,40.97,0,normal,
W004102,2026-09-16T05:30:00,guest:100_AD-Zentyal,guest,9.94,14.53,3.12,0.42,63.55,66.18,0.0,0.03,0.39,8.27,35.82,0,normal,
W004103,2026-09-16T05:30:00,guest:101_win11,guest,13.01,18.67,1.47,-2.0,54.47,54.66,0.24,0.38,0.88,2.36,39.63,0,normal,
W004104,2026-09-16T05:30:00,guest:402_NS1,guest,7.88,12.02,3.69,0.17,34.16,35.12,-0.61,0.01,1.65,3.98,37.98,0,normal,
W004105,2026-09-16T06:00:00,node:dl380-01,node,22.61,28.55,2.35,-0.21,54.86,55.82,-0.18,0.16,0.22,3.61,45.78,0,normal,
W004106,2026-09-16T06:00:00,node:dl360-04,node,17.05,25.14,2.88,0.31,47.3,49.38,0.1,0.74,1.4,9.7,47.31,0,normal,
W004107,2026-09-16T06:00:00,node:srvzy,node,8.54,17.15,4.39,0.31,39.77,42.24,0.11,0.74,1.84,4.7,44.41,0,normal,
W004108,2026-09-16T06:00:00,guest:100_AD-Zentyal,guest,16.71,25.52,2.94,1.21,64.79,66.54,0.05,0.28,1.21,7.74,38.03,0,normal,
W004109,2026-09-16T06:00:00,guest:101_win11,guest,15.36,21.35,0.72,1.23,57.63,59.01,0.24,0.2,0.8,8.62,40.65,0,normal,
W004110,2026-09-16T06:00:00,guest:402_NS1,guest,8.98,12.65,2.15,1.02,34.73,37.69,0.16,0.45,2.06,3.44,42.11,0,normal,
W004116,2026-09-16T06:30:00,guest:402_NS1,guest,9.65,10.42,2.67,0.05,32.25,34.44,-0.49,0.29,0.59,13.65,39.79,0,normal,
W004115,2026-09-16T06:30:00,guest:101_win11,guest,15.81,19.76,2.43,-0.19,56.17,58.97,-0.56,0.37,0.8,4.96,37.36,0,normal,
W004114,2026-09-16T06:30:00,guest:100_AD-Zentyal,guest,14.73,24.41,3.52,-0.37,63.46,66.43,0.3,0.5,1.29,7.93,38.12,0,normal,
W004112,2026-09-16T06:30:00,node:dl360-04,node,19.59,24.03,2.37,-1.73,49.1,50.17,-0.01,0.08,0.88,10.2,46.61,0,normal,
W004113,2026-09-16T06:30:00,node:srvzy,node,7.73,16.08,3.41,0.51,40.16,41.53,-0.13,0.29,0.4,4.55,44.38,0,normal,
W004111,2026-09-16T06:30:00,node:dl380-01,node,24.28,38.15,1.52,0.46,54.29,57.17,0.19,0.37,1.48,7.18,43.73,0,normal,
W004117,2026-09-16T07:00:00,node:dl380-01,node,23.79,26.93,2.22,-0.28,54.92,57.32,0.09,0.37,1.1,9.73,44.27,0,normal,
W004118,2026-09-16T07:00:00,node:dl360-04,node,16.21,27.75,2.92,2.17,48.99,53.4,0.03,0.53,1.34,9.2,48.05,0,normal,
W004119,2026-09-16T07:00:00,node:srvzy,node,11.2,20.15,2.49,1.0,43.11,46.52,0.17,0.0,0.67,8.63,43.24,0,normal,
W004120,2026-09-16T07:00:00,guest:100_AD-Zentyal,guest,20.54,29.95,2.36,2.92,63.85,65.59,-0.44,0.01,0.34,11.75,40.34,0,normal,
W004121,2026-09-16T07:00:00,guest:101_win11,guest,14.84,21.14,3.31,-2.44,60.67,63.72,0.32,0.54,0.56,8.05,41.11,0,normal,
W004122,2026-09-16T07:00:00,guest:402_NS1,guest,9.9,18.13,3.95,0.84,34.02,36.59,-0.67,0.4,1.5,9.16,40.97,0,normal,
W004128,2026-09-16T07:30:00,guest:402_NS1,guest,9.99,19.26,2.94,1.42,31.62,34.07,-1.09,0.59,1.91,8.05,35.92,0,normal,
W004126,2026-09-16T07:30:00,guest:100_AD-Zentyal,guest,23.66,27.32,2.9,0.94,64.99,66.2,-0.34,0.45,1.71,8.88,37.41,0,normal,
W004127,2026-09-16T07:30:00,guest:101_win11,guest,18.35,29.23,1.6,-0.25,57.79,60.99,-0.17,0.42,1.82,4.59,37.42,0,normal,
W004125,2026-09-16T07:30:00,node:srvzy,node,12.61,21.84,3.15,-1.98,41.79,42.66,-0.18,0.24,1.38,8.96,42.69,0,normal,
W004123,2026-09-16T07:30:00,node:dl380-01,node,23.9,30.35,4.33,-1.15,56.99,60.3,0.34,0.22,1.16,6.29,44.38,0,normal,
W004124,2026-09-16T07:30:00,node:dl360-04,node,20.39,23.74,2.27,-1.32,50.66,54.29,0.88,0.09,0.55,8.56,49.46,0,normal,
W004129,2026-09-16T08:00:00,node:dl380-01,node,24.66,34.34,3.02,2.35,54.67,58.81,-0.76,0.17,0.5,12.54,44.35,0,normal,
W004130,2026-09-16T08:00:00,node:dl360-04,node,25.91,34.29,2.79,-0.01,48.3,51.01,-0.16,0.47,1.91,9.38,51.13,0,normal,
W004131,2026-09-16T08:00:00,node:srvzy,node,16.02,24.12,1.28,-0.7,40.93,44.38,-0.1,0.45,1.26,9.23,41.94,0,normal,
W004132,2026-09-16T08:00:00,guest:100_AD-Zentyal,guest,11.67,16.96,2.32,-0.93,65.44,69.51,0.64,0.32,1.16,12.11,40.46,0,normal,
W004133,2026-09-16T08:00:00,guest:101_win11,guest,22.46,29.47,2.65,-0.71,58.74,58.95,0.12,0.1,1.03,7.21,41.99,0,normal,
W004134,2026-09-16T08:00:00,guest:402_NS1,guest,12.48,18.62,2.95,-0.98,37.1,39.85,-0.2,0.1,0.75,9.68,38.37,0,normal,
W004139,2026-09-16T08:30:00,guest:101_win11,guest,15.26,17.87,1.13,-0.79,59.12,61.04,-0.23,0.27,0.29,11.72,36.63,0,normal,
W004138,2026-09-16T08:30:00,guest:100_AD-Zentyal,guest,17.52,24.5,2.06,-0.46,63.81,66.42,0.27,0.19,1.29,5.72,39.74,0,normal,
W004140,2026-09-16T08:30:00,guest:402_NS1,guest,9.52,15.29,2.95,0.29,34.91,38.37,0.81,0.3,1.06,9.52,39.08,0,normal,
W004136,2026-09-16T08:30:00,node:dl360-04,node,20.74,25.03,2.62,-0.76,50.99,53.71,-0.55,0.34,0.63,11.44,48.3,0,normal,
W004135,2026-09-16T08:30:00,node:dl380-01,node,23.4,27.63,2.3,-0.23,55.88,57.91,0.16,0.35,1.07,12.05,41.88,0,normal,
W004137,2026-09-16T08:30:00,node:srvzy,node,12.19,13.05,2.41,-1.39,39.33,41.52,0.39,0.38,0.61,9.59,45.02,0,normal,
W004145,2026-09-16T09:00:00,guest:101_win11,guest,22.1,28.52,2.68,0.69,56.25,58.76,-0.61,0.26,1.85,8.48,40.1,0,normal,
W004144,2026-09-16T09:00:00,guest:100_AD-Zentyal,guest,17.98,26.12,2.98,-0.13,66.88,67.34,-0.02,0.15,0.9,9.89,40.87,0,normal,
W004146,2026-09-16T09:00:00,guest:402_NS1,guest,7.55,12.18,2.71,0.29,33.35,34.9,0.15,0.35,1.2,13.58,40.61,0,normal,
W004142,2026-09-16T09:00:00,node:dl360-04,node,21.78,29.1,1.46,-1.4,51.96,55.06,-0.3,0.07,0.52,11.89,48.03,0,normal,
W004141,2026-09-16T09:00:00,node:dl380-01,node,28.39,38.2,0.5,-0.2,58.2,60.59,0.17,0.02,1.1,14.32,47.08,0,normal,
W004143,2026-09-16T09:00:00,node:srvzy,node,21.56,26.17,2.87,-0.89,43.57,46.23,-0.67,0.16,0.9,9.72,46.08,0,normal,
W004147,2026-09-16T09:30:00,node:dl380-01,node,31.94,37.06,3.19,0.88,52.57,55.01,-0.26,0.1,0.73,11.78,44.43,0,normal,
W004148,2026-09-16T09:30:00,node:dl360-04,node,24.16,29.51,3.54,-0.76,52.66,55.05,-0.01,0.55,2.12,10.66,48.67,0,normal,
W004149,2026-09-16T09:30:00,node:srvzy,node,18.57,20.3,1.2,1.57,43.55,44.69,1.25,0.02,1.07,8.9,47.45,0,normal,
W004150,2026-09-16T09:30:00,guest:100_AD-Zentyal,guest,18.21,23.36,0.69,2.5,64.41,66.89,0.0,0.19,0.28,10.61,40.37,0,normal,
W004151,2026-09-16T09:30:00,guest:101_win11,guest,23.19,35.62,3.14,1.03,57.97,58.66,-0.11,0.15,0.93,9.81,38.26,0,normal,
W004152,2026-09-16T09:30:00,guest:402_NS1,guest,18.5,24.08,2.17,-1.33,34.66,35.8,-0.48,0.33,0.95,13.54,40.24,0,normal,
W004158,2026-09-16T10:00:00,guest:402_NS1,guest,21.49,24.82,2.41,-1.88,37.46,40.57,0.35,0.28,0.48,12.24,40.48,0,normal,
W004157,2026-09-16T10:00:00,guest:101_win11,guest,15.84,21.87,3.01,-1.82,55.43,56.94,-0.25,0.57,1.38,14.7,41.81,0,normal,
W004156,2026-09-16T10:00:00,guest:100_AD-Zentyal,guest,20.68,30.33,2.29,0.65,65.23,66.55,0.31,0.52,0.81,15.93,40.04,0,normal,
W004155,2026-09-16T10:00:00,node:srvzy,node,16.01,20.85,2.41,0.4,41.55,42.25,-0.85,0.45,1.63,6.47,45.61,0,normal,
W004154,2026-09-16T10:00:00,node:dl360-04,node,29.7,34.8,3.41,-0.83,50.17,52.3,0.34,0.19,1.27,13.19,51.01,0,normal,
W004153,2026-09-16T10:00:00,node:dl380-01,node,29.4,35.66,2.88,-1.01,57.62,58.44,0.02,0.06,0.81,15.17,48.33,0,normal,
W004159,2026-09-16T10:30:00,node:dl380-01,node,32.23,36.95,2.05,2.61,57.44,60.51,-0.2,0.08,1.31,16.98,45.57,0,normal,
W004160,2026-09-16T10:30:00,node:dl360-04,node,24.19,27.45,2.98,1.3,50.34,51.97,-0.78,0.11,1.51,13.98,51.89,0,normal,
W004161,2026-09-16T10:30:00,node:srvzy,node,17.72,22.9,2.52,0.39,45.48,46.8,-0.06,0.14,0.15,15.26,48.12,0,normal,
W004162,2026-09-16T10:30:00,guest:100_AD-Zentyal,guest,24.68,31.37,4.35,0.55,67.44,69.59,0.12,0.27,1.41,9.23,42.13,0,normal,
W004163,2026-09-16T10:30:00,guest:101_win11,guest,21.01,28.54,4.89,0.84,61.11,64.02,-0.93,0.27,1.25,6.23,41.07,0,normal,
W004164,2026-09-16T10:30:00,guest:402_NS1,guest,15.72,18.03,1.53,1.6,29.55,31.83,0.47,0.29,1.66,11.22,40.14,0,normal,
W004169,2026-09-16T11:00:00,guest:101_win11,guest,29.39,30.18,2.7,0.65,60.22,62.0,-0.24,0.45,1.39,7.85,41.79,0,normal,
W004168,2026-09-16T11:00:00,guest:100_AD-Zentyal,guest,19.45,19.88,3.47,-2.69,65.51,66.7,-0.37,0.21,0.59,9.89,42.5,0,normal,
W004170,2026-09-16T11:00:00,guest:402_NS1,guest,17.85,20.57,2.26,0.59,34.93,37.16,-0.4,0.05,1.1,17.06,40.35,0,normal,
W004166,2026-09-16T11:00:00,node:dl360-04,node,28.38,36.38,3.25,0.26,52.38,54.32,0.18,0.39,0.9,10.31,53.15,0,normal,
W004165,2026-09-16T11:00:00,node:dl380-01,node,30.62,35.48,1.93,-0.22,54.99,56.15,-0.45,0.38,0.78,9.81,46.51,0,normal,
W004167,2026-09-16T11:00:00,node:srvzy,node,21.1,30.25,1.4,-0.49,40.94,43.58,-0.25,0.19,1.77,15.53,47.1,0,normal,
W004175,2026-09-16T11:30:00,guest:101_win11,guest,37.64,43.03,4.15,-3.1,58.93,61.88,0.01,0.17,0.96,16.49,45.34,0,normal,
W004174,2026-09-16T11:30:00,guest:100_AD-Zentyal,guest,20.38,28.31,2.62,0.43,66.03,67.43,-0.39,0.42,1.19,10.3,42.46,0,normal,
W004176,2026-09-16T11:30:00,guest:402_NS1,guest,21.39,25.87,2.27,-0.27,34.85,36.7,-0.11,0.06,1.2,14.8,41.16,0,normal,
W004172,2026-09-16T11:30:00,node:dl360-04,node,24.8,31.1,2.95,0.85,53.31,54.87,0.26,0.11,0.88,15.04,52.58,0,normal,
W004171,2026-09-16T11:30:00,node:dl380-01,node,33.99,39.95,0.5,-1.72,57.51,57.89,-0.25,0.28,1.26,14.09,50.47,0,normal,
W004173,2026-09-16T11:30:00,node:srvzy,node,22.65,28.92,2.42,0.66,47.35,50.21,0.15,0.03,0.49,12.56,47.49,0,normal,
W004177,2026-09-16T12:00:00,node:dl380-01,node,32.45,35.55,1.95,0.83,57.58,59.07,0.12,0.29,0.69,13.83,49.25,0,normal,
W004178,2026-09-16T12:00:00,node:dl360-04,node,30.0,30.92,2.67,0.03,48.32,49.51,0.2,0.58,0.72,17.27,48.78,0,normal,
W004179,2026-09-16T12:00:00,node:srvzy,node,26.82,32.1,1.79,0.43,42.0,44.52,-0.05,0.46,0.94,14.9,48.2,0,normal,
W004180,2026-09-16T12:00:00,guest:100_AD-Zentyal,guest,26.09,35.24,1.61,0.87,68.07,68.44,0.44,0.37,1.05,13.43,41.04,0,normal,
W004181,2026-09-16T12:00:00,guest:101_win11,guest,29.14,36.04,3.08,0.09,60.1,61.81,0.43,0.42,1.29,13.93,39.95,0,normal,
W004182,2026-09-16T12:00:00,guest:402_NS1,guest,11.98,16.88,3.77,-0.85,35.53,36.56,-0.52,0.12,1.03,12.85,41.79,0,normal,
W004187,2026-09-16T12:30:00,guest:101_win11,guest,26.47,33.32,1.43,-0.92,59.47,62.65,0.09,0.19,0.9,12.33,41.98,0,normal,
W004188,2026-09-16T12:30:00,guest:402_NS1,guest,21.46,21.7,3.81,2.63,37.02,38.19,0.47,0.36,0.95,11.41,41.99,0,normal,
W004185,2026-09-16T12:30:00,node:srvzy,node,22.5,27.85,3.98,1.57,45.25,48.46,-0.15,0.35,1.05,11.34,46.72,0,normal,
W004184,2026-09-16T12:30:00,node:dl360-04,node,36.11,42.25,2.59,0.62,50.75,51.8,0.02,0.03,0.99,16.02,49.19,0,normal,
W004183,2026-09-16T12:30:00,node:dl380-01,node,29.74,36.45,2.89,-2.24,55.36,57.27,0.18,0.33,1.45,10.09,49.22,0,normal,
W004186,2026-09-16T12:30:00,guest:100_AD-Zentyal,guest,24.64,30.03,2.44,0.07,68.33,69.75,-0.51,0.44,1.58,15.4,40.89,0,normal,
W004189,2026-09-16T13:00:00,node:dl380-01,node,33.4,42.09,2.78,0.54,56.33,59.19,-0.08,0.67,1.21,16.01,52.18,0,normal,
W004190,2026-09-16T13:00:00,node:dl360-04,node,33.37,41.61,2.8,0.06,51.62,53.06,-0.61,0.43,0.61,16.78,51.43,0,normal,
W004191,2026-09-16T13:00:00,node:srvzy,node,19.38,29.6,1.05,-0.8,42.9,45.05,-0.25,0.59,0.84,27.09,45.31,0,normal,
W004192,2026-09-16T13:00:00,guest:100_AD-Zentyal,guest,36.07,45.35,2.39,0.27,66.25,68.6,-0.29,0.44,1.31,11.86,43.54,0,normal,
W004193,2026-09-16T13:00:00,guest:101_win11,guest,29.01,32.85,2.07,0.61,61.9,63.75,0.37,0.53,1.85,16.08,41.55,0,normal,
W004194,2026-09-16T13:00:00,guest:402_NS1,guest,22.85,28.27,3.01,-0.75,35.85,37.15,-0.53,0.18,0.57,16.53,41.3,0,normal,
W004199,2026-09-16T13:30:00,guest:101_win11,guest,24.85,32.39,3.6,-0.11,61.71,63.64,-0.27,0.03,0.94,15.72,44.37,0,normal,
W004200,2026-09-16T13:30:00,guest:402_NS1,guest,22.82,35.03,1.92,0.43,35.69,38.62,-0.37,0.48,0.99,17.13,44.71,0,normal,
W004198,2026-09-16T13:30:00,guest:100_AD-Zentyal,guest,27.77,32.82,0.79,1.21,66.23,67.92,0.89,0.32,0.91,13.09,43.87,0,normal,
W004197,2026-09-16T13:30:00,node:srvzy,node,16.9,21.61,0.96,1.49,43.57,46.19,-0.2,0.46,0.48,14.68,47.65,0,normal,
W004196,2026-09-16T13:30:00,node:dl360-04,node,36.21,40.37,2.09,-0.57,53.78,55.71,0.6,0.39,1.55,9.38,49.35,0,normal,
W004195,2026-09-16T13:30:00,node:dl380-01,node,30.38,36.39,4.31,-0.83,54.44,55.13,-0.34,0.17,1.89,17.73,48.43,0,normal,
W004201,2026-09-16T14:00:00,node:dl380-01,node,27.56,29.52,2.73,0.15,56.47,58.0,-0.34,0.37,0.78,16.1,48.14,0,normal,
W004202,2026-09-16T14:00:00,node:dl360-04,node,28.52,38.17,3.45,-1.2,50.43,53.21,-0.57,0.59,1.44,13.27,52.02,0,normal,
W004203,2026-09-16T14:00:00,node:srvzy,node,27.76,28.16,3.53,1.43,43.42,45.35,0.05,0.45,0.95,14.96,46.85,0,normal,
W004204,2026-09-16T14:00:00,guest:100_AD-Zentyal,guest,28.38,42.4,1.77,0.09,65.63,67.14,-0.43,0.01,1.28,16.07,43.14,0,normal,
W004205,2026-09-16T14:00:00,guest:101_win11,guest,24.94,30.72,1.34,-0.03,60.6,62.06,-0.3,0.2,1.33,15.6,40.59,0,normal,
W004206,2026-09-16T14:00:00,guest:402_NS1,guest,22.53,30.16,2.69,1.97,37.04,39.47,0.19,0.48,1.19,13.07,44.46,0,normal,
W004210,2026-09-16T14:30:00,guest:100_AD-Zentyal,guest,23.5,35.09,2.06,0.24,68.41,70.2,0.01,0.4,0.86,10.39,41.9,0,normal,
W004209,2026-09-16T14:30:00,node:srvzy,node,21.68,27.59,4.17,-1.78,45.15,47.68,-0.12,0.3,1.26,14.12,46.04,0,normal,
W004211,2026-09-16T14:30:00,guest:101_win11,guest,34.05,38.32,2.63,-1.59,62.42,64.11,-0.18,0.27,2.08,16.32,42.76,0,normal,
W004207,2026-09-16T14:30:00,node:dl380-01,node,36.22,46.05,2.92,-1.98,57.3,59.33,0.49,0.51,1.56,8.78,47.76,0,normal,
W004208,2026-09-16T14:30:00,node:dl360-04,node,28.73,33.7,2.67,1.78,53.4,54.48,-0.33,0.12,0.87,17.42,53.45,0,normal,
W004212,2026-09-16T14:30:00,guest:402_NS1,guest,9.91,19.97,1.81,-1.02,35.63,39.09,-0.02,0.0,0.72,12.51,43.54,0,normal,
W004218,2026-09-16T15:00:00,guest:402_NS1,guest,20.8,32.32,4.54,-1.27,36.19,39.08,0.2,0.44,0.69,8.97,45.57,0,normal,
W004216,2026-09-16T15:00:00,guest:100_AD-Zentyal,guest,29.24,33.61,2.68,0.53,64.75,67.28,0.33,0.49,0.85,11.71,42.82,0,normal,
W004217,2026-09-16T15:00:00,guest:101_win11,guest,27.34,33.4,2.14,0.22,55.33,57.99,0.59,0.19,1.07,19.87,42.95,0,normal,
W004214,2026-09-16T15:00:00,node:dl360-04,node,29.94,37.93,2.32,-1.7,50.74,52.29,-0.63,0.37,1.18,12.9,53.38,0,normal,
W004215,2026-09-16T15:00:00,node:srvzy,node,20.9,31.34,2.23,-1.15,42.27,44.36,-0.43,0.33,0.97,13.56,46.84,0,normal,
W004213,2026-09-16T15:00:00,node:dl380-01,node,31.37,32.67,2.42,-0.07,54.68,54.72,0.11,0.24,0.96,17.07,45.99,0,normal,
W004219,2026-09-16T15:30:00,node:dl380-01,node,35.44,42.5,1.26,-0.5,57.96,58.57,-0.28,0.38,1.41,13.26,50.37,0,normal,
W004220,2026-09-16T15:30:00,node:dl360-04,node,33.05,33.67,4.14,1.4,52.3,54.17,0.32,0.41,1.1,19.65,48.74,0,normal,
W004221,2026-09-16T15:30:00,node:srvzy,node,20.4,27.74,2.45,0.84,41.42,43.17,0.46,0.0,0.71,13.24,47.44,0,normal,
W004222,2026-09-16T15:30:00,guest:100_AD-Zentyal,guest,27.1,33.39,2.21,0.08,66.64,68.6,0.58,0.06,1.0,12.0,45.83,0,normal,
W004223,2026-09-16T15:30:00,guest:101_win11,guest,28.04,30.24,2.27,-1.75,58.79,61.41,0.54,0.52,1.27,16.54,44.11,0,normal,
W004224,2026-09-16T15:30:00,guest:402_NS1,guest,27.6,31.79,4.01,-1.31,39.06,40.44,-0.27,0.24,0.73,16.11,44.74,0,normal,
W004229,2026-09-16T16:00:00,guest:101_win11,guest,20.79,29.9,4.51,-0.39,63.03,64.38,-0.09,0.63,1.07,17.08,42.08,0,normal,
W004228,2026-09-16T16:00:00,guest:100_AD-Zentyal,guest,22.95,28.96,1.9,-0.15,66.61,67.98,0.33,0.58,0.92,14.98,40.45,0,normal,
W004230,2026-09-16T16:00:00,guest:402_NS1,guest,16.41,20.88,0.5,1.51,37.14,38.99,-0.28,0.36,1.52,13.51,44.04,0,normal,
W004226,2026-09-16T16:00:00,node:dl360-04,node,31.22,33.89,1.99,-1.5,48.13,50.09,0.76,0.11,1.27,17.48,52.68,0,normal,
W004225,2026-09-16T16:00:00,node:dl380-01,node,24.54,30.01,1.41,1.09,59.29,61.11,-0.28,0.02,1.6,18.29,45.63,0,normal,
W004227,2026-09-16T16:00:00,node:srvzy,node,28.92,37.78,4.3,-1.38,45.07,48.58,-0.31,0.4,0.69,12.16,47.44,0,normal,
W004235,2026-09-16T16:30:00,guest:101_win11,guest,22.92,27.66,2.85,0.74,59.07,60.63,-0.34,0.4,1.38,17.05,42.79,0,normal,
W004234,2026-09-16T16:30:00,guest:100_AD-Zentyal,guest,25.96,33.0,1.97,-0.37,68.37,72.19,0.37,0.26,0.75,14.67,40.95,0,normal,
W004236,2026-09-16T16:30:00,guest:402_NS1,guest,14.34,19.29,3.36,-2.08,36.58,38.86,0.8,0.18,0.93,19.39,41.72,0,normal,
W004232,2026-09-16T16:30:00,node:dl360-04,node,28.91,35.15,3.03,0.06,51.45,52.12,-0.28,0.36,1.23,9.87,50.76,0,normal,
W004231,2026-09-16T16:30:00,node:dl380-01,node,32.89,38.61,3.41,-0.61,54.48,56.43,0.01,0.26,1.53,15.83,48.43,0,normal,
W004233,2026-09-16T16:30:00,node:srvzy,node,18.67,28.77,2.75,0.52,43.61,44.99,-0.18,0.4,1.09,15.84,46.81,0,normal,
W004237,2026-09-16T17:00:00,node:dl380-01,node,34.42,41.6,2.28,0.54,56.15,60.41,-0.83,0.24,0.94,13.13,49.74,0,normal,
W004238,2026-09-16T17:00:00,node:dl360-04,node,26.09,33.57,2.73,1.01,51.17,53.49,-0.05,0.1,1.54,11.25,50.4,0,normal,
W004239,2026-09-16T17:00:00,node:srvzy,node,17.66,24.86,2.02,1.82,44.38,46.1,-0.36,0.28,1.29,13.4,45.91,0,normal,
W004240,2026-09-16T17:00:00,guest:100_AD-Zentyal,guest,20.09,32.81,2.3,-1.65,64.48,66.14,0.78,0.27,0.92,16.07,43.5,0,normal,
W004241,2026-09-16T17:00:00,guest:101_win11,guest,27.96,34.56,1.4,-0.9,56.55,58.33,-0.17,0.19,1.11,11.56,41.61,0,normal,
W004242,2026-09-16T17:00:00,guest:402_NS1,guest,15.95,21.86,2.86,-1.61,37.23,39.49,0.17,0.33,1.27,12.29,42.79,0,normal,
W004248,2026-09-16T17:30:00,guest:402_NS1,guest,19.02,28.26,2.07,1.8,37.05,41.0,-0.33,0.17,0.88,9.9,43.51,0,normal,
W004246,2026-09-16T17:30:00,guest:100_AD-Zentyal,guest,28.15,34.73,2.3,1.92,64.75,67.07,0.55,0.43,0.93,11.09,40.01,0,normal,
W004247,2026-09-16T17:30:00,guest:101_win11,guest,30.85,33.45,3.21,-1.71,64.02,64.66,0.02,0.54,1.06,15.23,41.7,0,normal,
W004244,2026-09-16T17:30:00,node:dl360-04,node,27.64,34.95,2.82,0.65,50.42,53.55,-0.66,0.14,0.96,11.44,50.66,0,normal,
W004243,2026-09-16T17:30:00,node:dl380-01,node,34.66,39.18,2.04,0.76,55.42,56.7,0.17,0.21,1.5,12.14,46.89,0,normal,
W004245,2026-09-16T17:30:00,node:srvzy,node,17.22,22.6,2.96,-0.64,41.83,43.37,0.44,0.52,1.13,15.06,46.09,0,normal,
W004253,2026-09-16T18:00:00,guest:101_win11,guest,23.05,25.27,1.62,1.53,59.89,62.03,-0.23,0.65,1.1,12.92,42.25,0,normal,
W004252,2026-09-16T18:00:00,guest:100_AD-Zentyal,guest,23.92,25.5,2.93,-0.76,66.05,67.89,-0.2,0.54,1.19,14.61,42.57,0,normal,
W004254,2026-09-16T18:00:00,guest:402_NS1,guest,11.43,15.15,2.04,1.03,35.21,35.78,-0.61,0.15,0.35,14.81,42.71,0,normal,
W004250,2026-09-16T18:00:00,node:dl360-04,node,29.0,34.01,4.18,-1.46,52.45,53.69,0.89,0.44,0.56,9.71,51.53,0,normal,
W004249,2026-09-16T18:00:00,node:dl380-01,node,28.73,31.3,1.68,-1.04,57.66,60.12,-0.05,0.23,0.93,17.84,47.15,0,normal,
W004251,2026-09-16T18:00:00,node:srvzy,node,21.3,29.05,2.66,-0.38,44.96,46.09,0.02,0.18,0.7,11.12,44.4,0,normal,
W004255,2026-09-16T18:30:00,node:dl380-01,node,29.02,34.24,3.24,0.84,54.22,55.38,0.28,0.35,1.4,9.82,46.37,0,normal,
W004256,2026-09-16T18:30:00,node:dl360-04,node,27.62,31.58,0.98,-0.8,50.63,54.33,-0.34,0.29,1.9,9.22,51.49,0,normal,
W004257,2026-09-16T18:30:00,node:srvzy,node,16.51,23.72,4.83,0.95,43.27,44.32,-0.07,0.19,0.41,6.11,44.25,0,normal,
W004258,2026-09-16T18:30:00,guest:100_AD-Zentyal,guest,21.89,31.25,1.76,0.23,62.94,64.14,-0.98,0.75,1.63,13.0,42.3,0,normal,
W004259,2026-09-16T18:30:00,guest:101_win11,guest,32.86,37.56,1.52,2.4,56.78,60.08,-0.03,0.39,0.61,20.28,40.93,0,normal,
W004260,2026-09-16T18:30:00,guest:402_NS1,guest,13.55,21.19,1.86,0.51,33.73,35.88,-0.24,0.14,0.57,15.16,40.97,0,normal,
W004266,2026-09-16T19:00:00,guest:402_NS1,guest,11.34,19.12,4.11,1.71,34.56,36.86,0.3,0.3,1.0,6.1,39.48,0,normal,
W004265,2026-09-16T19:00:00,guest:101_win11,guest,21.38,31.66,3.42,-0.2,54.4,55.24,0.25,0.24,0.99,13.13,42.47,0,normal,
W004264,2026-09-16T19:00:00,guest:100_AD-Zentyal,guest,17.73,22.56,2.46,-0.96,63.4,65.62,0.76,0.48,1.79,7.4,40.49,0,normal,
W004262,2026-09-16T19:00:00,node:dl360-04,node,25.4,35.06,0.8,1.7,51.46,53.21,-0.59,0.19,1.4,11.37,49.51,0,normal,
W004261,2026-09-16T19:00:00,node:dl380-01,node,26.43,33.71,3.64,-1.11,55.91,57.01,-0.08,0.51,0.65,8.53,46.43,0,normal,
W004263,2026-09-16T19:00:00,node:srvzy,node,13.67,21.87,2.35,-0.28,42.35,43.7,-0.33,0.0,0.56,5.89,45.51,0,normal,
W004267,2026-09-16T19:30:00,node:dl380-01,node,24.64,26.85,2.61,1.04,54.76,54.97,-0.05,0.35,1.24,9.13,44.97,0,normal,
W004268,2026-09-16T19:30:00,node:dl360-04,node,27.17,34.23,1.82,-1.8,50.92,52.02,0.15,0.33,1.96,11.06,52.78,0,normal,
W004269,2026-09-16T19:30:00,node:srvzy,node,17.36,21.36,1.44,-1.05,43.29,45.42,-0.74,0.5,1.89,5.75,46.29,0,normal,
W004270,2026-09-16T19:30:00,guest:100_AD-Zentyal,guest,25.96,26.57,2.03,-1.02,67.27,68.86,-0.18,0.38,1.81,11.11,40.07,0,normal,
W004271,2026-09-16T19:30:00,guest:101_win11,guest,21.08,29.05,1.17,-0.02,56.83,57.63,-0.78,0.2,1.43,5.34,41.59,0,normal,
W004272,2026-09-16T19:30:00,guest:402_NS1,guest,11.8,14.61,2.84,1.57,38.21,40.5,-0.03,0.38,2.17,10.42,42.48,0,normal,
W004277,2026-09-16T20:00:00,guest:101_win11,guest,13.68,15.72,1.95,0.7,56.53,57.67,0.16,0.36,1.84,12.8,38.46,0,normal,
W004273,2026-09-16T20:00:00,node:dl380-01,node,22.93,26.43,4.27,0.0,55.4,57.95,-0.36,0.21,0.76,11.0,46.55,0,normal,
W004274,2026-09-16T20:00:00,node:dl360-04,node,19.9,31.98,2.47,0.12,52.42,53.54,-0.21,0.36,0.57,9.29,52.08,0,normal,
W004275,2026-09-16T20:00:00,node:srvzy,node,21.4,30.09,3.68,0.59,41.22,44.87,-0.38,0.49,1.09,8.65,44.81,0,normal,
W004276,2026-09-16T20:00:00,guest:100_AD-Zentyal,guest,25.12,35.4,2.84,0.08,66.41,69.77,-0.7,0.27,0.65,9.34,38.11,0,normal,
W004278,2026-09-16T20:00:00,guest:402_NS1,guest,9.65,17.89,1.61,-0.39,31.92,32.61,0.5,0.33,0.88,8.53,42.57,0,normal,
W004284,2026-09-16T20:30:00,guest:402_NS1,guest,11.71,18.29,4.18,1.0,35.37,38.01,0.43,0.37,0.76,11.89,39.96,0,normal,
W004283,2026-09-16T20:30:00,guest:101_win11,guest,22.36,33.3,0.5,1.03,55.76,58.18,-0.03,0.47,1.18,13.03,38.76,0,normal,
W004282,2026-09-16T20:30:00,guest:100_AD-Zentyal,guest,16.69,24.1,3.13,-1.01,67.26,69.43,-0.12,0.62,0.65,6.47,40.96,0,normal,
W004281,2026-09-16T20:30:00,node:srvzy,node,11.77,19.88,1.77,-0.54,42.08,43.79,-0.17,0.17,0.9,14.84,44.94,0,normal,
W004280,2026-09-16T20:30:00,node:dl360-04,node,26.16,30.75,1.67,-0.4,48.95,50.25,0.49,0.2,0.36,11.76,47.57,0,normal,
W004279,2026-09-16T20:30:00,node:dl380-01,node,22.7,30.12,3.37,1.73,53.47,54.07,-0.44,0.45,2.04,12.3,45.01,0,normal,
W004285,2026-09-16T21:00:00,node:dl380-01,node,21.69,25.34,3.08,0.61,52.76,53.66,0.76,0.47,1.31,10.52,44.52,0,normal,
W004286,2026-09-16T21:00:00,node:dl360-04,node,19.33,25.39,3.46,-1.7,47.65,48.42,0.34,0.28,0.71,8.04,47.28,0,normal,
W004287,2026-09-16T21:00:00,node:srvzy,node,7.91,17.69,2.35,1.54,38.87,41.38,-0.58,0.79,0.9,14.09,43.19,0,normal,
W004288,2026-09-16T21:00:00,guest:100_AD-Zentyal,guest,15.29,23.06,1.56,0.94,66.03,68.04,0.1,0.69,1.75,6.36,40.35,0,normal,
W004289,2026-09-16T21:00:00,guest:101_win11,guest,16.05,19.85,3.01,-1.21,57.57,60.24,0.76,0.43,0.64,4.76,41.81,0,normal,
W004290,2026-09-16T21:00:00,guest:402_NS1,guest,7.71,9.16,1.5,0.95,34.69,37.33,-0.01,0.08,0.16,6.2,39.41,0,normal,
W004295,2026-09-16T21:30:00,guest:101_win11,guest,20.89,26.97,1.92,1.3,56.93,59.01,0.25,0.34,1.76,4.75,39.32,0,normal,
W004294,2026-09-16T21:30:00,guest:100_AD-Zentyal,guest,12.0,20.96,0.5,0.19,67.06,69.77,0.28,0.29,0.93,15.17,41.07,0,normal,
W004296,2026-09-16T21:30:00,guest:402_NS1,guest,17.41,26.1,2.3,0.96,34.4,37.86,0.33,0.13,1.02,9.96,39.93,0,normal,
W004292,2026-09-16T21:30:00,node:dl360-04,node,22.31,32.38,0.82,-0.52,48.5,51.13,0.58,0.31,1.0,10.04,47.87,0,normal,
W004291,2026-09-16T21:30:00,node:dl380-01,node,18.79,27.74,1.5,-1.98,54.48,57.24,0.6,0.02,1.39,9.26,44.29,0,normal,
W004293,2026-09-16T21:30:00,node:srvzy,node,5.34,12.89,3.49,1.29,39.4,42.01,0.61,0.81,1.8,11.66,41.73,0,normal,
W004301,2026-09-16T22:00:00,guest:101_win11,guest,12.64,13.53,4.26,-1.25,59.74,61.08,-0.12,0.04,1.35,10.92,37.51,0,normal,
W004300,2026-09-16T22:00:00,guest:100_AD-Zentyal,guest,10.21,14.11,0.99,0.42,63.71,64.17,-0.25,0.43,1.75,3.65,41.74,0,normal,
W004302,2026-09-16T22:00:00,guest:402_NS1,guest,7.74,15.72,2.03,1.64,33.81,35.29,-0.63,0.04,1.08,8.21,39.72,0,normal,
W004298,2026-09-16T22:00:00,node:dl360-04,node,24.88,28.43,3.6,0.73,47.59,49.46,-0.11,0.37,0.86,6.97,47.44,0,normal,
W004297,2026-09-16T22:00:00,node:dl380-01,node,22.12,29.81,2.92,-0.87,53.18,54.92,0.04,0.25,1.49,4.62,41.9,0,normal,
W004299,2026-09-16T22:00:00,node:srvzy,node,14.86,19.62,1.52,-0.65,41.66,41.89,0.48,0.3,1.28,8.16,41.5,0,normal,
W004303,2026-09-16T22:30:00,node:dl380-01,node,19.03,20.11,2.0,2.45,52.26,54.23,-0.97,0.2,0.83,8.5,44.02,0,normal,
W004304,2026-09-16T22:30:00,node:dl360-04,node,12.68,16.69,2.3,-1.2,47.47,50.47,-0.25,0.39,1.12,3.81,47.0,0,normal,
W004305,2026-09-16T22:30:00,node:srvzy,node,12.02,23.23,1.73,-0.1,42.64,45.9,-0.26,0.27,1.51,9.03,44.05,0,normal,
W004306,2026-09-16T22:30:00,guest:100_AD-Zentyal,guest,18.1,25.76,2.64,-0.81,63.56,65.38,0.48,0.34,1.21,4.52,40.31,0,normal,
W004307,2026-09-16T22:30:00,guest:101_win11,guest,13.31,18.46,3.81,1.06,55.47,56.39,-0.08,0.18,0.4,5.24,34.38,0,normal,
W004308,2026-09-16T22:30:00,guest:402_NS1,guest,11.16,19.69,3.91,0.42,33.19,36.22,-0.28,0.03,0.78,8.73,37.28,0,normal,
W004313,2026-09-16T23:00:00,guest:101_win11,guest,14.0,21.45,2.73,0.83,57.92,62.12,-0.45,0.35,1.29,5.51,36.93,0,normal,
W004314,2026-09-16T23:00:00,guest:402_NS1,guest,8.09,15.3,1.45,-2.16,32.7,34.03,0.24,0.12,0.84,1.34,35.55,0,normal,
W004312,2026-09-16T23:00:00,guest:100_AD-Zentyal,guest,13.18,15.04,2.09,-1.61,62.71,64.11,0.4,0.27,0.97,5.29,35.3,0,normal,
W004311,2026-09-16T23:00:00,node:srvzy,node,4.02,14.77,3.64,0.12,42.74,44.25,-0.38,0.33,0.51,3.13,42.69,0,normal,
W004310,2026-09-16T23:00:00,node:dl360-04,node,22.25,27.13,1.19,-1.38,48.9,51.02,0.03,0.04,1.65,10.86,47.07,0,normal,
W004309,2026-09-16T23:00:00,node:dl380-01,node,15.68,20.43,2.91,-0.17,58.33,60.2,0.3,0.01,1.05,5.08,43.86,0,normal,
W004315,2026-09-16T23:30:00,node:dl380-01,node,16.65,21.9,1.68,0.17,50.52,52.31,-0.08,0.01,0.9,0.1,42.85,0,normal,
W004316,2026-09-16T23:30:00,node:dl360-04,node,19.1,19.77,3.17,-1.4,47.52,50.93,-0.25,0.62,1.3,6.21,48.14,0,normal,
W004317,2026-09-16T23:30:00,node:srvzy,node,11.25,17.71,2.04,-1.86,37.88,41.2,0.68,0.33,0.42,4.15,40.65,0,normal,
W004318,2026-09-16T23:30:00,guest:100_AD-Zentyal,guest,10.4,13.74,3.02,0.3,66.43,68.04,0.08,0.45,1.66,2.76,38.49,0,normal,
W004319,2026-09-16T23:30:00,guest:101_win11,guest,14.86,21.76,2.56,2.06,54.98,56.03,-0.33,0.24,1.16,5.1,39.39,0,normal,
W004320,2026-09-16T23:30:00,guest:402_NS1,guest,6.33,12.04,1.17,2.19,33.5,37.14,-0.25,0.47,1.04,11.92,39.56,0,normal,
W004325,2026-09-17T00:00:00,guest:101_win11,guest,14.7,25.19,1.45,1.63,57.21,58.05,-0.28,0.15,1.02,5.13,39.06,0,normal,
W004324,2026-09-17T00:00:00,guest:100_AD-Zentyal,guest,15.18,16.84,2.47,0.38,63.71,65.61,-0.25,0.25,1.44,3.6,34.16,0,normal,
W004326,2026-09-17T00:00:00,guest:402_NS1,guest,8.04,9.41,1.08,0.74,32.34,34.17,0.22,0.47,0.78,0.99,37.23,0,normal,
W004322,2026-09-17T00:00:00,node:dl360-04,node,7.4,14.4,1.37,-1.91,48.94,52.25,-0.09,0.54,1.6,1.55,45.57,0,normal,
W004321,2026-09-17T00:00:00,node:dl380-01,node,21.05,24.87,4.41,2.45,52.58,54.75,0.37,0.09,1.35,8.74,42.56,0,normal,
W004323,2026-09-17T00:00:00,node:srvzy,node,11.85,16.16,3.32,-0.49,41.57,44.0,-0.1,0.44,0.5,2.41,40.71,0,normal,
W004331,2026-09-17T00:30:00,guest:101_win11,guest,14.56,16.64,2.22,1.72,55.35,58.12,0.26,0.45,1.42,7.94,35.18,0,normal,
W004330,2026-09-17T00:30:00,guest:100_AD-Zentyal,guest,14.52,19.58,1.27,1.22,63.82,64.63,-0.54,0.13,0.68,6.58,38.84,0,normal,
W004332,2026-09-17T00:30:00,guest:402_NS1,guest,10.38,10.96,2.81,-0.06,32.14,33.17,0.22,0.46,1.22,4.8,39.32,0,normal,
W004328,2026-09-17T00:30:00,node:dl360-04,node,9.74,11.38,0.9,0.0,49.12,50.79,0.19,0.39,1.05,6.95,46.11,0,normal,
W004327,2026-09-17T00:30:00,node:dl380-01,node,15.08,21.28,2.41,-1.17,57.02,59.04,-0.23,0.32,1.33,3.77,46.88,0,normal,
W004329,2026-09-17T00:30:00,node:srvzy,node,6.64,11.14,2.73,1.46,38.1,39.62,0.07,0.65,1.62,3.23,40.02,0,normal,
W004333,2026-09-17T01:00:00,node:dl380-01,node,15.8,21.67,2.3,2.96,51.56,54.39,-0.68,0.11,0.78,4.78,42.69,0,normal,
W004334,2026-09-17T01:00:00,node:dl360-04,node,13.92,17.86,3.79,-1.2,49.41,52.09,-0.38,0.23,1.03,10.2,45.55,0,normal,
W004335,2026-09-17T01:00:00,node:srvzy,node,19.96,28.26,2.84,1.06,36.97,40.15,-0.53,0.47,1.04,2.77,43.76,0,normal,
W004336,2026-09-17T01:00:00,guest:100_AD-Zentyal,guest,9.92,11.33,3.47,-1.46,65.52,67.5,-0.51,0.46,1.47,1.2,37.01,0,normal,
W004337,2026-09-17T01:00:00,guest:101_win11,guest,13.32,20.04,2.32,0.89,57.09,59.12,-0.09,0.33,0.89,2.1,35.42,0,normal,
W004338,2026-09-17T01:00:00,guest:402_NS1,guest,3.92,7.35,2.34,1.6,32.7,34.83,-0.09,0.56,2.02,3.76,38.19,0,normal,
W004343,2026-09-17T01:30:00,guest:101_win11,guest,12.0,17.73,0.75,-0.98,55.57,58.77,-0.76,0.09,0.13,6.15,38.88,0,normal,
W004342,2026-09-17T01:30:00,guest:100_AD-Zentyal,guest,11.15,17.61,1.51,0.03,62.14,65.46,0.04,0.32,0.6,3.4,37.49,0,normal,
W004344,2026-09-17T01:30:00,guest:402_NS1,guest,5.53,13.27,1.47,0.44,31.68,33.74,0.2,0.24,1.37,4.68,37.51,0,normal,
W004340,2026-09-17T01:30:00,node:dl360-04,node,17.44,18.13,0.65,-0.05,46.69,50.02,-0.15,0.36,1.09,0.53,46.15,0,normal,
W004339,2026-09-17T01:30:00,node:dl380-01,node,24.59,27.11,3.48,-2.09,53.12,54.98,-0.68,0.52,1.38,2.39,43.6,0,normal,
W004341,2026-09-17T01:30:00,node:srvzy,node,2.63,4.51,1.4,-1.42,39.69,41.3,0.11,0.01,0.71,3.73,41.4,0,normal,
W004345,2026-09-17T02:00:00,node:dl380-01,node,23.62,31.11,1.75,-0.58,54.57,57.61,-0.01,0.01,0.43,5.54,43.87,0,normal,
W004346,2026-09-17T02:00:00,node:dl360-04,node,17.52,17.61,3.37,1.71,43.69,45.69,0.3,0.02,0.62,6.68,45.22,0,normal,
W004347,2026-09-17T02:00:00,node:srvzy,node,5.73,12.39,1.33,-1.28,40.84,43.79,0.16,0.57,1.54,10.54,41.1,0,normal,
W004348,2026-09-17T02:00:00,guest:100_AD-Zentyal,guest,10.88,18.09,1.87,-0.93,61.38,62.82,0.83,0.66,1.33,3.74,33.78,0,normal,
W004349,2026-09-17T02:00:00,guest:101_win11,guest,8.52,12.09,2.06,-0.68,56.39,59.16,-0.29,0.59,1.53,7.66,36.34,0,normal,
W004350,2026-09-17T02:00:00,guest:402_NS1,guest,5.91,13.27,3.97,0.78,34.54,36.01,0.48,0.04,0.62,5.84,35.27,0,normal,
W004355,2026-09-17T02:30:00,guest:101_win11,guest,12.34,20.02,2.88,-0.21,53.9,55.87,0.3,0.43,1.76,9.25,38.05,0,normal,
W004354,2026-09-17T02:30:00,guest:100_AD-Zentyal,guest,7.52,9.43,4.43,0.04,63.76,64.91,0.55,0.51,1.33,5.63,37.43,0,normal,
W004356,2026-09-17T02:30:00,guest:402_NS1,guest,4.66,11.69,1.93,0.96,35.38,38.42,0.22,0.25,0.91,4.52,35.9,0,normal,
W004352,2026-09-17T02:30:00,node:dl360-04,node,22.62,28.01,2.8,-0.19,47.26,49.74,-0.51,0.27,0.52,9.63,47.48,0,normal,
W004351,2026-09-17T02:30:00,node:dl380-01,node,13.77,17.0,2.88,-0.19,54.73,58.62,0.11,0.2,1.15,2.31,42.9,0,normal,
W004353,2026-09-17T02:30:00,node:srvzy,node,4.31,4.74,2.99,-0.05,44.04,47.44,0.25,0.19,0.89,5.91,41.53,0,normal,
W004361,2026-09-17T03:00:00,guest:101_win11,guest,13.13,19.85,2.39,-0.83,57.28,60.6,-0.18,0.17,1.16,1.66,35.19,0,normal,
W004360,2026-09-17T03:00:00,guest:100_AD-Zentyal,guest,10.63,10.9,1.46,0.14,63.5,64.92,-0.32,0.18,0.92,5.02,35.46,0,normal,
W004362,2026-09-17T03:00:00,guest:402_NS1,guest,2.0,8.93,1.62,-0.02,29.45,32.07,0.58,0.12,1.1,4.55,37.26,0,normal,
W004358,2026-09-17T03:00:00,node:dl360-04,node,11.68,20.51,2.44,-0.67,49.89,53.21,-0.07,0.3,0.93,5.84,44.46,0,normal,
W004357,2026-09-17T03:00:00,node:dl380-01,node,18.23,20.62,1.96,0.08,57.57,59.58,0.02,0.13,1.62,2.73,46.15,0,normal,
W004359,2026-09-17T03:00:00,node:srvzy,node,2.0,2.39,2.28,-1.28,39.86,41.34,-0.28,0.17,1.36,5.88,43.45,0,normal,
W004363,2026-09-17T03:30:00,node:dl380-01,node,16.41,21.5,1.67,-1.31,55.05,55.37,-0.01,0.29,1.07,7.16,42.55,0,normal,
W004364,2026-09-17T03:30:00,node:dl360-04,node,16.56,28.52,2.35,-2.44,47.81,49.57,0.16,0.1,1.03,3.91,47.31,0,normal,
W004365,2026-09-17T03:30:00,node:srvzy,node,5.46,14.06,0.99,0.02,38.32,39.83,1.09,0.11,0.76,1.74,40.64,0,normal,
W004366,2026-09-17T03:30:00,guest:100_AD-Zentyal,guest,9.75,13.54,4.08,1.39,61.36,64.18,-0.19,0.05,0.57,1.4,38.51,0,normal,
W004367,2026-09-17T03:30:00,guest:101_win11,guest,9.21,19.07,2.64,-0.48,55.16,58.92,0.0,0.2,1.34,6.93,35.62,0,normal,
W004368,2026-09-17T03:30:00,guest:402_NS1,guest,4.29,4.86,2.47,0.38,33.87,34.87,-0.3,0.35,1.65,5.45,36.27,0,normal,
W004373,2026-09-17T04:00:00,guest:101_win11,guest,9.89,13.09,2.73,-0.76,51.47,53.43,0.3,0.24,0.54,7.9,35.34,0,normal,
W004372,2026-09-17T04:00:00,guest:100_AD-Zentyal,guest,9.91,20.87,0.89,1.48,60.61,61.04,-0.43,0.27,0.79,3.35,36.01,0,normal,
W004374,2026-09-17T04:00:00,guest:402_NS1,guest,3.95,9.88,3.58,0.69,33.7,36.63,-0.46,0.62,1.04,9.95,36.14,0,normal,
W004370,2026-09-17T04:00:00,node:dl360-04,node,13.79,19.85,4.2,-0.49,47.77,49.13,0.02,0.36,0.89,10.02,45.28,0,normal,
W004371,2026-09-17T04:00:00,node:srvzy,node,9.82,15.9,3.74,-0.96,41.3,45.72,-0.58,0.12,1.75,5.27,41.57,0,normal,
W004369,2026-09-17T04:00:00,node:dl380-01,node,21.47,27.85,2.68,0.96,53.09,54.16,-0.06,0.52,2.08,2.01,45.86,0,normal,
W004375,2026-09-17T04:30:00,node:dl380-01,node,19.4,29.75,3.06,0.45,54.83,55.35,-0.53,0.35,1.08,4.73,45.26,0,normal,
W004376,2026-09-17T04:30:00,node:dl360-04,node,19.1,22.34,2.94,-1.88,45.41,46.52,-0.02,0.17,1.15,5.62,48.07,0,normal,
W004377,2026-09-17T04:30:00,node:srvzy,node,9.98,12.87,3.4,-1.03,41.01,42.52,0.53,0.45,0.97,4.51,46.31,0,normal,
W004378,2026-09-17T04:30:00,guest:100_AD-Zentyal,guest,6.66,10.5,1.83,-1.39,61.37,63.26,0.19,0.02,0.62,3.26,35.65,0,normal,
W004379,2026-09-17T04:30:00,guest:101_win11,guest,16.56,20.26,1.13,1.06,58.52,60.76,-0.38,0.24,0.78,5.52,38.48,0,normal,
W004380,2026-09-17T04:30:00,guest:402_NS1,guest,4.98,10.97,1.99,0.8,33.93,34.09,-0.71,0.23,1.42,9.17,38.55,0,normal,
W004381,2026-09-17T05:00:00,node:dl380-01,node,18.82,29.21,1.78,-0.41,51.03,52.68,-0.34,0.61,1.94,6.65,44.58,0,normal,
W004382,2026-09-17T05:00:00,node:dl360-04,node,14.23,15.84,1.74,0.9,49.37,50.98,0.3,0.21,0.55,8.68,45.96,0,normal,
W004383,2026-09-17T05:00:00,node:srvzy,node,12.94,12.94,1.93,0.72,41.47,43.25,0.11,0.33,0.53,5.37,42.22,0,normal,
W004384,2026-09-17T05:00:00,guest:100_AD-Zentyal,guest,14.11,19.92,1.95,-1.6,64.94,67.58,0.39,0.08,0.93,4.39,37.95,0,normal,
W004385,2026-09-17T05:00:00,guest:101_win11,guest,24.52,33.23,1.74,-0.3,55.93,58.06,-0.61,0.36,0.41,1.45,40.88,0,normal,
W004386,2026-09-17T05:00:00,guest:402_NS1,guest,5.08,15.36,1.69,-2.52,31.69,36.38,-0.56,0.66,1.59,6.82,36.76,0,normal,
W004392,2026-09-17T05:30:00,guest:402_NS1,guest,3.27,8.13,0.55,-0.44,33.65,34.61,-0.19,0.3,1.15,1.56,38.93,0,normal,
W004390,2026-09-17T05:30:00,guest:100_AD-Zentyal,guest,17.55,25.16,2.69,0.05,62.57,63.32,0.27,0.56,1.53,8.16,36.55,0,normal,
W004391,2026-09-17T05:30:00,guest:101_win11,guest,12.26,14.41,2.25,1.18,55.33,57.26,0.28,0.54,0.68,5.03,36.77,0,normal,
W004389,2026-09-17T05:30:00,node:srvzy,node,2.0,6.29,4.65,0.61,39.06,41.51,-0.05,0.38,1.53,7.05,42.06,0,normal,
W004387,2026-09-17T05:30:00,node:dl380-01,node,16.19,23.88,3.82,0.24,54.92,56.49,0.87,0.35,1.96,3.57,43.81,0,normal,
W004388,2026-09-17T05:30:00,node:dl360-04,node,20.09,26.52,3.02,-1.17,47.86,48.98,-0.03,0.26,0.85,8.36,45.28,0,normal,
W004393,2026-09-17T06:00:00,node:dl380-01,node,23.54,27.31,4.18,0.55,54.56,57.24,-0.41,0.23,1.28,5.11,43.97,0,normal,
W004394,2026-09-17T06:00:00,node:dl360-04,node,20.1,27.03,2.52,0.08,48.69,51.54,0.84,0.36,1.67,6.19,46.48,0,normal,
W004395,2026-09-17T06:00:00,node:srvzy,node,8.24,11.49,2.21,1.06,42.81,44.3,-0.13,0.3,1.19,9.26,41.9,0,normal,
W004396,2026-09-17T06:00:00,guest:100_AD-Zentyal,guest,13.3,23.36,2.22,-0.69,63.85,65.92,-0.62,0.21,1.18,13.51,37.71,0,normal,
W004397,2026-09-17T06:00:00,guest:101_win11,guest,18.68,25.21,3.66,-0.74,58.99,62.39,0.58,0.59,1.46,9.25,37.87,0,normal,
W004398,2026-09-17T06:00:00,guest:402_NS1,guest,2.0,8.77,2.34,1.16,35.55,36.49,0.94,0.38,0.66,4.07,35.23,0,normal,
W004404,2026-09-17T06:30:00,guest:402_NS1,guest,9.57,16.23,4.54,-2.35,33.83,35.09,-0.1,0.42,1.61,5.94,39.5,0,normal,
W004403,2026-09-17T06:30:00,guest:101_win11,guest,14.13,17.02,2.79,1.73,57.97,59.75,0.22,0.24,1.12,9.36,41.13,0,normal,
W004402,2026-09-17T06:30:00,guest:100_AD-Zentyal,guest,12.79,18.25,3.28,1.35,65.84,68.42,0.55,0.11,1.07,14.55,35.74,0,normal,
W004399,2026-09-17T06:30:00,node:dl380-01,node,23.67,28.09,1.66,-0.77,53.46,56.03,-0.66,0.09,1.07,5.72,45.37,0,normal,
W004400,2026-09-17T06:30:00,node:dl360-04,node,16.26,26.98,2.71,1.47,49.93,52.51,-0.3,0.53,1.42,4.64,44.34,0,normal,
W004401,2026-09-17T06:30:00,node:srvzy,node,11.49,22.01,1.59,-1.13,40.43,43.53,-0.73,0.17,0.57,9.19,42.29,0,normal,
W004409,2026-09-17T07:00:00,guest:101_win11,guest,18.49,28.12,3.34,-0.55,59.28,60.97,-1.25,0.59,1.57,9.27,39.24,0,normal,
W004410,2026-09-17T07:00:00,guest:402_NS1,guest,10.99,17.01,2.21,-0.78,34.62,35.74,-0.46,0.35,1.55,6.32,38.29,0,normal,
W004407,2026-09-17T07:00:00,node:srvzy,node,12.43,21.27,0.54,1.8,42.19,44.08,0.37,0.37,0.98,6.39,45.47,0,normal,
W004406,2026-09-17T07:00:00,node:dl360-04,node,19.02,21.24,4.29,0.8,52.65,52.85,0.51,0.27,0.91,8.78,47.17,0,normal,
W004408,2026-09-17T07:00:00,guest:100_AD-Zentyal,guest,10.75,16.16,1.09,0.59,64.31,65.06,-0.35,0.31,1.22,2.89,38.17,0,normal,
W004405,2026-09-17T07:00:00,node:dl380-01,node,19.79,21.95,2.57,-0.26,57.17,61.29,-0.24,0.06,0.32,6.2,45.53,0,normal,
W004411,2026-09-17T07:30:00,node:dl380-01,node,16.99,19.05,1.22,1.17,51.36,53.82,-0.11,0.42,1.69,8.62,46.92,0,normal,
W004412,2026-09-17T07:30:00,node:dl360-04,node,25.35,35.39,1.83,-2.36,49.26,51.44,-0.78,0.31,0.54,13.34,48.94,0,normal,
W004413,2026-09-17T07:30:00,node:srvzy,node,10.07,16.45,2.75,0.58,41.61,44.55,-0.51,0.27,1.79,7.65,43.59,0,normal,
W004414,2026-09-17T07:30:00,guest:100_AD-Zentyal,guest,12.45,24.92,2.79,-1.51,66.45,67.37,0.27,0.51,2.12,9.38,39.3,0,normal,
W004415,2026-09-17T07:30:00,guest:101_win11,guest,10.84,15.47,1.79,-0.22,56.55,59.33,-0.22,0.4,1.15,6.84,38.15,0,normal,
W004416,2026-09-17T07:30:00,guest:402_NS1,guest,10.74,20.86,1.77,0.06,35.35,37.33,-0.7,0.4,0.59,4.23,37.27,0,normal,
W004422,2026-09-17T08:00:00,guest:402_NS1,guest,6.47,10.65,1.13,-1.18,35.18,36.63,0.26,0.36,1.31,6.21,38.68,0,normal,
W004421,2026-09-17T08:00:00,guest:101_win11,guest,14.96,19.38,2.56,0.47,58.6,62.35,0.36,0.43,1.62,14.06,39.07,0,normal,
W004420,2026-09-17T08:00:00,guest:100_AD-Zentyal,guest,19.37,26.32,3.32,-2.16,63.97,65.04,-0.52,0.76,1.34,12.78,41.06,0,normal,
W004417,2026-09-17T08:00:00,node:dl380-01,node,24.43,27.54,1.06,0.46,54.95,57.71,-0.29,0.29,1.41,6.06,45.01,0,normal,
W004418,2026-09-17T08:00:00,node:dl360-04,node,25.47,31.53,2.35,-0.05,52.2,54.18,0.02,0.3,0.45,11.51,47.77,0,normal,
W004419,2026-09-17T08:00:00,node:srvzy,node,10.58,11.34,0.96,-2.72,40.15,41.72,0.42,0.31,1.21,13.84,39.72,0,normal,
W004427,2026-09-17T08:30:00,guest:101_win11,guest,19.23,25.19,4.2,-0.34,56.63,58.68,-0.56,0.33,0.84,10.68,39.73,0,normal,
W004428,2026-09-17T08:30:00,guest:402_NS1,guest,11.5,19.38,3.23,2.44,36.25,38.0,-0.25,0.37,1.75,12.57,38.93,0,normal,
W004426,2026-09-17T08:30:00,guest:100_AD-Zentyal,guest,16.98,21.21,0.97,1.64,66.13,68.04,0.04,0.28,0.37,5.74,39.69,0,normal,
W004423,2026-09-17T08:30:00,node:dl380-01,node,18.32,26.02,4.42,0.21,55.48,56.95,-0.09,0.55,1.39,11.92,47.95,0,normal,
W004424,2026-09-17T08:30:00,node:dl360-04,node,25.85,31.95,2.61,-0.46,50.9,52.48,0.14,0.51,0.63,4.43,48.93,0,normal,
W004425,2026-09-17T08:30:00,node:srvzy,node,17.34,24.2,1.29,1.08,45.43,46.57,-0.29,0.31,1.05,13.61,44.43,0,normal,
W004429,2026-09-17T09:00:00,node:dl380-01,node,28.65,35.32,3.55,0.36,55.99,56.81,0.32,0.02,0.86,9.64,45.86,0,normal,
W004430,2026-09-17T09:00:00,node:dl360-04,node,26.11,32.1,0.5,-0.24,49.82,53.08,-0.5,0.68,1.83,10.46,49.15,0,normal,
W004431,2026-09-17T09:00:00,node:srvzy,node,14.84,21.79,1.71,-0.14,40.56,43.27,0.07,0.21,0.91,9.22,45.25,0,normal,
W004432,2026-09-17T09:00:00,guest:100_AD-Zentyal,guest,15.68,24.38,2.67,-0.54,66.58,68.96,-0.42,0.56,0.76,14.56,40.53,0,normal,
W004433,2026-09-17T09:00:00,guest:101_win11,guest,25.54,35.86,2.07,-0.46,59.08,59.95,-0.13,0.22,0.54,9.89,41.91,0,normal,
W004434,2026-09-17T09:00:00,guest:402_NS1,guest,16.45,21.92,2.56,-0.37,32.35,33.33,0.38,0.54,1.0,14.65,38.98,0,normal,
W004439,2026-09-17T09:30:00,guest:101_win11,guest,19.24,24.6,2.91,1.44,59.44,62.03,0.3,0.46,1.68,18.81,41.98,0,normal,
W004440,2026-09-17T09:30:00,guest:402_NS1,guest,15.07,19.68,2.81,1.38,33.32,36.58,-0.17,0.25,1.26,9.71,41.46,0,normal,
W004438,2026-09-17T09:30:00,guest:100_AD-Zentyal,guest,16.91,26.01,3.33,-2.54,66.24,67.39,-0.14,0.17,1.33,9.24,38.86,0,normal,
W004436,2026-09-17T09:30:00,node:dl360-04,node,21.09,33.09,3.99,-0.35,52.64,54.12,-0.06,0.09,0.15,9.55,49.14,0,normal,
W004435,2026-09-17T09:30:00,node:dl380-01,node,25.26,30.9,2.23,-0.83,55.75,58.52,-0.58,0.33,1.51,10.06,45.96,0,normal,
W004437,2026-09-17T09:30:00,node:srvzy,node,18.56,26.53,2.38,-1.19,41.33,44.92,0.25,0.58,2.1,9.32,46.01,0,normal,
W004441,2026-09-17T10:00:00,node:dl380-01,node,24.97,33.6,2.7,-0.0,56.49,58.47,0.18,0.26,0.94,7.2,49.55,0,normal,
W004442,2026-09-17T10:00:00,node:dl360-04,node,21.93,32.78,2.26,1.46,52.88,55.84,0.02,0.06,0.79,11.56,50.35,0,normal,
W004443,2026-09-17T10:00:00,node:srvzy,node,14.7,19.84,0.5,-0.36,43.23,44.44,-0.11,0.33,1.54,15.66,45.96,0,normal,
W004444,2026-09-17T10:00:00,guest:100_AD-Zentyal,guest,21.9,28.96,4.3,0.6,66.47,69.54,0.02,0.13,1.11,13.01,41.17,0,normal,
W004445,2026-09-17T10:00:00,guest:101_win11,guest,25.9,26.47,1.96,-1.05,57.61,59.45,-0.36,0.64,1.62,10.12,38.89,0,normal,
W004446,2026-09-17T10:00:00,guest:402_NS1,guest,13.96,18.97,1.87,3.05,33.02,35.07,-0.05,0.25,0.27,12.37,41.77,0,normal,
W004451,2026-09-17T10:30:00,guest:101_win11,guest,23.26,23.74,3.5,-0.9,57.62,59.26,-0.09,0.28,1.46,16.01,41.11,0,normal,
W004452,2026-09-17T10:30:00,guest:402_NS1,guest,13.91,19.52,1.61,-0.03,34.3,38.42,0.05,0.19,1.27,8.8,40.43,0,normal,
W004450,2026-09-17T10:30:00,guest:100_AD-Zentyal,guest,28.03,36.0,2.03,-0.41,69.08,71.91,0.22,0.77,1.16,12.23,41.78,0,normal,
W004449,2026-09-17T10:30:00,node:srvzy,node,21.46,28.35,1.8,1.36,44.91,46.91,-0.1,0.65,2.1,7.96,47.29,0,normal,
W004448,2026-09-17T10:30:00,node:dl360-04,node,33.0,41.87,0.98,-0.92,51.0,52.74,0.13,0.15,0.8,10.14,49.95,0,normal,
W004447,2026-09-17T10:30:00,node:dl380-01,node,31.48,38.93,3.72,-2.46,55.58,60.08,0.42,0.01,0.84,9.36,46.85,0,normal,
W004453,2026-09-17T11:00:00,node:dl380-01,node,32.14,38.55,3.55,-3.28,57.89,59.34,-0.47,0.04,0.62,18.31,49.57,0,normal,
W004454,2026-09-17T11:00:00,node:dl360-04,node,33.38,39.04,2.61,-1.9,48.57,50.42,-0.55,0.13,0.95,17.35,51.14,0,normal,
W004455,2026-09-17T11:00:00,node:srvzy,node,15.9,16.43,2.62,-0.75,43.62,45.42,-0.03,0.54,1.76,14.64,44.78,0,normal,
W004456,2026-09-17T11:00:00,guest:100_AD-Zentyal,guest,21.73,30.02,3.8,-1.53,69.16,70.38,0.27,0.86,1.02,15.05,41.65,0,normal,
W004457,2026-09-17T11:00:00,guest:101_win11,guest,27.22,31.37,0.5,-0.9,60.04,63.39,0.16,0.59,1.2,11.81,42.64,0,normal,
W004458,2026-09-17T11:00:00,guest:402_NS1,guest,16.34,25.71,1.09,1.04,38.59,40.95,0.37,0.17,0.64,14.59,41.04,0,normal,
W004462,2026-09-17T11:30:00,guest:100_AD-Zentyal,guest,19.51,24.44,2.79,-0.09,65.29,66.3,-0.3,0.08,0.83,11.9,40.05,0,normal,
W004461,2026-09-17T11:30:00,node:srvzy,node,17.74,24.16,2.55,-0.14,44.64,46.86,-0.48,0.4,1.0,9.44,47.23,0,normal,
W004463,2026-09-17T11:30:00,guest:101_win11,guest,24.64,28.71,2.77,0.43,61.83,64.48,-0.44,0.13,0.33,12.03,39.71,0,normal,
W004459,2026-09-17T11:30:00,node:dl380-01,node,31.71,38.61,2.43,0.34,57.56,59.46,-0.19,0.46,1.37,14.89,49.0,0,normal,
W004460,2026-09-17T11:30:00,node:dl360-04,node,28.18,33.14,1.88,-0.11,52.28,54.81,0.06,0.37,0.73,12.14,52.13,0,normal,
W004464,2026-09-17T11:30:00,guest:402_NS1,guest,15.5,21.6,1.94,0.33,35.32,36.56,0.68,0.29,1.14,16.07,43.44,0,normal,
W004469,2026-09-17T12:00:00,guest:101_win11,guest,21.8,27.3,2.44,-0.54,57.96,58.41,0.59,0.45,1.26,12.38,43.14,0,normal,
W004470,2026-09-17T12:00:00,guest:402_NS1,guest,19.64,24.44,2.89,0.61,37.97,39.08,0.17,0.54,1.45,20.95,42.33,0,normal,
W004468,2026-09-17T12:00:00,guest:100_AD-Zentyal,guest,24.57,31.38,2.88,-1.13,70.15,72.12,0.01,0.22,1.48,17.91,42.84,0,normal,
W004467,2026-09-17T12:00:00,node:srvzy,node,18.89,22.2,2.98,-0.25,41.73,44.45,0.2,0.37,1.29,11.77,48.49,0,normal,
W004466,2026-09-17T12:00:00,node:dl360-04,node,28.2,33.03,4.15,-0.35,50.8,51.0,-0.43,0.48,0.98,16.22,49.66,0,normal,
W004465,2026-09-17T12:00:00,node:dl380-01,node,30.65,39.78,2.05,1.22,54.51,56.2,0.09,0.37,0.83,9.38,49.29,0,normal,
W004471,2026-09-17T12:30:00,node:dl380-01,node,25.92,29.37,1.83,0.67,58.23,60.37,0.12,0.68,1.15,14.11,47.92,0,normal,
W004472,2026-09-17T12:30:00,node:dl360-04,node,24.82,24.89,3.8,-0.92,51.28,53.71,-0.48,0.13,0.92,13.02,49.68,0,normal,
W004473,2026-09-17T12:30:00,node:srvzy,node,24.05,28.66,2.64,0.07,45.48,47.83,-0.35,0.53,1.14,11.89,45.16,0,normal,
W004474,2026-09-17T12:30:00,guest:100_AD-Zentyal,guest,16.73,20.9,2.9,-1.63,69.81,70.05,-0.31,0.0,1.17,16.29,42.2,0,normal,
W004475,2026-09-17T12:30:00,guest:101_win11,guest,21.95,24.36,2.75,-0.81,58.72,60.65,-0.17,0.05,0.32,10.41,41.51,0,normal,
W004476,2026-09-17T12:30:00,guest:402_NS1,guest,19.24,25.39,3.69,-1.69,37.28,38.5,0.79,0.28,0.85,15.15,42.89,0,normal,
W004482,2026-09-17T13:00:00,guest:402_NS1,guest,21.55,29.34,1.6,0.06,38.53,38.75,0.19,0.32,1.37,11.01,41.78,0,normal,
W004481,2026-09-17T13:00:00,guest:101_win11,guest,29.04,30.94,3.59,-0.48,60.9,63.11,0.5,0.13,1.43,18.54,43.32,0,normal,
W004480,2026-09-17T13:00:00,guest:100_AD-Zentyal,guest,24.37,28.55,3.05,1.83,69.51,72.6,-0.23,0.27,1.24,12.52,41.88,0,normal,
W004477,2026-09-17T13:00:00,node:dl380-01,node,31.4,39.18,4.01,1.1,56.66,60.44,0.19,0.08,0.9,14.18,48.09,0,normal,
W004478,2026-09-17T13:00:00,node:dl360-04,node,30.83,31.19,4.1,0.73,48.62,51.22,0.18,0.59,2.08,20.51,51.48,0,normal,
W004479,2026-09-17T13:00:00,node:srvzy,node,24.62,29.18,3.48,-2.59,41.64,43.2,-0.02,0.33,1.64,12.88,44.96,0,normal,
W004487,2026-09-17T13:30:00,guest:101_win11,guest,26.25,31.99,1.05,1.15,55.1,57.95,0.35,0.77,1.47,13.27,43.08,0,normal,
W004488,2026-09-17T13:30:00,guest:402_NS1,guest,21.69,27.42,1.32,0.67,36.93,37.92,-0.65,0.79,1.93,16.51,42.73,0,normal,
W004486,2026-09-17T13:30:00,guest:100_AD-Zentyal,guest,26.53,33.99,2.83,-1.61,66.24,70.37,0.56,0.47,1.38,11.87,42.65,0,normal,
W004483,2026-09-17T13:30:00,node:dl380-01,node,27.84,29.62,3.33,-0.71,55.74,58.83,-0.14,0.49,0.87,13.79,47.54,0,normal,
W004484,2026-09-17T13:30:00,node:dl360-04,node,31.65,37.02,3.23,0.18,48.43,50.17,-0.61,0.37,1.39,16.81,51.71,0,normal,
W004485,2026-09-17T13:30:00,node:srvzy,node,17.02,23.64,2.91,-0.22,44.09,44.2,0.03,0.28,0.59,16.41,46.16,0,normal,
W004489,2026-09-17T14:00:00,node:dl380-01,node,35.41,38.26,2.7,0.29,55.15,57.05,-0.17,0.15,0.73,9.88,50.59,0,normal,
W004490,2026-09-17T14:00:00,node:dl360-04,node,35.47,38.69,3.61,-0.04,51.98,52.69,-0.22,0.41,0.82,12.77,51.24,0,normal,
W004491,2026-09-17T14:00:00,node:srvzy,node,11.07,18.06,3.14,0.44,45.7,47.25,0.72,0.13,0.84,14.03,47.28,0,normal,
W004492,2026-09-17T14:00:00,guest:100_AD-Zentyal,guest,25.16,30.85,1.82,-0.53,62.98,65.78,-0.41,0.2,0.58,16.71,42.18,0,normal,
W004493,2026-09-17T14:00:00,guest:101_win11,guest,19.45,26.29,1.75,-0.03,61.5,62.51,-0.02,0.15,1.34,15.24,42.97,0,normal,
W004494,2026-09-17T14:00:00,guest:402_NS1,guest,15.66,23.91,3.38,-0.92,37.28,39.86,0.89,0.38,1.18,14.53,42.86,0,normal,
W004499,2026-09-17T14:30:00,guest:101_win11,guest,26.36,27.53,3.56,-0.58,61.97,65.43,0.53,0.29,0.9,13.34,45.95,0,normal,
W004500,2026-09-17T14:30:00,guest:402_NS1,guest,19.26,28.42,2.98,-0.49,36.54,39.73,0.01,0.21,0.69,15.96,42.23,0,normal,
W004498,2026-09-17T14:30:00,guest:100_AD-Zentyal,guest,28.42,35.1,0.5,-1.59,66.86,68.83,0.38,0.28,0.78,17.51,42.49,0,normal,
W004497,2026-09-17T14:30:00,node:srvzy,node,25.25,35.68,0.5,1.46,43.79,44.93,-0.18,0.09,1.1,11.9,48.81,0,normal,
W004496,2026-09-17T14:30:00,node:dl360-04,node,30.87,37.08,3.42,-0.17,52.29,54.57,0.23,0.49,0.91,17.11,51.73,0,normal,
W004495,2026-09-17T14:30:00,node:dl380-01,node,35.69,39.04,3.43,-1.85,58.2,61.14,0.32,0.35,1.31,13.8,47.31,0,normal,
W004501,2026-09-17T15:00:00,node:dl380-01,node,34.81,48.44,3.02,2.16,55.65,58.33,0.5,0.58,1.89,14.88,50.23,0,normal,
W004502,2026-09-17T15:00:00,node:dl360-04,node,26.17,36.99,1.55,1.5,53.81,56.85,0.83,0.51,0.78,16.6,49.06,0,normal,
W004503,2026-09-17T15:00:00,node:srvzy,node,22.41,27.14,3.14,-0.99,42.5,45.01,0.47,0.3,2.03,13.8,47.92,0,normal,
W004504,2026-09-17T15:00:00,guest:100_AD-Zentyal,guest,26.92,31.89,3.81,-1.07,63.2,65.07,-0.1,0.51,0.81,16.4,43.5,0,normal,
W004505,2026-09-17T15:00:00,guest:101_win11,guest,28.86,37.99,2.48,0.06,60.74,62.64,-0.54,0.22,0.91,13.14,42.42,0,normal,
W004506,2026-09-17T15:00:00,guest:402_NS1,guest,20.36,25.53,3.35,1.04,32.65,33.22,-0.96,0.25,0.91,15.28,44.16,0,normal,
W004511,2026-09-17T15:30:00,guest:101_win11,guest,23.43,30.99,2.2,0.5,59.9,60.39,-0.29,0.18,1.06,16.02,41.84,0,normal,
W004510,2026-09-17T15:30:00,guest:100_AD-Zentyal,guest,24.02,31.76,1.6,0.86,63.7,64.12,0.13,0.1,0.68,17.46,43.83,0,normal,
W004512,2026-09-17T15:30:00,guest:402_NS1,guest,19.32,22.4,3.76,-1.54,36.37,37.07,0.09,0.51,0.54,16.79,45.35,0,normal,
W004508,2026-09-17T15:30:00,node:dl360-04,node,31.12,39.7,2.79,0.17,53.47,55.01,0.42,0.7,1.07,14.07,49.81,0,normal,
W004507,2026-09-17T15:30:00,node:dl380-01,node,32.58,36.77,2.5,-0.59,54.27,57.23,0.17,0.59,0.89,9.99,47.49,0,normal,
W004509,2026-09-17T15:30:00,node:srvzy,node,19.35,26.53,0.81,-0.94,45.83,48.05,0.31,0.04,0.87,20.49,45.9,0,normal,
W004517,2026-09-17T16:00:00,guest:101_win11,guest,23.66,29.67,2.53,-0.97,60.58,62.8,-0.79,0.46,1.03,16.75,45.72,0,normal,
W004516,2026-09-17T16:00:00,guest:100_AD-Zentyal,guest,21.32,32.12,2.59,-0.33,65.33,67.01,0.57,0.16,0.72,16.13,41.04,0,normal,
W004518,2026-09-17T16:00:00,guest:402_NS1,guest,18.69,22.76,3.88,-1.01,40.14,41.67,-0.25,0.77,1.72,19.2,42.56,0,normal,
W004514,2026-09-17T16:00:00,node:dl360-04,node,37.19,40.97,2.33,-1.22,48.46,49.58,-0.34,0.17,1.22,14.29,53.11,0,normal,
W004513,2026-09-17T16:00:00,node:dl380-01,node,32.38,36.36,2.46,-0.65,60.27,63.1,0.36,0.73,2.07,13.97,48.64,0,normal,
W004515,2026-09-17T16:00:00,node:srvzy,node,22.46,28.99,2.21,2.34,42.97,45.89,-0.47,0.25,1.85,16.39,44.5,0,normal,
W004519,2026-09-17T16:30:00,node:dl380-01,node,31.59,34.36,3.51,0.46,56.53,59.12,0.02,0.11,1.06,13.76,49.71,0,normal,
W004520,2026-09-17T16:30:00,node:dl360-04,node,27.95,32.54,1.96,-1.06,50.79,53.22,-0.3,0.06,1.18,13.92,52.75,0,normal,
W004521,2026-09-17T16:30:00,node:srvzy,node,21.16,25.44,0.76,-1.36,42.16,44.44,-0.04,0.09,0.41,15.72,47.91,0,normal,
W004522,2026-09-17T16:30:00,guest:100_AD-Zentyal,guest,28.3,31.41,3.53,0.68,67.74,69.13,-0.05,0.67,2.14,14.19,42.89,0,normal,
W004523,2026-09-17T16:30:00,guest:101_win11,guest,19.25,28.86,3.25,0.41,58.65,60.71,0.59,0.37,2.23,16.76,41.22,0,normal,
W004524,2026-09-17T16:30:00,guest:402_NS1,guest,17.49,21.36,3.36,1.38,39.82,41.49,0.19,0.56,1.98,10.64,43.53,0,normal,
W004528,2026-09-17T17:00:00,guest:100_AD-Zentyal,guest,27.66,33.15,1.01,-1.59,69.49,69.86,-0.58,0.21,0.46,15.13,43.04,0,normal,
W004527,2026-09-17T17:00:00,node:srvzy,node,18.83,25.29,1.73,-0.98,42.67,43.98,0.42,0.42,0.53,18.71,47.08,0,normal,
W004529,2026-09-17T17:00:00,guest:101_win11,guest,27.1,31.26,2.79,2.14,56.83,59.95,0.32,0.28,1.15,14.61,40.66,0,normal,
W004525,2026-09-17T17:00:00,node:dl380-01,node,26.48,30.68,1.19,-0.75,53.8,54.62,-0.36,0.36,1.17,8.6,52.23,0,normal,
W004526,2026-09-17T17:00:00,node:dl360-04,node,25.95,27.96,3.08,-0.01,49.95,52.34,-0.27,0.24,1.63,13.91,52.04,0,normal,
W004530,2026-09-17T17:00:00,guest:402_NS1,guest,11.94,20.66,1.26,-1.31,35.49,37.77,-0.2,0.16,1.34,12.54,40.92,0,normal,
W004535,2026-09-17T17:30:00,guest:101_win11,guest,25.05,35.01,1.96,-1.8,58.95,61.7,0.41,0.32,0.87,13.4,41.14,0,normal,
W004536,2026-09-17T17:30:00,guest:402_NS1,guest,9.59,13.03,3.01,-0.32,35.86,38.97,-0.39,0.13,1.06,11.4,41.05,0,normal,
W004534,2026-09-17T17:30:00,guest:100_AD-Zentyal,guest,23.47,32.64,2.79,-0.63,67.76,68.88,0.62,0.5,1.18,12.98,42.32,0,normal,
W004533,2026-09-17T17:30:00,node:srvzy,node,26.06,30.98,1.48,0.44,43.93,46.42,-0.42,0.19,1.44,14.76,47.33,0,normal,
W004532,2026-09-17T17:30:00,node:dl360-04,node,26.43,30.23,1.53,1.21,49.85,50.1,-0.14,0.71,1.08,10.84,50.52,0,normal,
W004531,2026-09-17T17:30:00,node:dl380-01,node,32.04,38.21,2.53,0.53,56.17,59.01,-0.57,0.55,0.98,8.63,46.94,0,normal,
W004537,2026-09-17T18:00:00,node:dl380-01,node,34.42,37.21,1.77,0.53,55.91,56.54,0.71,0.14,0.84,13.81,50.74,0,normal,
W004538,2026-09-17T18:00:00,node:dl360-04,node,24.57,27.81,3.0,2.51,51.24,52.96,0.16,0.12,0.67,7.02,49.96,0,normal,
W004539,2026-09-17T18:00:00,node:srvzy,node,17.2,19.12,2.68,0.74,42.65,43.12,0.51,0.68,1.64,11.44,44.99,0,normal,
W004540,2026-09-17T18:00:00,guest:100_AD-Zentyal,guest,23.52,29.79,2.94,0.54,64.67,65.85,-0.11,0.39,0.57,11.81,41.45,0,normal,
W004541,2026-09-17T18:00:00,guest:101_win11,guest,22.3,32.5,3.73,0.5,62.19,65.07,0.05,0.2,0.85,13.64,40.94,0,normal,
W004542,2026-09-17T18:00:00,guest:402_NS1,guest,10.69,15.55,3.53,-3.09,38.53,41.1,-0.09,0.36,1.54,12.6,42.92,0,normal,
W004543,2026-09-17T18:30:00,node:dl380-01,node,31.98,38.5,1.39,-0.12,52.33,54.77,-0.17,0.18,1.24,8.69,47.67,0,normal,
W004544,2026-09-17T18:30:00,node:dl360-04,node,24.81,30.27,2.78,2.19,51.72,55.08,0.56,0.45,0.52,11.78,48.86,0,normal,
W004545,2026-09-17T18:30:00,node:srvzy,node,29.02,32.01,1.0,-3.32,41.13,43.26,0.43,0.09,1.35,12.31,44.77,0,normal,
W004546,2026-09-17T18:30:00,guest:100_AD-Zentyal,guest,22.6,32.86,2.55,-1.33,66.76,69.17,-0.08,0.5,0.62,13.57,42.68,0,normal,
W004547,2026-09-17T18:30:00,guest:101_win11,guest,18.93,20.48,3.5,1.41,61.45,62.75,0.08,0.37,0.48,12.97,41.71,0,normal,
W004548,2026-09-17T18:30:00,guest:402_NS1,guest,18.61,22.89,3.75,0.1,39.08,41.82,0.11,0.06,0.34,17.3,42.82,0,normal,
W004554,2026-09-17T19:00:00,guest:402_NS1,guest,15.42,17.37,2.61,0.91,35.88,38.46,-0.11,0.29,1.07,11.85,39.91,0,normal,
W004553,2026-09-17T19:00:00,guest:101_win11,guest,20.77,30.23,3.31,0.12,56.9,57.54,-0.38,0.3,1.12,9.34,42.09,0,normal,
W004552,2026-09-17T19:00:00,guest:100_AD-Zentyal,guest,21.65,27.41,2.02,-0.43,65.23,67.45,0.11,0.03,0.9,10.21,39.26,0,normal,
W004550,2026-09-17T19:00:00,node:dl360-04,node,19.61,27.39,2.05,-0.77,50.92,53.64,0.32,0.31,0.43,14.16,48.57,0,normal,
W004549,2026-09-17T19:00:00,node:dl380-01,node,26.07,30.82,2.72,-1.61,54.68,57.29,0.3,0.23,1.67,14.43,45.62,0,normal,
W004551,2026-09-17T19:00:00,node:srvzy,node,18.15,23.78,4.74,2.47,41.69,42.35,-0.51,0.35,0.94,7.96,43.99,0,normal,
W004560,2026-09-17T19:30:00,guest:402_NS1,guest,10.26,15.08,2.58,-1.99,41.18,42.57,0.24,0.6,1.52,7.61,40.93,0,normal,
W004555,2026-09-17T19:30:00,node:dl380-01,node,30.89,41.16,1.97,-1.4,53.1,55.5,0.24,0.38,1.38,9.59,43.79,0,normal,
W004556,2026-09-17T19:30:00,node:dl360-04,node,22.33,33.29,2.76,0.51,52.15,53.31,0.09,0.4,0.83,12.39,51.72,0,normal,
W004557,2026-09-17T19:30:00,node:srvzy,node,15.67,16.5,2.67,-0.79,42.84,44.0,0.02,0.55,1.33,6.35,45.34,0,normal,
W004558,2026-09-17T19:30:00,guest:100_AD-Zentyal,guest,20.14,26.78,3.47,-0.63,65.0,65.97,0.08,0.33,1.03,13.54,39.22,0,normal,
W004559,2026-09-17T19:30:00,guest:101_win11,guest,22.51,30.32,1.96,-1.65,55.47,57.62,0.68,0.18,1.16,4.02,41.34,0,normal,
W004561,2026-09-17T20:00:00,node:dl380-01,node,18.57,23.58,4.18,-1.69,53.52,57.37,-0.07,0.12,1.08,8.59,41.93,0,normal,
W004562,2026-09-17T20:00:00,node:dl360-04,node,17.24,29.41,2.83,1.76,48.15,50.09,-0.07,0.19,1.07,6.66,50.81,0,normal,
W004563,2026-09-17T20:00:00,node:srvzy,node,16.64,22.11,2.63,-0.36,38.9,39.91,-0.07,0.23,1.29,11.68,43.16,0,normal,
W004564,2026-09-17T20:00:00,guest:100_AD-Zentyal,guest,14.65,22.92,2.69,-0.75,62.94,64.27,0.16,0.64,1.35,7.5,43.24,0,normal,
W004565,2026-09-17T20:00:00,guest:101_win11,guest,18.7,22.32,2.09,-0.55,60.29,60.61,0.24,0.3,0.88,8.99,39.62,0,normal,
W004566,2026-09-17T20:00:00,guest:402_NS1,guest,12.31,16.95,2.43,-0.93,38.93,41.94,0.2,0.21,1.34,10.9,40.18,0,normal,
W004571,2026-09-17T20:30:00,guest:101_win11,guest,19.34,27.49,3.58,0.47,57.11,60.42,-0.11,0.25,1.25,9.1,39.66,0,normal,
W004572,2026-09-17T20:30:00,guest:402_NS1,guest,10.69,16.15,2.7,-2.37,34.82,35.06,-0.16,0.37,1.04,12.11,40.52,0,normal,
W004570,2026-09-17T20:30:00,guest:100_AD-Zentyal,guest,18.14,24.28,2.32,-0.64,63.48,64.44,0.17,0.52,0.82,9.82,41.18,0,normal,
W004567,2026-09-17T20:30:00,node:dl380-01,node,23.13,29.96,4.18,0.1,54.53,56.62,0.02,0.19,0.69,12.38,47.81,0,normal,
W004568,2026-09-17T20:30:00,node:dl360-04,node,29.93,37.31,2.62,1.08,48.37,51.01,0.42,0.5,1.97,8.2,48.26,0,normal,
W004569,2026-09-17T20:30:00,node:srvzy,node,14.25,16.9,3.04,0.81,43.01,45.16,0.4,0.42,0.97,1.15,43.5,0,normal,
W004573,2026-09-17T21:00:00,node:dl380-01,node,15.38,24.98,2.75,-0.68,53.64,53.72,0.09,0.43,0.96,5.99,45.43,0,normal,
W004574,2026-09-17T21:00:00,node:dl360-04,node,24.11,33.38,3.33,2.42,51.15,54.3,0.03,0.23,1.48,5.76,48.86,0,normal,
W004575,2026-09-17T21:00:00,node:srvzy,node,10.8,17.82,2.77,0.2,41.45,43.98,0.28,0.02,0.8,7.45,43.51,0,normal,
W004576,2026-09-17T21:00:00,guest:100_AD-Zentyal,guest,14.47,24.3,2.43,1.18,62.77,64.49,-0.25,0.38,0.7,3.58,38.29,0,normal,
W004577,2026-09-17T21:00:00,guest:101_win11,guest,19.89,23.46,2.77,-0.78,54.33,57.18,0.26,0.29,1.11,8.08,37.67,0,normal,
W004578,2026-09-17T21:00:00,guest:402_NS1,guest,14.5,20.2,2.86,-0.6,35.28,38.42,0.07,0.37,1.52,10.83,40.79,0,normal,
W004584,2026-09-17T21:30:00,guest:402_NS1,guest,9.93,12.87,3.46,-0.91,34.74,37.62,-0.37,0.6,1.85,9.77,41.85,0,normal,
W004583,2026-09-17T21:30:00,guest:101_win11,guest,22.05,32.4,3.25,2.3,57.85,60.95,-0.23,0.01,0.69,8.33,43.1,0,normal,
W004582,2026-09-17T21:30:00,guest:100_AD-Zentyal,guest,15.36,19.89,3.18,-0.55,63.41,66.35,0.22,0.05,0.32,5.38,39.18,0,normal,
W004579,2026-09-17T21:30:00,node:dl380-01,node,24.05,31.01,2.74,1.04,53.71,56.24,0.92,0.37,0.69,7.84,46.15,0,normal,
W004580,2026-09-17T21:30:00,node:dl360-04,node,17.58,20.65,1.12,-0.25,52.38,53.85,0.35,0.24,0.89,10.26,45.92,0,normal,
W004581,2026-09-17T21:30:00,node:srvzy,node,18.77,26.38,3.55,-0.31,42.38,45.31,-0.04,0.13,0.55,7.44,43.56,0,normal,
W004589,2026-09-17T22:00:00,guest:101_win11,guest,18.34,30.27,2.51,-0.27,57.85,60.03,0.1,0.26,0.96,4.49,39.42,0,normal,
W004590,2026-09-17T22:00:00,guest:402_NS1,guest,4.36,7.91,1.3,-0.39,34.05,34.95,-0.11,0.33,0.5,5.22,41.21,0,normal,
W004588,2026-09-17T22:00:00,guest:100_AD-Zentyal,guest,15.29,25.83,1.66,0.01,65.11,68.39,-0.86,0.02,0.84,10.86,37.78,0,normal,
W004585,2026-09-17T22:00:00,node:dl380-01,node,19.66,28.04,2.78,-0.77,52.91,56.94,0.42,0.48,1.03,9.62,43.95,0,normal,
W004586,2026-09-17T22:00:00,node:dl360-04,node,23.94,33.58,3.42,0.98,48.84,51.33,0.62,0.39,0.86,11.26,46.48,0,normal,
W004587,2026-09-17T22:00:00,node:srvzy,node,10.9,15.48,0.5,0.21,44.91,47.23,1.19,0.27,1.16,7.19,42.59,0,normal,
W004591,2026-09-17T22:30:00,node:dl380-01,node,18.52,26.65,1.99,0.24,52.56,52.66,-0.18,0.39,1.46,7.93,43.33,0,normal,
W004592,2026-09-17T22:30:00,node:dl360-04,node,21.22,25.05,1.84,-1.18,48.24,49.94,0.12,0.03,0.65,5.1,48.14,0,normal,
W004593,2026-09-17T22:30:00,node:srvzy,node,12.06,14.97,2.99,-0.06,42.43,43.78,0.24,0.47,1.3,13.79,43.24,0,normal,
W004594,2026-09-17T22:30:00,guest:100_AD-Zentyal,guest,20.17,33.74,0.83,1.38,64.93,67.17,-0.26,0.12,0.5,14.17,39.23,0,normal,
W004595,2026-09-17T22:30:00,guest:101_win11,guest,11.24,14.09,0.5,1.43,57.08,59.59,0.0,0.49,1.13,8.39,38.91,0,normal,
W004596,2026-09-17T22:30:00,guest:402_NS1,guest,3.94,7.77,2.2,0.39,36.5,38.61,-0.04,0.36,1.1,7.43,40.77,0,normal,
W004601,2026-09-17T23:00:00,guest:101_win11,guest,14.38,21.29,1.12,0.71,56.96,59.17,-0.05,0.25,1.07,6.75,36.11,0,normal,
W004602,2026-09-17T23:00:00,guest:402_NS1,guest,11.86,15.77,2.57,1.4,32.97,35.21,-0.88,0.1,0.89,7.03,39.54,0,normal,
W004600,2026-09-17T23:00:00,guest:100_AD-Zentyal,guest,11.12,17.67,3.66,-1.31,62.1,63.6,-0.31,0.2,0.62,7.72,37.15,0,normal,
W004597,2026-09-17T23:00:00,node:dl380-01,node,18.56,25.35,1.86,1.51,51.95,53.87,0.39,0.13,1.27,0.32,42.24,0,normal,
W004598,2026-09-17T23:00:00,node:dl360-04,node,16.01,29.24,2.65,0.2,50.65,51.57,-1.21,0.65,1.69,5.13,46.96,0,normal,
W004599,2026-09-17T23:00:00,node:srvzy,node,13.03,18.64,2.64,2.44,38.35,40.86,-0.49,0.61,1.53,4.4,39.63,0,normal,
W004603,2026-09-17T23:30:00,node:dl380-01,node,22.15,23.37,3.77,-1.43,55.14,56.69,1.09,0.18,0.95,6.94,43.51,0,normal,
W004604,2026-09-17T23:30:00,node:dl360-04,node,12.85,25.47,1.89,-0.78,48.39,50.58,-0.27,0.49,1.35,6.52,47.72,0,normal,
W004605,2026-09-17T23:30:00,node:srvzy,node,6.37,10.62,2.48,1.12,40.15,41.83,-0.84,0.16,0.3,2.26,42.43,0,normal,
W004606,2026-09-17T23:30:00,guest:100_AD-Zentyal,guest,23.96,30.54,2.83,-0.91,61.7,65.75,-0.32,0.1,1.0,5.18,38.77,0,normal,
W004607,2026-09-17T23:30:00,guest:101_win11,guest,19.83,26.94,2.73,0.79,61.45,65.73,-0.13,0.49,2.0,8.54,37.78,0,normal,
W004608,2026-09-17T23:30:00,guest:402_NS1,guest,4.6,10.9,1.36,1.07,36.09,37.69,-0.18,0.09,1.08,6.43,35.71,0,normal,
